,pa_id,poi_common_id,poi_branch,poi_addr_city,poi_postcode,poi_city,poi_addr_street,poi_addr_housenumber,poi_conscriptionnumber,poi_geom,original,poi_website,poi_ref,poi_phone,poi_email,poi_opening_hours_nonstop,poi_opening_hours_mo_open,poi_opening_hours_tu_open,poi_opening_hours_we_open,poi_opening_hours_th_open,poi_opening_hours_fr_open,poi_opening_hours_sa_open,poi_opening_hours_su_open,poi_opening_hours_mo_close,poi_opening_hours_tu_close,poi_opening_hours_we_close,poi_opening_hours_th_close,poi_opening_hours_fr_close,poi_opening_hours_sa_close,poi_opening_hours_su_close,poi_hash,poi_created,poi_updated,poi_deleted,poi_lat,poi_lon,pc_id,poi_name,poi_type,poi_tags,poi_url_base,poi_code
1716,1858,13,,2401,6100,Kiskunfélegyháza,,,0465/28,POINT (46.67554 19.82037),"M5 114 km Halesz, 0465/28 hrsz",,,,,True,,,,,,,,,,,,,,,,2018-06-14 18:06:06.062009+00:00,,,46.67554,19.82037,13,OMV,fuel,"{'amenity': 'fuel', 'brand': 'OMV', 'operator': 'OMV Hungária Kft.', 'payment:cash': 'yes', 'payment:debit_cards': 'yes', 'fuel:diesel': 'yes', 'fuel:octane_95': 'yes'}",https://www.omv.hu,huomvfu
1717,1859,13,,967,2700,Cegléd,Külső Jászberényi út,,0825/263,POINT (47.19392 19.81123),Külső Jászberényi út HRSZ 0825/263,,,,,,05:00:00,05:00:00,05:00:00,05:00:00,05:00:00,05:00:00,05:00:00,23:00:00,23:00:00,23:00:00,23:00:00,23:00:00,23:00:00,23:00:00,,2018-06-14 18:06:06.062009+00:00,,,47.19392,19.81123,13,OMV,fuel,"{'amenity': 'fuel', 'brand': 'OMV', 'operator': 'OMV Hungária Kft.', 'payment:cash': 'yes', 'payment:debit_cards': 'yes', 'fuel:diesel': 'yes', 'fuel:octane_95': 'yes'}",https://www.omv.hu,huomvfu
1718,1860,13,,2515,6640,Csongrád,Fő utca,65,,POINT (46.71348 20.13382),Fő utca 65.,,,302256539.0,,True,,,,,,,,,,,,,,,,2018-06-14 18:06:06.062009+00:00,,,46.71348,20.13382,13,OMV,fuel,"{'amenity': 'fuel', 'brand': 'OMV', 'operator': 'OMV Hungária Kft.', 'payment:cash': 'yes', 'payment:debit_cards': 'yes', 'fuel:diesel': 'yes', 'fuel:octane_95': 'yes'}",https://www.omv.hu,huomvfu
1719,1861,13,,1463,3711,Szirmabesenyő,,,,POINT (48.1391 20.77871),külterület 0119/19,,,,,,,,,,,,,,,,,,,,,2018-06-14 18:06:06.062009+00:00,,,48.1391,20.77871,13,OMV,fuel,"{'amenity': 'fuel', 'brand': 'OMV', 'operator': 'OMV Hungária Kft.', 'payment:cash': 'yes', 'payment:debit_cards': 'yes', 'fuel:diesel': 'yes', 'fuel:octane_95': 'yes'}",https://www.omv.hu,huomvfu
1720,1862,13,,2512,6630,Mindszent,Napkelet utca,3/b,,POINT (46.52598 20.19284),Napkelet utca 3/b,,,302256551.0,,True,,,,,,,,,,,,,,,,2018-06-14 18:06:06.062009+00:00,,,46.52598,20.19284,13,OMV,fuel,"{'amenity': 'fuel', 'brand': 'OMV', 'operator': 'OMV Hungária Kft.', 'payment:cash': 'yes', 'payment:debit_cards': 'yes', 'fuel:diesel': 'yes', 'fuel:octane_95': 'yes'}",https://www.omv.hu,huomvfu
1721,1863,13,,1190,3214,Nagyréde,,,237/3,POINT (47.74106 19.87001),Külterület 237/3 hrsz,,,,,,05:00:00,05:00:00,05:00:00,05:00:00,05:00:00,05:00:00,05:00:00,21:00:00,21:00:00,21:00:00,21:00:00,21:00:00,21:00:00,21:00:00,,2018-06-14 18:06:06.062009+00:00,,,47.74106,19.87001,13,OMV,fuel,"{'amenity': 'fuel', 'brand': 'OMV', 'operator': 'OMV Hungária Kft.', 'payment:cash': 'yes', 'payment:debit_cards': 'yes', 'fuel:diesel': 'yes', 'fuel:octane_95': 'yes'}",https://www.omv.hu,huomvfu
1722,1864,13,,113,1118,Budapest,Budaőrsi út,112,,POINT (47.4653 19.01381),Budaőrsi út 112,,,36.0,,True,,,,,,,,,,,,,,,,2018-06-14 18:06:06.062009+00:00,,,47.4653,19.01381,13,OMV,fuel,"{'amenity': 'fuel', 'brand': 'OMV', 'operator': 'OMV Hungária Kft.', 'payment:cash': 'yes', 'payment:debit_cards': 'yes', 'fuel:diesel': 'yes', 'fuel:octane_95': 'yes'}",https://www.omv.hu,huomvfu
1723,1865,13,,756,2310,Szigetszentmiklós,,,,POINT (47.3793 19.0528),M 0 19. km,,,3624539560.0,,True,,,,,,,,,,,,,,,,2018-06-14 18:06:06.062009+00:00,,,47.3793,19.0528,13,OMV,fuel,"{'amenity': 'fuel', 'brand': 'OMV', 'operator': 'OMV Hungária Kft.', 'payment:cash': 'yes', 'payment:debit_cards': 'yes', 'fuel:diesel': 'yes', 'fuel:octane_95': 'yes'}",https://www.omv.hu,huomvfu
1724,1866,13,,2547,6728,Szeged,Dorozsmai út,1,,POINT (46.2653 20.1185),Dorozsmai út 1,,,3662488426.0,,True,,,,,,,,,,,,,,,,2018-06-14 18:06:06.062009+00:00,,,46.2653,20.1185,13,OMV,fuel,"{'amenity': 'fuel', 'brand': 'OMV', 'operator': 'OMV Hungária Kft.', 'payment:cash': 'yes', 'payment:debit_cards': 'yes', 'fuel:diesel': 'yes', 'fuel:octane_95': 'yes'}",https://www.omv.hu,huomvfu
1725,1867,13,,4210,9400,Sopron,Csengeri út,93,,POINT (47.6765 16.5966),Csengeri út 93,,,3699508937.0,,True,,,,,,,,,,,,,,,,2018-06-14 18:06:06.062009+00:00,,,47.6765,16.5966,13,OMV,fuel,"{'amenity': 'fuel', 'brand': 'OMV', 'operator': 'OMV Hungária Kft.', 'payment:cash': 'yes', 'payment:debit_cards': 'yes', 'fuel:diesel': 'yes', 'fuel:octane_95': 'yes'}",https://www.omv.hu,huomvfu
1726,1868,13,,140,1152,Budapest,Széchenyi tér,1,,POINT (47.5605 19.1211),Széchenyi tér 1,,,36.0,,True,,,,,,,,,,,,,,,,2018-06-14 18:06:06.062009+00:00,,,47.5605,19.1211,13,OMV,fuel,"{'amenity': 'fuel', 'brand': 'OMV', 'operator': 'OMV Hungária Kft.', 'payment:cash': 'yes', 'payment:debit_cards': 'yes', 'fuel:diesel': 'yes', 'fuel:octane_95': 'yes'}",https://www.omv.hu,huomvfu
1727,1869,13,,3344,8175,Balatonfűzfő,Árpád út,1,,POINT (47.06859 18.03728),Árpád út 1,,,3688586041.0,,,06:00:00,06:00:00,06:00:00,06:00:00,06:00:00,06:00:00,06:00:00,22:00:00,22:00:00,22:00:00,22:00:00,22:00:00,22:00:00,22:00:00,,2018-06-14 18:06:06.062009+00:00,,,47.06859,18.03728,13,OMV,fuel,"{'amenity': 'fuel', 'brand': 'OMV', 'operator': 'OMV Hungária Kft.', 'payment:cash': 'yes', 'payment:debit_cards': 'yes', 'fuel:diesel': 'yes', 'fuel:octane_95': 'yes'}",https://www.omv.hu,huomvfu
1728,1870,13,,2290,5630,Békés,Kossuth Lajos út,4,,POINT (46.77333 21.12472),Kossuth L. út 4,,,3666411849.0,,,06:00:00,06:00:00,06:00:00,06:00:00,06:00:00,06:00:00,06:00:00,22:00:00,22:00:00,22:00:00,22:00:00,22:00:00,22:00:00,22:00:00,,2018-06-14 18:06:06.062009+00:00,,,46.77333,21.12472,13,OMV,fuel,"{'amenity': 'fuel', 'brand': 'OMV', 'operator': 'OMV Hungária Kft.', 'payment:cash': 'yes', 'payment:debit_cards': 'yes', 'fuel:diesel': 'yes', 'fuel:octane_95': 'yes'}",https://www.omv.hu,huomvfu
1729,1871,13,,86,1086,Budapest,Teleki tér,,,POINT (47.49362 19.08559),Teleki tér,,,36.0,,True,,,,,,,,,,,,,,,,2018-06-14 18:06:06.062009+00:00,,,47.49362,19.08559,13,OMV,fuel,"{'amenity': 'fuel', 'brand': 'OMV', 'operator': 'OMV Hungária Kft.', 'payment:cash': 'yes', 'payment:debit_cards': 'yes', 'fuel:diesel': 'yes', 'fuel:octane_95': 'yes'}",https://www.omv.hu,huomvfu
1730,1872,13,,104,1107,Budapest,Üllői utca,110,,POINT (47.4722 19.10921),Üllői u. 110.,,,36.0,,True,,,,,,,,,,,,,,,,2018-06-14 18:06:06.062009+00:00,,,47.4722,19.10921,13,OMV,fuel,"{'amenity': 'fuel', 'brand': 'OMV', 'operator': 'OMV Hungária Kft.', 'payment:cash': 'yes', 'payment:debit_cards': 'yes', 'fuel:diesel': 'yes', 'fuel:octane_95': 'yes'}",https://www.omv.hu,huomvfu
1731,1873,13,,801,2400,Dunaújváros,Aranyvölgyi út,,,POINT (46.96694 18.93633),Aranyvölgyi út,,,3625410534.0,,,05:00:00,05:00:00,05:00:00,05:00:00,05:00:00,05:00:00,05:00:00,22:00:00,22:00:00,22:00:00,22:00:00,22:00:00,22:00:00,22:00:00,,2018-06-14 18:06:06.062009+00:00,,,46.96694,18.93633,13,OMV,fuel,"{'amenity': 'fuel', 'brand': 'OMV', 'operator': 'OMV Hungária Kft.', 'payment:cash': 'yes', 'payment:debit_cards': 'yes', 'fuel:diesel': 'yes', 'fuel:octane_95': 'yes'}",https://www.omv.hu,huomvfu
1732,1874,13,,696,2151,Fót,Szabó Dezső utca,2/b,,POINT (47.61617 19.19758),Szabó Dezső utca 2/B,,,3627358184.0,,True,,,,,,,,,,,,,,,,2018-06-14 18:06:06.062009+00:00,,,47.61617,19.19758,13,OMV,fuel,"{'amenity': 'fuel', 'brand': 'OMV', 'operator': 'OMV Hungária Kft.', 'payment:cash': 'yes', 'payment:debit_cards': 'yes', 'fuel:diesel': 'yes', 'fuel:octane_95': 'yes'}",https://www.omv.hu,huomvfu
1733,1875,13,,1840,4200,Hajdúszoboszló,Hóvirág utca,2,,POINT (47.4519 21.41262),Hóvirág u. 2.,,,3652360954.0,,,05:00:00,05:00:00,05:00:00,05:00:00,05:00:00,05:00:00,05:00:00,22:00:00,22:00:00,22:00:00,22:00:00,22:00:00,22:00:00,22:00:00,,2018-06-14 18:06:06.062009+00:00,,,47.4519,21.41262,13,OMV,fuel,"{'amenity': 'fuel', 'brand': 'OMV', 'operator': 'OMV Hungária Kft.', 'payment:cash': 'yes', 'payment:debit_cards': 'yes', 'fuel:diesel': 'yes', 'fuel:octane_95': 'yes'}",https://www.omv.hu,huomvfu
1734,1876,13,,2589,6800,Hódmezővásárhely,Kutasi út,17,,POINT (46.4251 20.338),Kutasi út 17.,,,3662246710.0,,,06:00:00,06:00:00,06:00:00,06:00:00,06:00:00,06:00:00,06:00:00,22:00:00,22:00:00,22:00:00,22:00:00,22:00:00,22:00:00,22:00:00,,2018-06-14 18:06:06.062009+00:00,,,46.4251,20.338,13,OMV,fuel,"{'amenity': 'fuel', 'brand': 'OMV', 'operator': 'OMV Hungária Kft.', 'payment:cash': 'yes', 'payment:debit_cards': 'yes', 'fuel:diesel': 'yes', 'fuel:octane_95': 'yes'}",https://www.omv.hu,huomvfu
1735,1877,13,,3355,8200,Veszprém,Külső - Kádártai utca,2,,POINT (47.10474 17.93062),Külső - Kádártai u. 2.,,,3688428900.0,,,06:00:00,06:00:00,06:00:00,06:00:00,06:00:00,06:00:00,06:00:00,22:00:00,22:00:00,22:00:00,22:00:00,22:00:00,22:00:00,22:00:00,,2018-06-14 18:06:06.062009+00:00,,,47.10474,17.93062,13,OMV,fuel,"{'amenity': 'fuel', 'brand': 'OMV', 'operator': 'OMV Hungária Kft.', 'payment:cash': 'yes', 'payment:debit_cards': 'yes', 'fuel:diesel': 'yes', 'fuel:octane_95': 'yes'}",https://www.omv.hu,huomvfu
1736,1878,13,,3887,8900,Zalaegerszeg,Göcseji utca,26,,POINT (46.83493 16.83081),Göcseji u. 26,,,3692510160.0,,True,,,,,,,,,,,,,,,,2018-06-14 18:06:06.062009+00:00,,,46.83493,16.83081,13,OMV,fuel,"{'amenity': 'fuel', 'brand': 'OMV', 'operator': 'OMV Hungária Kft.', 'payment:cash': 'yes', 'payment:debit_cards': 'yes', 'fuel:diesel': 'yes', 'fuel:octane_95': 'yes'}",https://www.omv.hu,huomvfu
1737,1879,13,,0,2941,Bábolna,M1 autópálya,93,,POINT (47.68203 17.97982),M1 autópálya 93. kmsz,,,3634385992.0,,True,,,,,,,,,,,,,,,,2018-06-14 18:06:06.062009+00:00,,,47.68203,17.97982,13,OMV,fuel,"{'amenity': 'fuel', 'brand': 'OMV', 'operator': 'OMV Hungária Kft.', 'payment:cash': 'yes', 'payment:debit_cards': 'yes', 'fuel:diesel': 'yes', 'fuel:octane_95': 'yes'}",https://www.omv.hu,huomvfu
1738,1880,13,,148,1162,Budapest,Szlovák út - Csömöri út sarok,,,POINT (47.53493 19.18064),Szlovák út - Csömöri út sarok,,,36.0,,,06:00:00,06:00:00,06:00:00,06:00:00,06:00:00,06:00:00,06:00:00,22:00:00,22:00:00,22:00:00,22:00:00,22:00:00,22:00:00,22:00:00,,2018-06-14 18:06:06.062009+00:00,,,47.53493,19.18064,13,OMV,fuel,"{'amenity': 'fuel', 'brand': 'OMV', 'operator': 'OMV Hungária Kft.', 'payment:cash': 'yes', 'payment:debit_cards': 'yes', 'fuel:diesel': 'yes', 'fuel:octane_95': 'yes'}",https://www.omv.hu,huomvfu
1739,1881,13,,103,1106,Budapest,Maglódi út - Jászberényi út sarok,,,POINT (47.49 19.1506),Maglódi út - Jászberényi út sarok,,,36.0,,,05:00:00,05:00:00,05:00:00,05:00:00,05:00:00,05:00:00,05:00:00,22:00:00,22:00:00,22:00:00,22:00:00,22:00:00,22:00:00,22:00:00,,2018-06-14 18:06:06.062009+00:00,,,47.49,19.1506,13,OMV,fuel,"{'amenity': 'fuel', 'brand': 'OMV', 'operator': 'OMV Hungária Kft.', 'payment:cash': 'yes', 'payment:debit_cards': 'yes', 'fuel:diesel': 'yes', 'fuel:octane_95': 'yes'}",https://www.omv.hu,huomvfu
1740,1882,13,,112,1117,Budapest,Irinyi utca,34-36,,POINT (47.4741 19.05421),Irinyi u. 34-36,,,3613610354.0,,True,,,,,,,,,,,,,,,,2018-06-14 18:06:06.062009+00:00,,,47.4741,19.05421,13,OMV,fuel,"{'amenity': 'fuel', 'brand': 'OMV', 'operator': 'OMV Hungária Kft.', 'payment:cash': 'yes', 'payment:debit_cards': 'yes', 'fuel:diesel': 'yes', 'fuel:octane_95': 'yes'}",https://www.omv.hu,huomvfu
1741,1883,13,,96,1097,Budapest,Határ utca,,,POINT (47.44249 19.09408),Határ u.,,,36.0,,True,,,,,,,,,,,,,,,,2018-06-14 18:06:06.062009+00:00,,,47.44249,19.09408,13,OMV,fuel,"{'amenity': 'fuel', 'brand': 'OMV', 'operator': 'OMV Hungária Kft.', 'payment:cash': 'yes', 'payment:debit_cards': 'yes', 'fuel:diesel': 'yes', 'fuel:octane_95': 'yes'}",https://www.omv.hu,huomvfu
1742,1884,13,,38,1026,Budapest,Szilágyi Erzsébet fasor,51,,POINT (47.51012 19.01121),Szilágyi Erzsébet fasor 51,,,36.0,,True,,,,,,,,,,,,,,,,2018-06-14 18:06:06.062009+00:00,,,47.51012,19.01121,13,OMV,fuel,"{'amenity': 'fuel', 'brand': 'OMV', 'operator': 'OMV Hungária Kft.', 'payment:cash': 'yes', 'payment:debit_cards': 'yes', 'fuel:diesel': 'yes', 'fuel:octane_95': 'yes'}",https://www.omv.hu,huomvfu
1743,1885,13,,54,1044,Budapest,Váci út,77,,POINT (47.5743 19.0816),Váci út 77,,,36.0,,True,,,,,,,,,,,,,,,,2018-06-14 18:06:06.062009+00:00,,,47.5743,19.0816,13,OMV,fuel,"{'amenity': 'fuel', 'brand': 'OMV', 'operator': 'OMV Hungária Kft.', 'payment:cash': 'yes', 'payment:debit_cards': 'yes', 'fuel:diesel': 'yes', 'fuel:octane_95': 'yes'}",https://www.omv.hu,huomvfu
1744,1886,13,,85,1085,Budapest,Baross utca,,,POINT (47.4891 19.0638),Baross u.,,,36.0,,True,,,,,,,,,,,,,,,,2018-06-14 18:06:06.062009+00:00,,,47.4891,19.0638,13,OMV,fuel,"{'amenity': 'fuel', 'brand': 'OMV', 'operator': 'OMV Hungária Kft.', 'payment:cash': 'yes', 'payment:debit_cards': 'yes', 'fuel:diesel': 'yes', 'fuel:octane_95': 'yes'}",https://www.omv.hu,huomvfu
1745,1887,13,,769,2330,Dunaharaszti,51. sz. főút,,,POINT (47.3465 19.118),51. sz. főút,,,3624491774.0,,True,,,,,,,,,,,,,,,,2018-06-14 18:06:06.062009+00:00,,,47.3465,19.118,13,OMV,fuel,"{'amenity': 'fuel', 'brand': 'OMV', 'operator': 'OMV Hungária Kft.', 'payment:cash': 'yes', 'payment:debit_cards': 'yes', 'fuel:diesel': 'yes', 'fuel:octane_95': 'yes'}",https://www.omv.hu,huomvfu
1746,1888,13,,0,9081,Győr,M1 autópálya,119,,POINT (47.63314 17.66185),M1 autópálya 119. kmsz.,,,3696432700.0,,True,,,,,,,,,,,,,,,,2018-06-14 18:06:06.062009+00:00,,,47.63314,17.66185,13,OMV,fuel,"{'amenity': 'fuel', 'brand': 'OMV', 'operator': 'OMV Hungária Kft.', 'payment:cash': 'yes', 'payment:debit_cards': 'yes', 'fuel:diesel': 'yes', 'fuel:octane_95': 'yes'}",https://www.omv.hu,huomvfu
1747,1889,13,,3254,8000,Székesfehérvár,Balatoni út,,6111,POINT (47.18441 18.41003),Balatoni út 6111 hrsz.,,,3622328858.0,,True,,,,,,,,,,,,,,,,2018-06-14 18:06:06.062009+00:00,,,47.18441,18.41003,13,OMV,fuel,"{'amenity': 'fuel', 'brand': 'OMV', 'operator': 'OMV Hungária Kft.', 'payment:cash': 'yes', 'payment:debit_cards': 'yes', 'fuel:diesel': 'yes', 'fuel:octane_95': 'yes'}",https://www.omv.hu,huomvfu
1748,1890,13,,3355,8200,Veszprém,Aradi Vértanúk út,11,,POINT (47.11227 17.92447),Aradi Vértanúk útja 11,,,3688404544.0,,True,,,,,,,,,,,,,,,,2018-06-14 18:06:06.062009+00:00,,,47.11227,17.92447,13,OMV,fuel,"{'amenity': 'fuel', 'brand': 'OMV', 'operator': 'OMV Hungária Kft.', 'payment:cash': 'yes', 'payment:debit_cards': 'yes', 'fuel:diesel': 'yes', 'fuel:octane_95': 'yes'}",https://www.omv.hu,huomvfu
1749,1891,13,,39,1027,Budapest,Tölgyfa utca,1-3,,POINT (47.51265 19.03766),Tölgyfa u. 1-3,,,,,True,,,,,,,,,,,,,,,,2018-06-14 18:06:06.062009+00:00,,,47.51265,19.03766,13,OMV,fuel,"{'amenity': 'fuel', 'brand': 'OMV', 'operator': 'OMV Hungária Kft.', 'payment:cash': 'yes', 'payment:debit_cards': 'yes', 'fuel:diesel': 'yes', 'fuel:octane_95': 'yes'}",https://www.omv.hu,huomvfu
1750,1892,13,,4449,9900,Körmend,Rákóczi utca,,307/1,POINT (47.02049 16.61703),Rákóczi u. 307/1 hrsz,,,3694410629.0,,True,,,,,,,,,,,,,,,,2018-06-14 18:06:06.062009+00:00,,,47.02049,16.61703,13,OMV,fuel,"{'amenity': 'fuel', 'brand': 'OMV', 'operator': 'OMV Hungária Kft.', 'payment:cash': 'yes', 'payment:debit_cards': 'yes', 'fuel:diesel': 'yes', 'fuel:octane_95': 'yes'}",https://www.omv.hu,huomvfu
1751,1893,13,,1030,2870,Kisbér,,,,POINT (47.50213 18.04522),81. sz. főűt,,,3634352513.0,,True,,,,,,,,,,,,,,,,2018-06-14 18:06:06.062009+00:00,,,47.50213,18.04522,13,OMV,fuel,"{'amenity': 'fuel', 'brand': 'OMV', 'operator': 'OMV Hungária Kft.', 'payment:cash': 'yes', 'payment:debit_cards': 'yes', 'fuel:diesel': 'yes', 'fuel:octane_95': 'yes'}",https://www.omv.hu,huomvfu
1752,1894,13,,2136,5000,Szolnok,Thököly út,91,,POINT (47.19274 20.17372),Thököly út 91.,,,3656422040.0,,,05:00:00,05:00:00,05:00:00,05:00:00,05:00:00,05:00:00,05:00:00,23:00:00,23:00:00,23:00:00,23:00:00,23:00:00,23:00:00,23:00:00,,2018-06-14 18:06:06.062009+00:00,,,47.19274,20.17372,13,OMV,fuel,"{'amenity': 'fuel', 'brand': 'OMV', 'operator': 'OMV Hungária Kft.', 'payment:cash': 'yes', 'payment:debit_cards': 'yes', 'fuel:diesel': 'yes', 'fuel:octane_95': 'yes'}",https://www.omv.hu,huomvfu
1753,1895,13,,611,2030,Érd,6. sz. főút,,,POINT (47.3567 18.9064),6. sz. főút jobb,,,3623368811.0,,,05:00:00,05:00:00,05:00:00,05:00:00,05:00:00,05:00:00,05:00:00,23:00:00,23:00:00,23:00:00,23:00:00,23:00:00,23:00:00,23:00:00,,2018-06-14 18:06:06.062009+00:00,,,47.3567,18.9064,13,OMV,fuel,"{'amenity': 'fuel', 'brand': 'OMV', 'operator': 'OMV Hungária Kft.', 'payment:cash': 'yes', 'payment:debit_cards': 'yes', 'fuel:diesel': 'yes', 'fuel:octane_95': 'yes'}",https://www.omv.hu,huomvfu
1754,1896,13,,999,2800,Tatabánya,Károlyi út - Ságvári út,4,,POINT (47.5639 18.4076),Károlyi út - Ságvári út 4,,,3634317959.0,,True,,,,,,,,,,,,,,,,2018-06-14 18:06:06.062009+00:00,,,47.5639,18.4076,13,OMV,fuel,"{'amenity': 'fuel', 'brand': 'OMV', 'operator': 'OMV Hungária Kft.', 'payment:cash': 'yes', 'payment:debit_cards': 'yes', 'fuel:diesel': 'yes', 'fuel:octane_95': 'yes'}",https://www.omv.hu,huomvfu
1755,1897,13,,2275,5600,Békéscsaba,Szarvasi út,103,,POINT (46.6841 21.05876),Szarvasi út 103.,,,3666451045.0,,True,,,,,,,,,,,,,,,,2018-06-14 18:06:06.062009+00:00,,,46.6841,21.05876,13,OMV,fuel,"{'amenity': 'fuel', 'brand': 'OMV', 'operator': 'OMV Hungária Kft.', 'payment:cash': 'yes', 'payment:debit_cards': 'yes', 'fuel:diesel': 'yes', 'fuel:octane_95': 'yes'}",https://www.omv.hu,huomvfu
1756,1898,13,,171,1202,Budapest,Nagykőrösi út,185,,POINT (47.44103 19.13421),Nagykőrösi út 185.,,,36.0,,True,,,,,,,,,,,,,,,,2018-06-14 18:06:06.062009+00:00,,,47.44103,19.13421,13,OMV,fuel,"{'amenity': 'fuel', 'brand': 'OMV', 'operator': 'OMV Hungária Kft.', 'payment:cash': 'yes', 'payment:debit_cards': 'yes', 'fuel:diesel': 'yes', 'fuel:octane_95': 'yes'}",https://www.omv.hu,huomvfu
1757,1899,13,,1235,3300,Eger,Mátyás király utca,2,,POINT (47.89033 20.37957),Mátyás király utca 2.,,,3636411544.0,,True,,,,,,,,,,,,,,,,2018-06-14 18:06:06.062009+00:00,,,47.89033,20.37957,13,OMV,fuel,"{'amenity': 'fuel', 'brand': 'OMV', 'operator': 'OMV Hungária Kft.', 'payment:cash': 'yes', 'payment:debit_cards': 'yes', 'fuel:diesel': 'yes', 'fuel:octane_95': 'yes'}",https://www.omv.hu,huomvfu
1758,1900,13,,129,1139,Budapest,Váci út,95,,POINT (47.5384 19.0698),Váci út 95.,,,36.0,,True,,,,,,,,,,,,,,,,2018-06-14 18:06:06.062009+00:00,,,47.5384,19.0698,13,OMV,fuel,"{'amenity': 'fuel', 'brand': 'OMV', 'operator': 'OMV Hungária Kft.', 'payment:cash': 'yes', 'payment:debit_cards': 'yes', 'fuel:diesel': 'yes', 'fuel:octane_95': 'yes'}",https://www.omv.hu,huomvfu
1759,1901,13,,0,2941,Bábolna,M1 autópálya,39,,POINT (47.6805 17.97597),M1 autópálya 39. kmsz bal,,,3634385589.0,,True,,,,,,,,,,,,,,,,2018-06-14 18:06:06.062009+00:00,,,47.6805,17.97597,13,OMV,fuel,"{'amenity': 'fuel', 'brand': 'OMV', 'operator': 'OMV Hungária Kft.', 'payment:cash': 'yes', 'payment:debit_cards': 'yes', 'fuel:diesel': 'yes', 'fuel:octane_95': 'yes'}",https://www.omv.hu,huomvfu
1760,1902,13,,1225,3281,Karácsond,M3 autópálya,82,,POINT (47.713 20.00271),"M3 autópálya 82,. kmsz",,,3637701210.0,,True,,,,,,,,,,,,,,,,2018-06-14 18:06:06.062009+00:00,,,47.713,20.00271,13,OMV,fuel,"{'amenity': 'fuel', 'brand': 'OMV', 'operator': 'OMV Hungária Kft.', 'payment:cash': 'yes', 'payment:debit_cards': 'yes', 'fuel:diesel': 'yes', 'fuel:octane_95': 'yes'}",https://www.omv.hu,huomvfu
1761,1903,13,,3254,8000,Székesfehérvár,Lövölde utca,,,POINT (47.1904 18.4207),Lövölde u.,,,3622310750.0,,True,,,,,,,,,,,,,,,,2018-06-14 18:06:06.062009+00:00,,,47.1904,18.4207,13,OMV,fuel,"{'amenity': 'fuel', 'brand': 'OMV', 'operator': 'OMV Hungária Kft.', 'payment:cash': 'yes', 'payment:debit_cards': 'yes', 'fuel:diesel': 'yes', 'fuel:octane_95': 'yes'}",https://www.omv.hu,huomvfu
1762,1904,13,,2354,6000,Kecskemét,Dunaföldvári út,4,,POINT (46.8882 19.6338),Dunaföldvári út 4.,,,3676494688.0,,True,,,,,,,,,,,,,,,,2018-06-14 18:06:06.062009+00:00,,,46.8882,19.6338,13,OMV,fuel,"{'amenity': 'fuel', 'brand': 'OMV', 'operator': 'OMV Hungária Kft.', 'payment:cash': 'yes', 'payment:debit_cards': 'yes', 'fuel:diesel': 'yes', 'fuel:octane_95': 'yes'}",https://www.omv.hu,huomvfu
1763,1905,13,,0,2365,Iinárcs,M5 autópálya,82,,POINT (47.2738 19.3298),M5 autópálya 82. kmsz. bal,,,3629370697.0,,True,,,,,,,,,,,,,,,,2018-06-14 18:06:06.062009+00:00,,,47.2738,19.3298,13,OMV,fuel,"{'amenity': 'fuel', 'brand': 'OMV', 'operator': 'OMV Hungária Kft.', 'payment:cash': 'yes', 'payment:debit_cards': 'yes', 'fuel:diesel': 'yes', 'fuel:octane_95': 'yes'}",https://www.omv.hu,huomvfu
1764,1906,13,,0,2045,M0 Körgyűrű 6 Km,,,,POINT (47.42116 18.92221),M0 körgyűrű 6 km,,,3623339920.0,,True,,,,,,,,,,,,,,,,2018-06-14 18:06:06.062009+00:00,,,47.42116,18.92221,13,OMV,fuel,"{'amenity': 'fuel', 'brand': 'OMV', 'operator': 'OMV Hungária Kft.', 'payment:cash': 'yes', 'payment:debit_cards': 'yes', 'fuel:diesel': 'yes', 'fuel:octane_95': 'yes'}",https://www.omv.hu,huomvfu
1765,1907,13,,132,1143,Budapest,Hungária körút,116-118,,POINT (47.50882 19.10087),Hungária krt. 116-118.,,,36.0,,True,,,,,,,,,,,,,,,,2018-06-14 18:06:06.062009+00:00,,,47.50882,19.10087,13,OMV,fuel,"{'amenity': 'fuel', 'brand': 'OMV', 'operator': 'OMV Hungária Kft.', 'payment:cash': 'yes', 'payment:debit_cards': 'yes', 'fuel:diesel': 'yes', 'fuel:octane_95': 'yes'}",https://www.omv.hu,huomvfu
1766,1908,13,,107,1112,Budapest,,,756/17,POINT (47.46455 19.01388),M1/M7 756/17 hrsz.,,,36.0,,True,,,,,,,,,,,,,,,,2018-06-14 18:06:06.062009+00:00,,,47.46455,19.01388,13,OMV,fuel,"{'amenity': 'fuel', 'brand': 'OMV', 'operator': 'OMV Hungária Kft.', 'payment:cash': 'yes', 'payment:debit_cards': 'yes', 'fuel:diesel': 'yes', 'fuel:octane_95': 'yes'}",https://www.omv.hu,huomvfu
1767,1909,13,,801,2400,Dunaújváros,M6 autópálya,70,,POINT (46.96324 18.89292),M6 autópálya 70+100 km.sz. bal,,,3625281445.0,,True,,,,,,,,,,,,,,,,2018-06-14 18:06:06.062009+00:00,,,46.96324,18.89292,13,OMV,fuel,"{'amenity': 'fuel', 'brand': 'OMV', 'operator': 'OMV Hungária Kft.', 'payment:cash': 'yes', 'payment:debit_cards': 'yes', 'fuel:diesel': 'yes', 'fuel:octane_95': 'yes'}",https://www.omv.hu,huomvfu
1768,1910,13,,855,2510,Dorog,,,0279/8,POINT (47.71047 18.74306),hrsz. 0279/8,,,3633599101.0,,,04:00:00,04:00:00,04:00:00,04:00:00,04:00:00,04:00:00,04:00:00,22:00:00,22:00:00,22:00:00,22:00:00,22:00:00,22:00:00,22:00:00,,2018-06-14 18:06:06.062009+00:00,,,47.71047,18.74306,13,OMV,fuel,"{'amenity': 'fuel', 'brand': 'OMV', 'operator': 'OMV Hungária Kft.', 'payment:cash': 'yes', 'payment:debit_cards': 'yes', 'fuel:diesel': 'yes', 'fuel:octane_95': 'yes'}",https://www.omv.hu,huomvfu
1769,1911,13,,187,1239,Budapest,Haraszti út,32/a,,POINT (47.3869 19.1102),Haraszti út 32/A,,,3612843314.0,,,05:00:00,05:00:00,05:00:00,05:00:00,05:00:00,05:00:00,05:00:00,22:00:00,22:00:00,22:00:00,22:00:00,22:00:00,22:00:00,22:00:00,,2018-06-14 18:06:06.062009+00:00,,,47.3869,19.1102,13,OMV,fuel,"{'amenity': 'fuel', 'brand': 'OMV', 'operator': 'OMV Hungária Kft.', 'payment:cash': 'yes', 'payment:debit_cards': 'yes', 'fuel:diesel': 'yes', 'fuel:octane_95': 'yes'}",https://www.omv.hu,huomvfu
1770,1912,13,,2559,6758,Röszke,M5 autópálya,172,0112/25,POINT (46.18889 19.99583),M5 autópálya 172. km  0112/25 hrsz.,,,3662273990.0,,True,,,,,,,,,,,,,,,,2018-06-14 18:06:06.062009+00:00,,,46.18889,19.99583,13,OMV,fuel,"{'amenity': 'fuel', 'brand': 'OMV', 'operator': 'OMV Hungária Kft.', 'payment:cash': 'yes', 'payment:debit_cards': 'yes', 'fuel:diesel': 'yes', 'fuel:octane_95': 'yes'}",https://www.omv.hu,huomvfu
1771,1913,13,,4037,9021,Győr,Szent István út,,,POINT (47.68108 17.6254),Szent István út,,,3696320100.0,,True,,,,,,,,,,,,,,,,2018-06-14 18:06:06.062009+00:00,,,47.68108,17.6254,13,OMV,fuel,"{'amenity': 'fuel', 'brand': 'OMV', 'operator': 'OMV Hungária Kft.', 'payment:cash': 'yes', 'payment:debit_cards': 'yes', 'fuel:diesel': 'yes', 'fuel:octane_95': 'yes'}",https://www.omv.hu,huomvfu
1772,1914,13,,87,1087,Budapest,Kerepesi út,22,,POINT (47.5 19.1021),Kerepesi út 22.,,,36.0,,,06:00:00,06:00:00,06:00:00,06:00:00,06:00:00,06:00:00,06:00:00,23:00:00,23:00:00,23:00:00,23:00:00,23:00:00,23:00:00,23:00:00,,2018-06-14 18:06:06.062009+00:00,,,47.5,19.1021,13,OMV,fuel,"{'amenity': 'fuel', 'brand': 'OMV', 'operator': 'OMV Hungária Kft.', 'payment:cash': 'yes', 'payment:debit_cards': 'yes', 'fuel:diesel': 'yes', 'fuel:octane_95': 'yes'}",https://www.omv.hu,huomvfu
1773,1915,13,,839,2472,Kajászó,M7 autópálya,33,,POINT (47.30777 18.74463),M7 autópálya 33. kmsz jobb,,,3622454464.0,,True,,,,,,,,,,,,,,,,2018-06-14 18:06:06.062009+00:00,,,47.30777,18.74463,13,OMV,fuel,"{'amenity': 'fuel', 'brand': 'OMV', 'operator': 'OMV Hungária Kft.', 'payment:cash': 'yes', 'payment:debit_cards': 'yes', 'fuel:diesel': 'yes', 'fuel:octane_95': 'yes'}",https://www.omv.hu,huomvfu
1774,1916,13,,4340,9700,Szombathely,Csaba út,15,,POINT (47.2272 16.652),Csaba út 15.,,,3694328809.0,,,06:00:00,06:00:00,06:00:00,06:00:00,06:00:00,06:00:00,06:00:00,22:00:00,22:00:00,22:00:00,22:00:00,22:00:00,22:00:00,22:00:00,,2018-06-14 18:06:06.062009+00:00,,,47.2272,16.652,13,OMV,fuel,"{'amenity': 'fuel', 'brand': 'OMV', 'operator': 'OMV Hungária Kft.', 'payment:cash': 'yes', 'payment:debit_cards': 'yes', 'fuel:diesel': 'yes', 'fuel:octane_95': 'yes'}",https://www.omv.hu,huomvfu
1775,1917,13,,4310,9631,Hegyfalu,84. sz. főút,,,POINT (47.35991 16.89799),84. sz. főút,,,3695340267.0,,True,,,,,,,,,,,,,,,,2018-06-14 18:06:06.062009+00:00,,,47.35991,16.89799,13,OMV,fuel,"{'amenity': 'fuel', 'brand': 'OMV', 'operator': 'OMV Hungária Kft.', 'payment:cash': 'yes', 'payment:debit_cards': 'yes', 'fuel:diesel': 'yes', 'fuel:octane_95': 'yes'}",https://www.omv.hu,huomvfu
1776,1918,13,,4210,9400,Sopron,Lackner Kristóf utca,29,,POINT (47.68723 16.58835),Lackner Kristóf utca 29,,,3699510565.0,,True,,,,,,,,,,,,,,,,2018-06-14 18:06:06.062009+00:00,,,47.68723,16.58835,13,OMV,fuel,"{'amenity': 'fuel', 'brand': 'OMV', 'operator': 'OMV Hungária Kft.', 'payment:cash': 'yes', 'payment:debit_cards': 'yes', 'fuel:diesel': 'yes', 'fuel:octane_95': 'yes'}",https://www.omv.hu,huomvfu
1777,1919,13,,125,1135,Budapest,Róbert Károly körút,64-66,,POINT (47.5276 19.0757),Róbert Károly krt. 64-66.,,,36.0,,True,,,,,,,,,,,,,,,,2018-06-14 18:06:06.062009+00:00,,,47.5276,19.0757,13,OMV,fuel,"{'amenity': 'fuel', 'brand': 'OMV', 'operator': 'OMV Hungária Kft.', 'payment:cash': 'yes', 'payment:debit_cards': 'yes', 'fuel:diesel': 'yes', 'fuel:octane_95': 'yes'}",https://www.omv.hu,huomvfu
1778,1920,13,,4177,9330,Kapuvár,Petőfi major,1,,POINT (47.5898 17.0094),Petőfi major 1,,,3696245141.0,,True,,,,,,,,,,,,,,,,2018-06-14 18:06:06.062009+00:00,,,47.5898,17.0094,13,OMV,fuel,"{'amenity': 'fuel', 'brand': 'OMV', 'operator': 'OMV Hungária Kft.', 'payment:cash': 'yes', 'payment:debit_cards': 'yes', 'fuel:diesel': 'yes', 'fuel:octane_95': 'yes'}",https://www.omv.hu,huomvfu
1779,1921,13,,1364,3529,Miskolc,Soltész Nagy Kálmán utca,175,,POINT (48.08304 20.7864),Soltész Nagy Kálmán utca 175.,,,3646313959.0,,,06:00:00,06:00:00,06:00:00,06:00:00,06:00:00,06:00:00,06:00:00,22:00:00,22:00:00,22:00:00,22:00:00,22:00:00,22:00:00,22:00:00,,2018-06-14 18:06:06.062009+00:00,,,48.08304,20.7864,13,OMV,fuel,"{'amenity': 'fuel', 'brand': 'OMV', 'operator': 'OMV Hungária Kft.', 'payment:cash': 'yes', 'payment:debit_cards': 'yes', 'fuel:diesel': 'yes', 'fuel:octane_95': 'yes'}",https://www.omv.hu,huomvfu
1780,1922,13,,788,2365,Inárcs,M5 autópálya,82,,POINT (47.276 19.32361),M5 autópálya 82. kmsz jobb,,,3629371095.0,,True,,,,,,,,,,,,,,,,2018-06-14 18:06:06.062009+00:00,,,47.276,19.32361,13,OMV,fuel,"{'amenity': 'fuel', 'brand': 'OMV', 'operator': 'OMV Hungária Kft.', 'payment:cash': 'yes', 'payment:debit_cards': 'yes', 'fuel:diesel': 'yes', 'fuel:octane_95': 'yes'}",https://www.omv.hu,huomvfu
1781,1923,13,,140,1152,Budapest,Szentmihályi út,131,,POINT (47.5501 19.1385),Szentmihályi út 131.,,,36.0,,True,,,,,,,,,,,,,,,,2018-06-14 18:06:06.062009+00:00,,,47.5501,19.1385,13,OMV,fuel,"{'amenity': 'fuel', 'brand': 'OMV', 'operator': 'OMV Hungária Kft.', 'payment:cash': 'yes', 'payment:debit_cards': 'yes', 'fuel:diesel': 'yes', 'fuel:octane_95': 'yes'}",https://www.omv.hu,huomvfu
1782,1924,13,,3494,8400,Ajka,Pefőfi utca,,,POINT (47.10307 17.55168),Pefőfi u.,,,3688311354.0,,,06:00:00,06:00:00,06:00:00,06:00:00,06:00:00,06:00:00,06:00:00,22:00:00,22:00:00,22:00:00,22:00:00,22:00:00,22:00:00,22:00:00,,2018-06-14 18:06:06.062009+00:00,,,47.10307,17.55168,13,OMV,fuel,"{'amenity': 'fuel', 'brand': 'OMV', 'operator': 'OMV Hungária Kft.', 'payment:cash': 'yes', 'payment:debit_cards': 'yes', 'fuel:diesel': 'yes', 'fuel:octane_95': 'yes'}",https://www.omv.hu,huomvfu
1783,1925,13,,3254,8000,Székesfehérvár,Budai út,,,POINT (47.19533 18.46482),Budai út,,,3622306562.0,,True,,,,,,,,,,,,,,,,2018-06-14 18:06:06.062009+00:00,,,47.19533,18.46482,13,OMV,fuel,"{'amenity': 'fuel', 'brand': 'OMV', 'operator': 'OMV Hungária Kft.', 'payment:cash': 'yes', 'payment:debit_cards': 'yes', 'fuel:diesel': 'yes', 'fuel:octane_95': 'yes'}",https://www.omv.hu,huomvfu
1784,1926,13,,112,1117,Budapest,Budafoki út,111-113,,POINT (47.4614 19.05211),Budafoki út 111-113,,,36.0,,True,,,,,,,,,,,,,,,,2018-06-14 18:06:06.062009+00:00,,,47.4614,19.05211,13,OMV,fuel,"{'amenity': 'fuel', 'brand': 'OMV', 'operator': 'OMV Hungária Kft.', 'payment:cash': 'yes', 'payment:debit_cards': 'yes', 'fuel:diesel': 'yes', 'fuel:octane_95': 'yes'}",https://www.omv.hu,huomvfu
1785,1927,13,,2250,5500,Gyomaendrőd,Fő út,133,,POINT (46.92766 20.81804),Fő út 133/1.,,,3666581740.0,,,05:00:00,05:00:00,05:00:00,05:00:00,05:00:00,05:00:00,05:00:00,22:00:00,22:00:00,22:00:00,22:00:00,22:00:00,22:00:00,22:00:00,,2018-06-14 18:06:06.062009+00:00,,,46.92766,20.81804,13,OMV,fuel,"{'amenity': 'fuel', 'brand': 'OMV', 'operator': 'OMV Hungária Kft.', 'payment:cash': 'yes', 'payment:debit_cards': 'yes', 'fuel:diesel': 'yes', 'fuel:octane_95': 'yes'}",https://www.omv.hu,huomvfu
1786,1928,13,,737,2225,Üllő,Pesti út,1,,POINT (47.37887 19.35756),Pesti út 1,,,3629322464.0,,,04:00:00,04:00:00,04:00:00,04:00:00,04:00:00,04:00:00,04:00:00,22:00:00,22:00:00,22:00:00,22:00:00,22:00:00,22:00:00,22:00:00,,2018-06-14 18:06:06.062009+00:00,,,47.37887,19.35756,13,OMV,fuel,"{'amenity': 'fuel', 'brand': 'OMV', 'operator': 'OMV Hungária Kft.', 'payment:cash': 'yes', 'payment:debit_cards': 'yes', 'fuel:diesel': 'yes', 'fuel:octane_95': 'yes'}",https://www.omv.hu,huomvfu
1787,1929,13,,734,2220,Vecsés,Gyáli út,20-22,,POINT (47.39925 19.24829),Gyáli út 20-22.,,,3629350051.0,,True,,,,,,,,,,,,,,,,2018-06-14 18:06:06.062009+00:00,,,47.39925,19.24829,13,OMV,fuel,"{'amenity': 'fuel', 'brand': 'OMV', 'operator': 'OMV Hungária Kft.', 'payment:cash': 'yes', 'payment:debit_cards': 'yes', 'fuel:diesel': 'yes', 'fuel:octane_95': 'yes'}",https://www.omv.hu,huomvfu
1788,1930,13,,1707,3980,Sátoraljaújhely,Kazinczy utca,,7602,POINT (48.41323 21.64772),Kazinczy utca hrsz. 7602,,,3647321460.0,,,06:00:00,06:00:00,06:00:00,06:00:00,06:00:00,06:00:00,06:00:00,22:00:00,22:00:00,22:00:00,22:00:00,22:00:00,22:00:00,22:00:00,,2018-06-14 18:06:06.062009+00:00,,,48.41323,21.64772,13,OMV,fuel,"{'amenity': 'fuel', 'brand': 'OMV', 'operator': 'OMV Hungária Kft.', 'payment:cash': 'yes', 'payment:debit_cards': 'yes', 'fuel:diesel': 'yes', 'fuel:octane_95': 'yes'}",https://www.omv.hu,huomvfu
1789,1931,13,,0,2144,Kistarcsa,Szabadság utca,56,,POINT (47.55106 19.26814),Szabadság u. 56,,,3628470098.0,,True,,,,,,,,,,,,,,,,2018-06-14 18:06:06.062009+00:00,,,47.55106,19.26814,13,OMV,fuel,"{'amenity': 'fuel', 'brand': 'OMV', 'operator': 'OMV Hungária Kft.', 'payment:cash': 'yes', 'payment:debit_cards': 'yes', 'fuel:diesel': 'yes', 'fuel:octane_95': 'yes'}",https://www.omv.hu,huomvfu
1790,1932,13,,153,1172,Budapest,Cinkotai út,51,,POINT (47.4942 19.2417),Cinkotai út 51,,,3612570325.0,,,05:00:00,05:00:00,05:00:00,05:00:00,05:00:00,05:00:00,05:00:00,22:00:00,22:00:00,22:00:00,22:00:00,22:00:00,22:00:00,22:00:00,,2018-06-14 18:06:06.062009+00:00,,,47.4942,19.2417,13,OMV,fuel,"{'amenity': 'fuel', 'brand': 'OMV', 'operator': 'OMV Hungária Kft.', 'payment:cash': 'yes', 'payment:debit_cards': 'yes', 'fuel:diesel': 'yes', 'fuel:octane_95': 'yes'}",https://www.omv.hu,huomvfu
1791,1933,13,,987,2750,Nagykőrös,Ceglédi út,256,,POINT (47.04238 19.78436),Ceglédi út 256,,,3653348119.0,,,06:00:00,06:00:00,06:00:00,06:00:00,06:00:00,06:00:00,06:00:00,22:00:00,22:00:00,22:00:00,22:00:00,22:00:00,22:00:00,22:00:00,,2018-06-14 18:06:06.062009+00:00,,,47.04238,19.78436,13,OMV,fuel,"{'amenity': 'fuel', 'brand': 'OMV', 'operator': 'OMV Hungária Kft.', 'payment:cash': 'yes', 'payment:debit_cards': 'yes', 'fuel:diesel': 'yes', 'fuel:octane_95': 'yes'}",https://www.omv.hu,huomvfu
1792,1934,13,,2829,7400,Kaposvár,Füredi út,,,POINT (46.3804 17.7815),Füredi út (5374/22 hrsz.),,,3682313776.0,,True,,,,,,,,,,,,,,,,2018-06-14 18:06:06.062009+00:00,,,46.3804,17.7815,13,OMV,fuel,"{'amenity': 'fuel', 'brand': 'OMV', 'operator': 'OMV Hungária Kft.', 'payment:cash': 'yes', 'payment:debit_cards': 'yes', 'fuel:diesel': 'yes', 'fuel:octane_95': 'yes'}",https://www.omv.hu,huomvfu
1793,1935,13,,2418,6200,Kiskőrös,Dózsa György utca,99,,POINT (46.62573 19.27422),Dózsa György u. 99,,,3678413100.0,,True,,,,,,,,,,,,,,,,2018-06-14 18:06:06.062009+00:00,,,46.62573,19.27422,13,OMV,fuel,"{'amenity': 'fuel', 'brand': 'OMV', 'operator': 'OMV Hungária Kft.', 'payment:cash': 'yes', 'payment:debit_cards': 'yes', 'fuel:diesel': 'yes', 'fuel:octane_95': 'yes'}",https://www.omv.hu,huomvfu
1794,1936,13,,740,2234,Maglód,Jászberényi utca,,,POINT (47.44773 19.3627),Jászberényi u.,,,3629325704.0,,True,,,,,,,,,,,,,,,,2018-06-14 18:06:06.062009+00:00,,,47.44773,19.3627,13,OMV,fuel,"{'amenity': 'fuel', 'brand': 'OMV', 'operator': 'OMV Hungária Kft.', 'payment:cash': 'yes', 'payment:debit_cards': 'yes', 'fuel:diesel': 'yes', 'fuel:octane_95': 'yes'}",https://www.omv.hu,huomvfu
1795,1937,13,,4134,9200,Mosonmagyaróvár,Kossuth utca,69,,POINT (47.86613 17.26723),Kossuth u. 69,,,3696216878.0,,True,,,,,,,,,,,,,,,,2018-06-14 18:06:06.062009+00:00,,,47.86613,17.26723,13,OMV,fuel,"{'amenity': 'fuel', 'brand': 'OMV', 'operator': 'OMV Hungária Kft.', 'payment:cash': 'yes', 'payment:debit_cards': 'yes', 'fuel:diesel': 'yes', 'fuel:octane_95': 'yes'}",https://www.omv.hu,huomvfu
1796,1938,13,,54,1044,Budapest,Váci út,16,,POINT (47.56446 19.07854),Váci út 16,,,36.0,,,06:00:00,06:00:00,06:00:00,06:00:00,06:00:00,06:00:00,06:00:00,23:00:00,23:00:00,23:00:00,23:00:00,23:00:00,23:00:00,23:00:00,,2018-06-14 18:06:06.062009+00:00,,,47.56446,19.07854,13,OMV,fuel,"{'amenity': 'fuel', 'brand': 'OMV', 'operator': 'OMV Hungária Kft.', 'payment:cash': 'yes', 'payment:debit_cards': 'yes', 'fuel:diesel': 'yes', 'fuel:octane_95': 'yes'}",https://www.omv.hu,huomvfu
1797,1939,13,,186,1238,Budapest,Nagykörösi út,349,,POINT (47.4236 19.1594),Nagykörösi út 349,,,36.0,,True,,,,,,,,,,,,,,,,2018-06-14 18:06:06.062009+00:00,,,47.4236,19.1594,13,OMV,fuel,"{'amenity': 'fuel', 'brand': 'OMV', 'operator': 'OMV Hungária Kft.', 'payment:cash': 'yes', 'payment:debit_cards': 'yes', 'fuel:diesel': 'yes', 'fuel:octane_95': 'yes'}",https://www.omv.hu,huomvfu
1798,1940,13,,3817,8800,Nagykanizsa,Hevesi S. utca,5,,POINT (46.45592 17.01004),Hevesi S. u. 5,,,3693536187.0,,,06:00:00,06:00:00,06:00:00,06:00:00,06:00:00,06:00:00,06:00:00,22:00:00,22:00:00,22:00:00,22:00:00,22:00:00,22:00:00,22:00:00,,2018-06-14 18:06:06.062009+00:00,,,46.45592,17.01004,13,OMV,fuel,"{'amenity': 'fuel', 'brand': 'OMV', 'operator': 'OMV Hungária Kft.', 'payment:cash': 'yes', 'payment:debit_cards': 'yes', 'fuel:diesel': 'yes', 'fuel:octane_95': 'yes'}",https://www.omv.hu,huomvfu
1799,1941,13,,642,2072,Zsámbék,Herceghalmi út,578/a,,POINT (47.541 18.72369),Herceghalmi út 578/A,,,3623565070.0,,True,,,,,,,,,,,,,,,,2018-06-14 18:06:06.062009+00:00,,,47.541,18.72369,13,OMV,fuel,"{'amenity': 'fuel', 'brand': 'OMV', 'operator': 'OMV Hungária Kft.', 'payment:cash': 'yes', 'payment:debit_cards': 'yes', 'fuel:diesel': 'yes', 'fuel:octane_95': 'yes'}",https://www.omv.hu,huomvfu
1800,1942,13,,3639,8600,Siófok,Vak Bottyán út,1,,POINT (46.9021 18.0473),Vak Bottyán út 1,,,3684510715.0,,True,,,,,,,,,,,,,,,,2018-06-14 18:06:06.062009+00:00,,,46.9021,18.0473,13,OMV,fuel,"{'amenity': 'fuel', 'brand': 'OMV', 'operator': 'OMV Hungária Kft.', 'payment:cash': 'yes', 'payment:debit_cards': 'yes', 'fuel:diesel': 'yes', 'fuel:octane_95': 'yes'}",https://www.omv.hu,huomvfu
1801,1943,13,,1235,3300,Eger,Mátyás Király út,134,,POINT (47.8762 20.382),Mátyás Király út 134,,,3636517181.0,,,06:00:00,06:00:00,06:00:00,06:00:00,06:00:00,06:00:00,06:00:00,22:00:00,22:00:00,22:00:00,22:00:00,22:00:00,22:00:00,22:00:00,,2018-06-14 18:06:06.062009+00:00,,,47.8762,20.382,13,OMV,fuel,"{'amenity': 'fuel', 'brand': 'OMV', 'operator': 'OMV Hungária Kft.', 'payment:cash': 'yes', 'payment:debit_cards': 'yes', 'fuel:diesel': 'yes', 'fuel:octane_95': 'yes'}",https://www.omv.hu,huomvfu
1802,1944,13,,3355,8200,Veszprém,Budapesti út,12,,POINT (47.0945 17.9165),Budapesti út 12,,,3688563400.0,,True,,,,,,,,,,,,,,,,2018-06-14 18:06:06.062009+00:00,,,47.0945,17.9165,13,OMV,fuel,"{'amenity': 'fuel', 'brand': 'OMV', 'operator': 'OMV Hungária Kft.', 'payment:cash': 'yes', 'payment:debit_cards': 'yes', 'fuel:diesel': 'yes', 'fuel:octane_95': 'yes'}",https://www.omv.hu,huomvfu
1803,1945,13,,97,1098,Budapest,Üllői út,137,,POINT (47.4718 19.1077),Üllői út 137,,,36.0,,True,,,,,,,,,,,,,,,,2018-06-14 18:06:06.062009+00:00,,,47.4718,19.1077,13,OMV,fuel,"{'amenity': 'fuel', 'brand': 'OMV', 'operator': 'OMV Hungária Kft.', 'payment:cash': 'yes', 'payment:debit_cards': 'yes', 'fuel:diesel': 'yes', 'fuel:octane_95': 'yes'}",https://www.omv.hu,huomvfu
1804,1946,13,,87,1087,Budapest,Könyves Kálmán körút,76,,POINT (47.48497 19.10577),Könyves Kálmán krt. 76,,,36.0,,True,,,,,,,,,,,,,,,,2018-06-14 18:06:06.062009+00:00,,,47.48497,19.10577,13,OMV,fuel,"{'amenity': 'fuel', 'brand': 'OMV', 'operator': 'OMV Hungária Kft.', 'payment:cash': 'yes', 'payment:debit_cards': 'yes', 'fuel:diesel': 'yes', 'fuel:octane_95': 'yes'}",https://www.omv.hu,huomvfu
1805,1947,13,,111,1116,Budapest,Fehérvári út,166,,POINT (47.4512 19.0388),Fehérvári út 166,,,36.0,,True,,,,,,,,,,,,,,,,2018-06-14 18:06:06.062009+00:00,,,47.4512,19.0388,13,OMV,fuel,"{'amenity': 'fuel', 'brand': 'OMV', 'operator': 'OMV Hungária Kft.', 'payment:cash': 'yes', 'payment:debit_cards': 'yes', 'fuel:diesel': 'yes', 'fuel:octane_95': 'yes'}",https://www.omv.hu,huomvfu
1806,1948,13,,131,1142,Budapest,Tengerszem utca,61-67,,POINT (47.5348 19.10271),Tengerszem u 61-67.,,,36.0,,True,,,,,,,,,,,,,,,,2018-06-14 18:06:06.062009+00:00,,,47.5348,19.10271,13,OMV,fuel,"{'amenity': 'fuel', 'brand': 'OMV', 'operator': 'OMV Hungária Kft.', 'payment:cash': 'yes', 'payment:debit_cards': 'yes', 'fuel:diesel': 'yes', 'fuel:octane_95': 'yes'}",https://www.omv.hu,huomvfu
1807,1949,13,,1759,4031,Debrecen,István út,137,,POINT (47.51569 21.6054),István út 137,,,3652531136.0,,True,,,,,,,,,,,,,,,,2018-06-14 18:06:06.062009+00:00,,,47.51569,21.6054,13,OMV,fuel,"{'amenity': 'fuel', 'brand': 'OMV', 'operator': 'OMV Hungária Kft.', 'payment:cash': 'yes', 'payment:debit_cards': 'yes', 'fuel:diesel': 'yes', 'fuel:octane_95': 'yes'}",https://www.omv.hu,huomvfu
1808,1950,13,,1921,4405,Nyíregyháza,Debreceni út,99,,POINT (47.9359 21.7184),Debreceni út 99,,,3642460724.0,,True,,,,,,,,,,,,,,,,2018-06-14 18:06:06.062009+00:00,,,47.9359,21.7184,13,OMV,fuel,"{'amenity': 'fuel', 'brand': 'OMV', 'operator': 'OMV Hungária Kft.', 'payment:cash': 'yes', 'payment:debit_cards': 'yes', 'fuel:diesel': 'yes', 'fuel:octane_95': 'yes'}",https://www.omv.hu,huomvfu
1809,1951,13,,96,1097,Budapest,Mester utca,89,,POINT (47.4688 19.0832),Mester utca 89.,,,36.0,,,06:00:00,06:00:00,06:00:00,06:00:00,06:00:00,06:00:00,06:00:00,22:00:00,22:00:00,22:00:00,22:00:00,22:00:00,22:00:00,22:00:00,,2018-06-14 18:06:06.062009+00:00,,,47.4688,19.0832,13,OMV,fuel,"{'amenity': 'fuel', 'brand': 'OMV', 'operator': 'OMV Hungária Kft.', 'payment:cash': 'yes', 'payment:debit_cards': 'yes', 'fuel:diesel': 'yes', 'fuel:octane_95': 'yes'}",https://www.omv.hu,huomvfu
1810,1952,13,,4134,9200,Mosonmagyaróvár,1-es út,,,POINT (47.883 17.2436),1-es út,,,3696216610.0,,True,,,,,,,,,,,,,,,,2018-06-14 18:06:06.062009+00:00,,,47.883,17.2436,13,OMV,fuel,"{'amenity': 'fuel', 'brand': 'OMV', 'operator': 'OMV Hungária Kft.', 'payment:cash': 'yes', 'payment:debit_cards': 'yes', 'fuel:diesel': 'yes', 'fuel:octane_95': 'yes'}",https://www.omv.hu,huomvfu
1811,1953,13,,635,2063,Óbarok,,,,POINT (47.5033 18.5502),M 1 43. km bal,,,3622704474.0,,True,,,,,,,,,,,,,,,,2018-06-14 18:06:06.062009+00:00,,,47.5033,18.5502,13,OMV,fuel,"{'amenity': 'fuel', 'brand': 'OMV', 'operator': 'OMV Hungária Kft.', 'payment:cash': 'yes', 'payment:debit_cards': 'yes', 'fuel:diesel': 'yes', 'fuel:octane_95': 'yes'}",https://www.omv.hu,huomvfu
1812,1954,13,,4362,9730,Kőszeg,Szombathelyi út,2,,POINT (47.37859 16.55787),Szombathelyi út 2,,,3694563116.0,,,06:00:00,06:00:00,06:00:00,06:00:00,06:00:00,06:00:00,06:00:00,22:00:00,22:00:00,22:00:00,22:00:00,22:00:00,22:00:00,22:00:00,,2018-06-14 18:06:06.062009+00:00,,,47.37859,16.55787,13,OMV,fuel,"{'amenity': 'fuel', 'brand': 'OMV', 'operator': 'OMV Hungária Kft.', 'payment:cash': 'yes', 'payment:debit_cards': 'yes', 'fuel:diesel': 'yes', 'fuel:octane_95': 'yes'}",https://www.omv.hu,huomvfu
1813,1955,13,,2275,5600,Békéscsaba,Szarvasi út,16-18,,POINT (46.6838 21.0864),Szarvasi út 16-18.,,,3666440455.0,,,06:00:00,06:00:00,06:00:00,06:00:00,06:00:00,06:00:00,06:00:00,22:00:00,22:00:00,22:00:00,22:00:00,22:00:00,22:00:00,22:00:00,,2018-06-14 18:06:06.062009+00:00,,,46.6838,21.0864,13,OMV,fuel,"{'amenity': 'fuel', 'brand': 'OMV', 'operator': 'OMV Hungária Kft.', 'payment:cash': 'yes', 'payment:debit_cards': 'yes', 'fuel:diesel': 'yes', 'fuel:octane_95': 'yes'}",https://www.omv.hu,huomvfu
1814,1956,13,,660,2096,Üröm,Bécsi utca,2,,POINT (47.585 18.99843),Bécsi u. 2,,,3626550080.0,,,05:00:00,05:00:00,05:00:00,05:00:00,05:00:00,05:00:00,05:00:00,22:00:00,22:00:00,22:00:00,22:00:00,22:00:00,22:00:00,22:00:00,,2018-06-14 18:06:06.062009+00:00,,,47.585,18.99843,13,OMV,fuel,"{'amenity': 'fuel', 'brand': 'OMV', 'operator': 'OMV Hungária Kft.', 'payment:cash': 'yes', 'payment:debit_cards': 'yes', 'fuel:diesel': 'yes', 'fuel:octane_95': 'yes'}",https://www.omv.hu,huomvfu
1815,1957,13,,4040,9024,Győr,Pápai út,771,,POINT (47.657 17.634),Pápai út 771,,,3696519575.0,,True,,,,,,,,,,,,,,,,2018-06-14 18:06:06.062009+00:00,,,47.657,17.634,13,OMV,fuel,"{'amenity': 'fuel', 'brand': 'OMV', 'operator': 'OMV Hungária Kft.', 'payment:cash': 'yes', 'payment:debit_cards': 'yes', 'fuel:diesel': 'yes', 'fuel:octane_95': 'yes'}",https://www.omv.hu,huomvfu
1816,1958,13,,630,2051,Biatorbágy,Kossuth Lajos utca,1/a,,POINT (47.47372 18.83273),Kossuth Lajos u. 1/A,,,,,,,,,,,,,,,,,,,,,2018-06-14 18:06:06.062009+00:00,,,47.47372,18.83273,13,OMV,fuel,"{'amenity': 'fuel', 'brand': 'OMV', 'operator': 'OMV Hungária Kft.', 'payment:cash': 'yes', 'payment:debit_cards': 'yes', 'fuel:diesel': 'yes', 'fuel:octane_95': 'yes'}",https://www.omv.hu,huomvfu
1817,1959,13,,1369,3534,Miskolc,Kiss tábornok utca,,,POINT (48.09976 20.70295),Kiss tábornok u - Kandó Kálmán u,,,3646401680.0,,,06:00:00,06:00:00,06:00:00,06:00:00,06:00:00,06:00:00,06:00:00,22:00:00,22:00:00,22:00:00,22:00:00,22:00:00,22:00:00,22:00:00,,2018-06-14 18:06:06.062009+00:00,,,48.09976,20.70295,13,OMV,fuel,"{'amenity': 'fuel', 'brand': 'OMV', 'operator': 'OMV Hungária Kft.', 'payment:cash': 'yes', 'payment:debit_cards': 'yes', 'fuel:diesel': 'yes', 'fuel:octane_95': 'yes'}",https://www.omv.hu,huomvfu
1818,1960,13,,1360,3525,Miskolc,Búza tér,16,,POINT (48.1056 20.79011),Búza tér 16,,,3646359816.0,,True,,,,,,,,,,,,,,,,2018-06-14 18:06:06.062009+00:00,,,48.1056,20.79011,13,OMV,fuel,"{'amenity': 'fuel', 'brand': 'OMV', 'operator': 'OMV Hungária Kft.', 'payment:cash': 'yes', 'payment:debit_cards': 'yes', 'fuel:diesel': 'yes', 'fuel:octane_95': 'yes'}",https://www.omv.hu,huomvfu
1819,1961,13,,1755,4027,Debrecen,Füredi út,27,,POINT (47.54172 21.62032),Füredi út 27,,,3652531134.0,,True,,,,,,,,,,,,,,,,2018-06-14 18:06:06.062009+00:00,,,47.54172,21.62032,13,OMV,fuel,"{'amenity': 'fuel', 'brand': 'OMV', 'operator': 'OMV Hungária Kft.', 'payment:cash': 'yes', 'payment:debit_cards': 'yes', 'fuel:diesel': 'yes', 'fuel:octane_95': 'yes'}",https://www.omv.hu,huomvfu
1820,1962,13,,2968,7630,Pécs,Zsolnay út,50,,POINT (46.07996 18.25613),Zsolnay út 50.,,,3672212880.0,,True,,,,,,,,,,,,,,,,2018-06-14 18:06:06.062009+00:00,,,46.07996,18.25613,13,OMV,fuel,"{'amenity': 'fuel', 'brand': 'OMV', 'operator': 'OMV Hungária Kft.', 'payment:cash': 'yes', 'payment:debit_cards': 'yes', 'fuel:diesel': 'yes', 'fuel:octane_95': 'yes'}",https://www.omv.hu,huomvfu
1821,1963,13,,2617,7000,Sárbogárd,Ady Endre utca,3,,POINT (46.89754 18.61419),Ady E. u. 3,,,3625460016.0,,,05:00:00,05:00:00,05:00:00,05:00:00,05:00:00,05:00:00,05:00:00,23:00:00,23:00:00,23:00:00,23:00:00,23:00:00,23:00:00,23:00:00,,2018-06-14 18:06:06.062009+00:00,,,46.89754,18.61419,13,OMV,fuel,"{'amenity': 'fuel', 'brand': 'OMV', 'operator': 'OMV Hungária Kft.', 'payment:cash': 'yes', 'payment:debit_cards': 'yes', 'fuel:diesel': 'yes', 'fuel:octane_95': 'yes'}",https://www.omv.hu,huomvfu
1822,1964,13,,1050,2900,Komárom,Igmándi út,49,,POINT (47.7382 18.1181),Igmándi út 49,,,3634340159.0,,,05:00:00,05:00:00,05:00:00,05:00:00,05:00:00,05:00:00,05:00:00,23:00:00,23:00:00,23:00:00,23:00:00,23:00:00,23:00:00,23:00:00,,2018-06-14 18:06:06.062009+00:00,,,47.7382,18.1181,13,OMV,fuel,"{'amenity': 'fuel', 'brand': 'OMV', 'operator': 'OMV Hungária Kft.', 'payment:cash': 'yes', 'payment:debit_cards': 'yes', 'fuel:diesel': 'yes', 'fuel:octane_95': 'yes'}",https://www.omv.hu,huomvfu
1823,1965,13,,2633,7030,Paks,6. sz. főút,,,POINT (46.61892 18.85815),6. sz. főút,,,3675310578.0,,,05:00:00,05:00:00,05:00:00,05:00:00,05:00:00,05:00:00,05:00:00,22:00:00,22:00:00,22:00:00,22:00:00,22:00:00,22:00:00,22:00:00,,2018-06-14 18:06:06.062009+00:00,,,46.61892,18.85815,13,OMV,fuel,"{'amenity': 'fuel', 'brand': 'OMV', 'operator': 'OMV Hungária Kft.', 'payment:cash': 'yes', 'payment:debit_cards': 'yes', 'fuel:diesel': 'yes', 'fuel:octane_95': 'yes'}",https://www.omv.hu,huomvfu
1824,1966,13,,3254,8000,Székesfehérvár,Kadocsa út,86,,POINT (47.1968 18.44401),Kadocsa út 86,,,3622500775.0,,,06:00:00,06:00:00,06:00:00,06:00:00,06:00:00,06:00:00,06:00:00,22:00:00,22:00:00,22:00:00,22:00:00,22:00:00,22:00:00,22:00:00,,2018-06-14 18:06:06.062009+00:00,,,47.1968,18.44401,13,OMV,fuel,"{'amenity': 'fuel', 'brand': 'OMV', 'operator': 'OMV Hungária Kft.', 'payment:cash': 'yes', 'payment:debit_cards': 'yes', 'fuel:diesel': 'yes', 'fuel:octane_95': 'yes'}",https://www.omv.hu,huomvfu
1825,1967,13,,2354,6000,Kecskemét,Budai út,,,POINT (46.921 19.67905),Budai út,,,3676482243.0,,True,,,,,,,,,,,,,,,,2018-06-14 18:06:06.062009+00:00,,,46.921,19.67905,13,OMV,fuel,"{'amenity': 'fuel', 'brand': 'OMV', 'operator': 'OMV Hungária Kft.', 'payment:cash': 'yes', 'payment:debit_cards': 'yes', 'fuel:diesel': 'yes', 'fuel:octane_95': 'yes'}",https://www.omv.hu,huomvfu
1826,1968,13,,2598,6900,Makó,,,,POINT (46.22034 20.47701),Kossuth L. u,,,3662213382.0,,True,,,,,,,,,,,,,,,,2018-06-14 18:06:06.062009+00:00,,,46.22034,20.47701,13,OMV,fuel,"{'amenity': 'fuel', 'brand': 'OMV', 'operator': 'OMV Hungária Kft.', 'payment:cash': 'yes', 'payment:debit_cards': 'yes', 'fuel:diesel': 'yes', 'fuel:octane_95': 'yes'}",https://www.omv.hu,huomvfu
1827,1969,13,,2432,6300,Kalocsa,Bátyai út,83,,POINT (46.5122 18.9723),Bátyai út 83,,,3678561100.0,,,05:00:00,05:00:00,05:00:00,05:00:00,05:00:00,05:00:00,05:00:00,22:00:00,22:00:00,22:00:00,22:00:00,22:00:00,22:00:00,22:00:00,,2018-06-14 18:06:06.062009+00:00,,,46.5122,18.9723,13,OMV,fuel,"{'amenity': 'fuel', 'brand': 'OMV', 'operator': 'OMV Hungária Kft.', 'payment:cash': 'yes', 'payment:debit_cards': 'yes', 'fuel:diesel': 'yes', 'fuel:octane_95': 'yes'}",https://www.omv.hu,huomvfu
1828,1970,13,,103,1106,Budapest,Kerepesi út,73,,POINT (47.5045 19.1509),Kerepesi út 73,,,36.0,,True,,,,,,,,,,,,,,,,2018-06-14 18:06:06.062009+00:00,,,47.5045,19.1509,13,OMV,fuel,"{'amenity': 'fuel', 'brand': 'OMV', 'operator': 'OMV Hungária Kft.', 'payment:cash': 'yes', 'payment:debit_cards': 'yes', 'fuel:diesel': 'yes', 'fuel:octane_95': 'yes'}",https://www.omv.hu,huomvfu
1829,1971,13,,1041,2890,Tata,,,0419/8,POINT (47.64669 18.33074),1. sz. autóút hrsz: 0419/8,,,3634568082.0,,,06:00:00,06:00:00,06:00:00,06:00:00,06:00:00,06:00:00,06:00:00,22:00:00,22:00:00,22:00:00,22:00:00,22:00:00,22:00:00,22:00:00,,2018-06-14 18:06:06.062009+00:00,,,47.64669,18.33074,13,OMV,fuel,"{'amenity': 'fuel', 'brand': 'OMV', 'operator': 'OMV Hungária Kft.', 'payment:cash': 'yes', 'payment:debit_cards': 'yes', 'fuel:diesel': 'yes', 'fuel:octane_95': 'yes'}",https://www.omv.hu,huomvfu
1830,1972,13,,3664,8638,Balatonlelle,,,,POINT (46.7835 17.6745),M 7 138. km.,,,3685554262.0,,True,,,,,,,,,,,,,,,,2018-06-14 18:06:06.062009+00:00,,,46.7835,17.6745,13,OMV,fuel,"{'amenity': 'fuel', 'brand': 'OMV', 'operator': 'OMV Hungária Kft.', 'payment:cash': 'yes', 'payment:debit_cards': 'yes', 'fuel:diesel': 'yes', 'fuel:octane_95': 'yes'}",https://www.omv.hu,huomvfu
1831,1973,13,,882,2600,Vác,Gödöllői út,1,,POINT (47.764 19.1408),Gödöllői út 1,,,3627510665.0,,True,,,,,,,,,,,,,,,,2018-06-14 18:06:06.062009+00:00,,,47.764,19.1408,13,OMV,fuel,"{'amenity': 'fuel', 'brand': 'OMV', 'operator': 'OMV Hungária Kft.', 'payment:cash': 'yes', 'payment:debit_cards': 'yes', 'fuel:diesel': 'yes', 'fuel:octane_95': 'yes'}",https://www.omv.hu,huomvfu
1832,1974,13,,135,1146,Budapest,Hungária körút,175-177,,POINT (47.5173 19.0914),Hungária krt. 175-177,,,36.0,,True,,,,,,,,,,,,,,,,2018-06-14 18:06:06.062009+00:00,,,47.5173,19.0914,13,OMV,fuel,"{'amenity': 'fuel', 'brand': 'OMV', 'operator': 'OMV Hungária Kft.', 'payment:cash': 'yes', 'payment:debit_cards': 'yes', 'fuel:diesel': 'yes', 'fuel:octane_95': 'yes'}",https://www.omv.hu,huomvfu
1833,1975,13,,96,1097,Budapest,Gyáli út,30,,POINT (47.4679 19.1033),Gyáli út 30,,,3613480144.0,,,06:00:00,06:00:00,06:00:00,06:00:00,06:00:00,06:00:00,06:00:00,22:00:00,22:00:00,22:00:00,22:00:00,22:00:00,22:00:00,22:00:00,,2018-06-14 18:06:06.062009+00:00,,,47.4679,19.1033,13,OMV,fuel,"{'amenity': 'fuel', 'brand': 'OMV', 'operator': 'OMV Hungária Kft.', 'payment:cash': 'yes', 'payment:debit_cards': 'yes', 'fuel:diesel': 'yes', 'fuel:octane_95': 'yes'}",https://www.omv.hu,huomvfu
1834,1976,13,,801,2400,Dunaújváros,Dózsa György út,,,POINT (46.95807 18.91977),Dózsa Gy. út,,,3625522410.0,,,05:00:00,05:00:00,05:00:00,05:00:00,05:00:00,05:00:00,05:00:00,23:00:00,23:00:00,23:00:00,23:00:00,23:00:00,23:00:00,23:00:00,,2018-06-14 18:06:06.062009+00:00,,,46.95807,18.91977,13,OMV,fuel,"{'amenity': 'fuel', 'brand': 'OMV', 'operator': 'OMV Hungária Kft.', 'payment:cash': 'yes', 'payment:debit_cards': 'yes', 'fuel:diesel': 'yes', 'fuel:octane_95': 'yes'}",https://www.omv.hu,huomvfu
1835,1977,13,,50,1039,Budapest,Királyok út,178,,POINT (47.59015 19.06528),Királyok útja 178,,,3612405031.0,,,06:00:00,06:00:00,06:00:00,06:00:00,06:00:00,06:00:00,06:00:00,22:00:00,22:00:00,22:00:00,22:00:00,22:00:00,22:00:00,22:00:00,,2018-06-14 18:06:06.062009+00:00,,,47.59015,19.06528,13,OMV,fuel,"{'amenity': 'fuel', 'brand': 'OMV', 'operator': 'OMV Hungária Kft.', 'payment:cash': 'yes', 'payment:debit_cards': 'yes', 'fuel:diesel': 'yes', 'fuel:octane_95': 'yes'}",https://www.omv.hu,huomvfu
1836,1978,13,,3254,8000,Székesfehérvár,Donáth utca,,,POINT (47.19578 18.45872),Donáth u.,,,3622308633.0,,,06:00:00,06:00:00,06:00:00,06:00:00,06:00:00,06:00:00,06:00:00,22:00:00,22:00:00,22:00:00,22:00:00,22:00:00,22:00:00,22:00:00,,2018-06-14 18:06:06.062009+00:00,,,47.19578,18.45872,13,OMV,fuel,"{'amenity': 'fuel', 'brand': 'OMV', 'operator': 'OMV Hungária Kft.', 'payment:cash': 'yes', 'payment:debit_cards': 'yes', 'fuel:diesel': 'yes', 'fuel:octane_95': 'yes'}",https://www.omv.hu,huomvfu
1837,1979,13,,1780,4080,Hajdúnánás,Dorogi út,,,POINT (47.84101 21.44221),Dorogi út,,,3652381018.0,,,06:00:00,06:00:00,06:00:00,06:00:00,06:00:00,06:00:00,06:00:00,22:00:00,22:00:00,22:00:00,22:00:00,22:00:00,22:00:00,22:00:00,,2018-06-14 18:06:06.062009+00:00,,,47.84101,21.44221,13,OMV,fuel,"{'amenity': 'fuel', 'brand': 'OMV', 'operator': 'OMV Hungária Kft.', 'payment:cash': 'yes', 'payment:debit_cards': 'yes', 'fuel:diesel': 'yes', 'fuel:octane_95': 'yes'}",https://www.omv.hu,huomvfu
1838,1980,13,,1132,3104,Salgótarján,Rákóczi utca,182,,POINT (48.08054 19.79379),Rákóczi u. 182.,,,3632440754.0,,,06:00:00,06:00:00,06:00:00,06:00:00,06:00:00,06:00:00,06:00:00,22:00:00,22:00:00,22:00:00,22:00:00,22:00:00,22:00:00,22:00:00,,2018-06-14 18:06:06.062009+00:00,,,48.08054,19.79379,13,OMV,fuel,"{'amenity': 'fuel', 'brand': 'OMV', 'operator': 'OMV Hungária Kft.', 'payment:cash': 'yes', 'payment:debit_cards': 'yes', 'fuel:diesel': 'yes', 'fuel:octane_95': 'yes'}",https://www.omv.hu,huomvfu
1839,1981,13,,1321,3433,Nyékládháza,Viola utca,182,,POINT (47.98665 20.83172),Viola u. 182/1,,,3646391800.0,,True,,,,,,,,,,,,,,,,2018-06-14 18:06:06.062009+00:00,,,47.98665,20.83172,13,OMV,fuel,"{'amenity': 'fuel', 'brand': 'OMV', 'operator': 'OMV Hungária Kft.', 'payment:cash': 'yes', 'payment:debit_cards': 'yes', 'fuel:diesel': 'yes', 'fuel:octane_95': 'yes'}",https://www.omv.hu,huomvfu
1840,1982,13,,3817,8800,Nagykanizsa,Virág Benedek utca,4,,POINT (46.46662 16.9955),Virág Benedek utca 4,,,3693314247.0,,True,,,,,,,,,,,,,,,,2018-06-14 18:06:06.062009+00:00,,,46.46662,16.9955,13,OMV,fuel,"{'amenity': 'fuel', 'brand': 'OMV', 'operator': 'OMV Hungária Kft.', 'payment:cash': 'yes', 'payment:debit_cards': 'yes', 'fuel:diesel': 'yes', 'fuel:octane_95': 'yes'}",https://www.omv.hu,huomvfu
1841,1983,13,,2969,7631,Pécs,Siklósi út,45,,POINT (46.04466 18.23238),Siklósi út 45.,,,3672440459.0,,True,,,,,,,,,,,,,,,,2018-06-14 18:06:06.062009+00:00,,,46.04466,18.23238,13,OMV,fuel,"{'amenity': 'fuel', 'brand': 'OMV', 'operator': 'OMV Hungária Kft.', 'payment:cash': 'yes', 'payment:debit_cards': 'yes', 'fuel:diesel': 'yes', 'fuel:octane_95': 'yes'}",https://www.omv.hu,huomvfu
1842,1984,13,,801,2400,Dunaújváros,TS M6 autópálya,70,,POINT (46.96425 18.89028),TS M6 autópálya 70 kmsz jobb,,,3625281442.0,,True,,,,,,,,,,,,,,,,2018-06-14 18:06:06.062009+00:00,,,46.96425,18.89028,13,OMV,fuel,"{'amenity': 'fuel', 'brand': 'OMV', 'operator': 'OMV Hungária Kft.', 'payment:cash': 'yes', 'payment:debit_cards': 'yes', 'fuel:diesel': 'yes', 'fuel:octane_95': 'yes'}",https://www.omv.hu,huomvfu
1843,1985,13,,588,2000,Szentendre,11-es út,17,,POINT (47.6418 19.0674),11-es út 17. km,,,3626315459.0,,True,,,,,,,,,,,,,,,,2018-06-14 18:06:06.062009+00:00,,,47.6418,19.0674,13,OMV,fuel,"{'amenity': 'fuel', 'brand': 'OMV', 'operator': 'OMV Hungária Kft.', 'payment:cash': 'yes', 'payment:debit_cards': 'yes', 'fuel:diesel': 'yes', 'fuel:octane_95': 'yes'}",https://www.omv.hu,huomvfu
1844,1986,13,,4340,9700,Szombathely,Körmendi út,92,,POINT (47.2149 16.6195),Körmendi út 92,,,3694510080.0,,True,,,,,,,,,,,,,,,,2018-06-14 18:06:06.062009+00:00,,,47.2149,16.6195,13,OMV,fuel,"{'amenity': 'fuel', 'brand': 'OMV', 'operator': 'OMV Hungária Kft.', 'payment:cash': 'yes', 'payment:debit_cards': 'yes', 'fuel:diesel': 'yes', 'fuel:octane_95': 'yes'}",https://www.omv.hu,huomvfu
1845,1987,13,,143,1155,Budapest,Alkotmány utca,14-20,,POINT (47.5445 19.1161),Alkotmány u. 14-20,,,36.0,,,06:00:00,06:00:00,06:00:00,06:00:00,06:00:00,06:00:00,06:00:00,23:00:00,23:00:00,23:00:00,23:00:00,23:00:00,23:00:00,23:00:00,,2018-06-14 18:06:06.062009+00:00,,,47.5445,19.1161,13,OMV,fuel,"{'amenity': 'fuel', 'brand': 'OMV', 'operator': 'OMV Hungária Kft.', 'payment:cash': 'yes', 'payment:debit_cards': 'yes', 'fuel:diesel': 'yes', 'fuel:octane_95': 'yes'}",https://www.omv.hu,huomvfu
1846,1988,13,,1916,4400,Nyíregyháza,Kert utca,47,,POINT (47.94584 21.72526),Kert u. 47.,,,3642461301.0,,,06:00:00,06:00:00,06:00:00,06:00:00,06:00:00,06:00:00,06:00:00,22:00:00,22:00:00,22:00:00,22:00:00,22:00:00,22:00:00,22:00:00,,2018-06-14 18:06:06.062009+00:00,,,47.94584,21.72526,13,OMV,fuel,"{'amenity': 'fuel', 'brand': 'OMV', 'operator': 'OMV Hungária Kft.', 'payment:cash': 'yes', 'payment:debit_cards': 'yes', 'fuel:diesel': 'yes', 'fuel:octane_95': 'yes'}",https://www.omv.hu,huomvfu
1847,1989,13,,99,1102,Budapest,Kőrösi Csoma S. út,,,POINT (47.4914 19.13779),Kőrösi Csoma S. út,,,36.0,,,06:00:00,06:00:00,06:00:00,06:00:00,06:00:00,06:00:00,06:00:00,22:00:00,22:00:00,22:00:00,22:00:00,22:00:00,22:00:00,22:00:00,,2018-06-14 18:06:06.062009+00:00,,,47.4914,19.13779,13,OMV,fuel,"{'amenity': 'fuel', 'brand': 'OMV', 'operator': 'OMV Hungária Kft.', 'payment:cash': 'yes', 'payment:debit_cards': 'yes', 'fuel:diesel': 'yes', 'fuel:octane_95': 'yes'}",https://www.omv.hu,huomvfu
1848,1990,13,,2502,6600,Szentes,Csongrádi út,,,POINT (46.6594 20.2434),Csongrádi út,,,3663311649.0,,,05:00:00,05:00:00,05:00:00,05:00:00,05:00:00,05:00:00,05:00:00,22:00:00,22:00:00,22:00:00,22:00:00,22:00:00,22:00:00,22:00:00,,2018-06-14 18:06:06.062009+00:00,,,46.6594,20.2434,13,OMV,fuel,"{'amenity': 'fuel', 'brand': 'OMV', 'operator': 'OMV Hungária Kft.', 'payment:cash': 'yes', 'payment:debit_cards': 'yes', 'fuel:diesel': 'yes', 'fuel:octane_95': 'yes'}",https://www.omv.hu,huomvfu
1849,1991,13,,2559,6758,Röszke,M5 autópálya,172,0112/60,POINT (46.18981 19.99419),M5 autópálya 172. km 0112/60 hrsz.,,,3662273980.0,,True,,,,,,,,,,,,,,,,2018-06-14 18:06:06.062009+00:00,,,46.18981,19.99419,13,OMV,fuel,"{'amenity': 'fuel', 'brand': 'OMV', 'operator': 'OMV Hungária Kft.', 'payment:cash': 'yes', 'payment:debit_cards': 'yes', 'fuel:diesel': 'yes', 'fuel:octane_95': 'yes'}",https://www.omv.hu,huomvfu
1850,1992,13,,1916,4400,Nyíregyháza,Tiszavasvári út - Alkotás utca,,,POINT (47.95731 21.68556),Tiszavasvári út - Alkotás u sarok,,,3642417854.0,,,06:00:00,06:00:00,06:00:00,06:00:00,06:00:00,06:00:00,06:00:00,22:00:00,22:00:00,22:00:00,22:00:00,22:00:00,22:00:00,22:00:00,,2018-06-14 18:06:06.062009+00:00,,,47.95731,21.68556,13,OMV,fuel,"{'amenity': 'fuel', 'brand': 'OMV', 'operator': 'OMV Hungária Kft.', 'payment:cash': 'yes', 'payment:debit_cards': 'yes', 'fuel:diesel': 'yes', 'fuel:octane_95': 'yes'}",https://www.omv.hu,huomvfu
1851,1993,13,,2829,7400,Kaposvár,Áchim A. utca,,113/14,POINT (46.35493 17.78571),Áchim A. u.  113/14 hrsz.,,,3682510715.0,,True,,,,,,,,,,,,,,,,2018-06-14 18:06:06.062009+00:00,,,46.35493,17.78571,13,OMV,fuel,"{'amenity': 'fuel', 'brand': 'OMV', 'operator': 'OMV Hungária Kft.', 'payment:cash': 'yes', 'payment:debit_cards': 'yes', 'fuel:diesel': 'yes', 'fuel:octane_95': 'yes'}",https://www.omv.hu,huomvfu
1852,1994,13,,1414,3600,Ózd,Brassói út,5,,POINT (48.22266 20.27437),Brassói út 5,,,3648572018.0,,True,,,,,,,,,,,,,,,,2018-06-14 18:06:06.062009+00:00,,,48.22266,20.27437,13,OMV,fuel,"{'amenity': 'fuel', 'brand': 'OMV', 'operator': 'OMV Hungária Kft.', 'payment:cash': 'yes', 'payment:debit_cards': 'yes', 'fuel:diesel': 'yes', 'fuel:octane_95': 'yes'}",https://www.omv.hu,huomvfu
1853,1995,13,,719,2191,Bag,Dózsa György utca,2,,POINT (47.63756 19.47392),Dózsa Gy. u. 2,,,3628408048.0,,True,,,,,,,,,,,,,,,,2018-06-14 18:06:06.062009+00:00,,,47.63756,19.47392,13,OMV,fuel,"{'amenity': 'fuel', 'brand': 'OMV', 'operator': 'OMV Hungária Kft.', 'payment:cash': 'yes', 'payment:debit_cards': 'yes', 'fuel:diesel': 'yes', 'fuel:octane_95': 'yes'}",https://www.omv.hu,huomvfu
1854,1996,13,,2733,7212,Kocsola,,,,POINT (46.53333 18.1833),külterület 042/3,,,3674484716.0,,,06:00:00,06:00:00,06:00:00,06:00:00,06:00:00,06:00:00,06:00:00,22:00:00,22:00:00,22:00:00,22:00:00,22:00:00,22:00:00,22:00:00,,2018-06-14 18:06:06.062009+00:00,,,46.53333,18.1833,13,OMV,fuel,"{'amenity': 'fuel', 'brand': 'OMV', 'operator': 'OMV Hungária Kft.', 'payment:cash': 'yes', 'payment:debit_cards': 'yes', 'fuel:diesel': 'yes', 'fuel:octane_95': 'yes'}",https://www.omv.hu,huomvfu
1855,1997,13,,2542,6723,Szeged,Makkosházi körút,1,,POINT (46.27303 20.15693),Makkosházi krt. 1.,,,3662484734.0,,True,,,,,,,,,,,,,,,,2018-06-14 18:06:06.062009+00:00,,,46.27303,20.15693,13,OMV,fuel,"{'amenity': 'fuel', 'brand': 'OMV', 'operator': 'OMV Hungária Kft.', 'payment:cash': 'yes', 'payment:debit_cards': 'yes', 'fuel:diesel': 'yes', 'fuel:octane_95': 'yes'}",https://www.omv.hu,huomvfu
1856,1998,13,,2560,6760,Kistelek,Kossuth utca,175,,POINT (46.5171 19.96793),Kossuth u. 175.,,,,,,06:00:00,06:00:00,06:00:00,06:00:00,06:00:00,06:00:00,06:00:00,22:00:00,22:00:00,22:00:00,22:00:00,22:00:00,22:00:00,22:00:00,,2018-06-14 18:06:06.062009+00:00,,,46.5171,19.96793,13,OMV,fuel,"{'amenity': 'fuel', 'brand': 'OMV', 'operator': 'OMV Hungária Kft.', 'payment:cash': 'yes', 'payment:debit_cards': 'yes', 'fuel:diesel': 'yes', 'fuel:octane_95': 'yes'}",https://www.omv.hu,huomvfu
1857,1999,13,,44,1033,Budapest,Ladik utca,1,,POINT (47.5509 19.0445),Ladik utca 1,,,36.0,,True,,,,,,,,,,,,,,,,2018-06-14 18:06:06.062009+00:00,,,47.5509,19.0445,13,OMV,fuel,"{'amenity': 'fuel', 'brand': 'OMV', 'operator': 'OMV Hungária Kft.', 'payment:cash': 'yes', 'payment:debit_cards': 'yes', 'fuel:diesel': 'yes', 'fuel:octane_95': 'yes'}",https://www.omv.hu,huomvfu
1858,2000,13,,178,1214,Budapest,Rákóczi F. utca,189,,POINT (47.4138 19.058),Rákóczi F. u. 189,,,36.0,,True,,,,,,,,,,,,,,,,2018-06-14 18:06:06.062009+00:00,,,47.4138,19.058,13,OMV,fuel,"{'amenity': 'fuel', 'brand': 'OMV', 'operator': 'OMV Hungária Kft.', 'payment:cash': 'yes', 'payment:debit_cards': 'yes', 'fuel:diesel': 'yes', 'fuel:octane_95': 'yes'}",https://www.omv.hu,huomvfu
1859,2001,13,,33,1021,Budapest,Hűvösvölgyi út,118,,POINT (47.53494 18.97457),Hűvösvölgyi út 118,,,36.0,,True,,,,,,,,,,,,,,,,2018-06-14 18:06:06.062009+00:00,,,47.53494,18.97457,13,OMV,fuel,"{'amenity': 'fuel', 'brand': 'OMV', 'operator': 'OMV Hungária Kft.', 'payment:cash': 'yes', 'payment:debit_cards': 'yes', 'fuel:diesel': 'yes', 'fuel:octane_95': 'yes'}",https://www.omv.hu,huomvfu
1860,2002,13,,3808,8790,Zalaszentgrót,Erzsébet liget utca,5,,POINT (46.93951 17.06767),Erzsébet liget utca 5,,,3683360052.0,,,06:00:00,06:00:00,06:00:00,06:00:00,06:00:00,06:00:00,06:00:00,22:00:00,22:00:00,22:00:00,22:00:00,22:00:00,22:00:00,22:00:00,,2018-06-14 18:06:06.062009+00:00,,,46.93951,17.06767,13,OMV,fuel,"{'amenity': 'fuel', 'brand': 'OMV', 'operator': 'OMV Hungária Kft.', 'payment:cash': 'yes', 'payment:debit_cards': 'yes', 'fuel:diesel': 'yes', 'fuel:octane_95': 'yes'}",https://www.omv.hu,huomvfu
1861,2003,13,,159,1183,Budapest,Haladás utca,39,,POINT (47.4459 19.1905),Haladás u. 39,,,36.0,,True,,,,,,,,,,,,,,,,2018-06-14 18:06:06.062009+00:00,,,47.4459,19.1905,13,OMV,fuel,"{'amenity': 'fuel', 'brand': 'OMV', 'operator': 'OMV Hungária Kft.', 'payment:cash': 'yes', 'payment:debit_cards': 'yes', 'fuel:diesel': 'yes', 'fuel:octane_95': 'yes'}",https://www.omv.hu,huomvfu
1862,2004,13,,50,1039,Budapest,Szentendrei utca,,,POINT (47.57906 19.04974),Szentendrei u.,,,36.0,,True,,,,,,,,,,,,,,,,2018-06-14 18:06:06.062009+00:00,,,47.57906,19.04974,13,OMV,fuel,"{'amenity': 'fuel', 'brand': 'OMV', 'operator': 'OMV Hungária Kft.', 'payment:cash': 'yes', 'payment:debit_cards': 'yes', 'fuel:diesel': 'yes', 'fuel:octane_95': 'yes'}",https://www.omv.hu,huomvfu
1863,2005,13,,150,1164,Budapest,Szabadföldi utca,1,,POINT (47.51758 19.21431),Szabadföldi u. 1,,,36.0,,True,,,,,,,,,,,,,,,,2018-06-14 18:06:06.062009+00:00,,,47.51758,19.21431,13,OMV,fuel,"{'amenity': 'fuel', 'brand': 'OMV', 'operator': 'OMV Hungária Kft.', 'payment:cash': 'yes', 'payment:debit_cards': 'yes', 'fuel:diesel': 'yes', 'fuel:octane_95': 'yes'}",https://www.omv.hu,huomvfu
1864,2006,13,,4340,9700,Szombathely,Rumi utca,,,POINT (47.2155 16.63591),Rumi u.,,,3694312160.0,,,06:00:00,06:00:00,06:00:00,06:00:00,06:00:00,06:00:00,06:00:00,22:00:00,22:00:00,22:00:00,22:00:00,22:00:00,22:00:00,22:00:00,,2018-06-14 18:06:06.062009+00:00,,,47.2155,16.63591,13,OMV,fuel,"{'amenity': 'fuel', 'brand': 'OMV', 'operator': 'OMV Hungária Kft.', 'payment:cash': 'yes', 'payment:debit_cards': 'yes', 'fuel:diesel': 'yes', 'fuel:octane_95': 'yes'}",https://www.omv.hu,huomvfu
1865,2007,13,,1364,3529,Miskolc,Testvérvárosok út,2/a,,POINT (48.08344 20.78474),Testvérvárosok útja 2/A,,,3646365365.0,,True,,,,,,,,,,,,,,,,2018-06-14 18:06:06.062009+00:00,,,48.08344,20.78474,13,OMV,fuel,"{'amenity': 'fuel', 'brand': 'OMV', 'operator': 'OMV Hungária Kft.', 'payment:cash': 'yes', 'payment:debit_cards': 'yes', 'fuel:diesel': 'yes', 'fuel:octane_95': 'yes'}",https://www.omv.hu,huomvfu
1866,2008,13,,179,1215,Budapest,Védgát utca,47,,POINT (47.4359 19.0843),Védgát u. 47.,,,36.0,,True,,,,,,,,,,,,,,,,2018-06-14 18:06:06.062009+00:00,,,47.4359,19.0843,13,OMV,fuel,"{'amenity': 'fuel', 'brand': 'OMV', 'operator': 'OMV Hungária Kft.', 'payment:cash': 'yes', 'payment:debit_cards': 'yes', 'fuel:diesel': 'yes', 'fuel:octane_95': 'yes'}",https://www.omv.hu,huomvfu
1867,2009,13,,4039,9023,Győr,Ipar út,99,,POINT (47.68052 17.66152),Ipar út 99.,,,3696422095.0,,,05:00:00,05:00:00,05:00:00,05:00:00,05:00:00,05:00:00,05:00:00,22:00:00,22:00:00,22:00:00,22:00:00,22:00:00,22:00:00,22:00:00,,2018-06-14 18:06:06.062009+00:00,,,47.68052,17.66152,13,OMV,fuel,"{'amenity': 'fuel', 'brand': 'OMV', 'operator': 'OMV Hungária Kft.', 'payment:cash': 'yes', 'payment:debit_cards': 'yes', 'fuel:diesel': 'yes', 'fuel:octane_95': 'yes'}",https://www.omv.hu,huomvfu
1868,2010,13,,2676,7100,Szekszárd,Tartsay út,8,,POINT (46.34017 18.71092),Tartsay út 8,,,3674510537.0,,,05:00:00,05:00:00,05:00:00,05:00:00,05:00:00,05:00:00,05:00:00,22:00:00,22:00:00,22:00:00,22:00:00,22:00:00,22:00:00,22:00:00,,2018-06-14 18:06:06.062009+00:00,,,46.34017,18.71092,13,OMV,fuel,"{'amenity': 'fuel', 'brand': 'OMV', 'operator': 'OMV Hungária Kft.', 'payment:cash': 'yes', 'payment:debit_cards': 'yes', 'fuel:diesel': 'yes', 'fuel:octane_95': 'yes'}",https://www.omv.hu,huomvfu
1869,2011,13,,107,1112,Budapest,Péterhegyi út,66-68,,POINT (47.45339 19.01819),Péterhegyi út 66-68.,,,36.0,,True,,,,,,,,,,,,,,,,2018-06-14 18:06:06.062009+00:00,,,47.45339,19.01819,13,OMV,fuel,"{'amenity': 'fuel', 'brand': 'OMV', 'operator': 'OMV Hungária Kft.', 'payment:cash': 'yes', 'payment:debit_cards': 'yes', 'fuel:diesel': 'yes', 'fuel:octane_95': 'yes'}",https://www.omv.hu,huomvfu
1870,2012,13,,180,1221,Budapest,Hajó út,2,,POINT (47.42741 19.04227),Hajó út 2,,,36.0,,True,,,,,,,,,,,,,,,,2018-06-14 18:06:06.062009+00:00,,,47.42741,19.04227,13,OMV,fuel,"{'amenity': 'fuel', 'brand': 'OMV', 'operator': 'OMV Hungária Kft.', 'payment:cash': 'yes', 'payment:debit_cards': 'yes', 'fuel:diesel': 'yes', 'fuel:octane_95': 'yes'}",https://www.omv.hu,huomvfu
1871,2013,13,,1756,4028,Debrecen,Kassai utca,92,,POINT (47.55119 21.64779),Kassai u. 92.,,,3652448635.0,,True,,,,,,,,,,,,,,,,2018-06-14 18:06:06.062009+00:00,,,47.55119,21.64779,13,OMV,fuel,"{'amenity': 'fuel', 'brand': 'OMV', 'operator': 'OMV Hungária Kft.', 'payment:cash': 'yes', 'payment:debit_cards': 'yes', 'fuel:diesel': 'yes', 'fuel:octane_95': 'yes'}",https://www.omv.hu,huomvfu
1872,2014,13,,131,1142,Budapest,Kacsóh Pongrácz út,131,,POINT (47.53359 19.10263),Kacsóh Pongrácz út 131.,,,36.0,,True,,,,,,,,,,,,,,,,2018-06-14 18:06:06.062009+00:00,,,47.53359,19.10263,13,OMV,fuel,"{'amenity': 'fuel', 'brand': 'OMV', 'operator': 'OMV Hungária Kft.', 'payment:cash': 'yes', 'payment:debit_cards': 'yes', 'fuel:diesel': 'yes', 'fuel:octane_95': 'yes'}",https://www.omv.hu,huomvfu
1873,2015,13,,154,1173,Budapest,Pesti út,18,,POINT (47.4842 19.2354),Pesti út 18,,,36.0,,True,,,,,,,,,,,,,,,,2018-06-14 18:06:06.062009+00:00,,,47.4842,19.2354,13,OMV,fuel,"{'amenity': 'fuel', 'brand': 'OMV', 'operator': 'OMV Hungária Kft.', 'payment:cash': 'yes', 'payment:debit_cards': 'yes', 'fuel:diesel': 'yes', 'fuel:octane_95': 'yes'}",https://www.omv.hu,huomvfu
1874,2016,13,,2689,7140,Bátaszék,M6 autópálya,166,120/180,POINT (46.194 18.6941),M6 autópálya 166. km 120/180 hrsz.,,,3674712066.0,,True,,,,,,,,,,,,,,,,2018-06-14 18:06:06.062009+00:00,,,46.194,18.6941,13,OMV,fuel,"{'amenity': 'fuel', 'brand': 'OMV', 'operator': 'OMV Hungária Kft.', 'payment:cash': 'yes', 'payment:debit_cards': 'yes', 'fuel:diesel': 'yes', 'fuel:octane_95': 'yes'}",https://www.omv.hu,huomvfu
1875,2017,13,,2689,7140,Bátaszék,M6 autópálya,166,120/118,POINT (46.1893 18.6914),M6 autópálya 166.km  hrsz: 120/118,,,3674712063.0,,True,,,,,,,,,,,,,,,,2018-06-14 18:06:06.062009+00:00,,,46.1893,18.6914,13,OMV,fuel,"{'amenity': 'fuel', 'brand': 'OMV', 'operator': 'OMV Hungária Kft.', 'payment:cash': 'yes', 'payment:debit_cards': 'yes', 'fuel:diesel': 'yes', 'fuel:octane_95': 'yes'}",https://www.omv.hu,huomvfu
1876,2018,13,,4152,9241,Jánossomorja,86. sz. főút,,0168/36,POINT (47.78333 17.15),86. sz. főút 0168/36 hrsz.,,,3696702028.0,,,05:00:00,05:00:00,05:00:00,05:00:00,05:00:00,05:00:00,05:00:00,22:00:00,22:00:00,22:00:00,22:00:00,22:00:00,22:00:00,22:00:00,,2018-06-14 18:06:06.062009+00:00,,,47.78333,17.15,13,OMV,fuel,"{'amenity': 'fuel', 'brand': 'OMV', 'operator': 'OMV Hungária Kft.', 'payment:cash': 'yes', 'payment:debit_cards': 'yes', 'fuel:diesel': 'yes', 'fuel:octane_95': 'yes'}",https://www.omv.hu,huomvfu
1877,2019,13,,854,2509,Esztergom,Dobogókői út- Kesztölci út sarok,,,POINT (47.7466 18.736),Dobogókői út- Kesztölci út sarok,,,3633435430.0,,True,,,,,,,,,,,,,,,,2018-06-14 18:06:06.062009+00:00,,,47.7466,18.736,13,OMV,fuel,"{'amenity': 'fuel', 'brand': 'OMV', 'operator': 'OMV Hungária Kft.', 'payment:cash': 'yes', 'payment:debit_cards': 'yes', 'fuel:diesel': 'yes', 'fuel:octane_95': 'yes'}",https://www.omv.hu,huomvfu
1878,2020,13,,670,2112,Veresegyház,Fő utca,2,,POINT (47.64767 19.29452),Fő utca 2/2,,,3628586971.0,,True,,,,,,,,,,,,,,,,2018-06-14 18:06:06.062009+00:00,,,47.64767,19.29452,13,OMV,fuel,"{'amenity': 'fuel', 'brand': 'OMV', 'operator': 'OMV Hungária Kft.', 'payment:cash': 'yes', 'payment:debit_cards': 'yes', 'fuel:diesel': 'yes', 'fuel:octane_95': 'yes'}",https://www.omv.hu,huomvfu
1879,2021,13,,163,1188,Budapest,Alacskai utca,1,,POINT (47.41687 19.20684),Alacskai u. 1,,,36.0,,True,,,,,,,,,,,,,,,,2018-06-14 18:06:06.062009+00:00,,,47.41687,19.20684,13,OMV,fuel,"{'amenity': 'fuel', 'brand': 'OMV', 'operator': 'OMV Hungária Kft.', 'payment:cash': 'yes', 'payment:debit_cards': 'yes', 'fuel:diesel': 'yes', 'fuel:octane_95': 'yes'}",https://www.omv.hu,huomvfu
1880,2022,13,,138,1149,Budapest,Fogarasi út,56/a,,POINT (47.50501 19.12059),Fogarasi út 56/A,,,36.0,,True,,,,,,,,,,,,,,,,2018-06-14 18:06:06.062009+00:00,,,47.50501,19.12059,13,OMV,fuel,"{'amenity': 'fuel', 'brand': 'OMV', 'operator': 'OMV Hungária Kft.', 'payment:cash': 'yes', 'payment:debit_cards': 'yes', 'fuel:diesel': 'yes', 'fuel:octane_95': 'yes'}",https://www.omv.hu,huomvfu
1881,2023,13,,0,8711,Keszthely,Csapás utca,,2505/3,POINT (46.666 17.2333),Csapás u. 2505/3 hrsz.,,,3683705015.0,,,06:00:00,06:00:00,06:00:00,06:00:00,06:00:00,06:00:00,06:00:00,22:00:00,22:00:00,22:00:00,22:00:00,22:00:00,22:00:00,22:00:00,,2018-06-14 18:06:06.062009+00:00,,,46.666,17.2333,13,OMV,fuel,"{'amenity': 'fuel', 'brand': 'OMV', 'operator': 'OMV Hungária Kft.', 'payment:cash': 'yes', 'payment:debit_cards': 'yes', 'fuel:diesel': 'yes', 'fuel:octane_95': 'yes'}",https://www.omv.hu,huomvfu
1882,2024,13,,756,2310,Szigetszentmiklós,Gyári út,,3237,POINT (47.33733 19.02873),Gyári út 3237 hrsz.,,,3624468577.0,,True,,,,,,,,,,,,,,,,2018-06-14 18:06:06.062009+00:00,,,47.33733,19.02873,13,OMV,fuel,"{'amenity': 'fuel', 'brand': 'OMV', 'operator': 'OMV Hungária Kft.', 'payment:cash': 'yes', 'payment:debit_cards': 'yes', 'fuel:diesel': 'yes', 'fuel:octane_95': 'yes'}",https://www.omv.hu,huomvfu
1883,2025,13,,113,1118,Budapest,Budaörsi út,1,,POINT (47.4867 19.0239),Budaörsi út 1,,,36.0,,True,,,,,,,,,,,,,,,,2018-06-14 18:06:06.062009+00:00,,,47.4867,19.0239,13,OMV,fuel,"{'amenity': 'fuel', 'brand': 'OMV', 'operator': 'OMV Hungária Kft.', 'payment:cash': 'yes', 'payment:debit_cards': 'yes', 'fuel:diesel': 'yes', 'fuel:octane_95': 'yes'}",https://www.omv.hu,huomvfu
1884,2026,13,,2928,7570,Barcs,,,2671/26,POINT (45.96454 17.46605),2671/26 hrsz,,,,,,06:00:00,06:00:00,06:00:00,06:00:00,06:00:00,06:00:00,06:00:00,21:00:00,21:00:00,21:00:00,21:00:00,21:00:00,21:00:00,21:00:00,,2018-06-14 18:06:06.062009+00:00,,,45.96454,17.46605,13,OMV,fuel,"{'amenity': 'fuel', 'brand': 'OMV', 'operator': 'OMV Hungária Kft.', 'payment:cash': 'yes', 'payment:debit_cards': 'yes', 'fuel:diesel': 'yes', 'fuel:octane_95': 'yes'}",https://www.omv.hu,huomvfu
1885,2027,13,,3834,8840,Csurgó,Rákóczi út,,571/2,POINT (46.25987 17.09593),Rákóczi út 571/2 hrsz.,,,,,,07:00:00,07:00:00,07:00:00,07:00:00,07:00:00,07:00:00,07:00:00,19:00:00,19:00:00,19:00:00,19:00:00,19:00:00,19:00:00,19:00:00,,2018-06-14 18:06:06.062009+00:00,,,46.25987,17.09593,13,OMV,fuel,"{'amenity': 'fuel', 'brand': 'OMV', 'operator': 'OMV Hungária Kft.', 'payment:cash': 'yes', 'payment:debit_cards': 'yes', 'fuel:diesel': 'yes', 'fuel:octane_95': 'yes'}",https://www.omv.hu,huomvfu
1886,2028,13,,2884,7500,Nagyatád,,,,POINT (46.24083 17.35629),,,,,,True,,,,,,,,,,,,,,,,2018-06-14 18:06:06.062009+00:00,,,46.24083,17.35629,13,OMV,fuel,"{'amenity': 'fuel', 'brand': 'OMV', 'operator': 'OMV Hungária Kft.', 'payment:cash': 'yes', 'payment:debit_cards': 'yes', 'fuel:diesel': 'yes', 'fuel:octane_95': 'yes'}",https://www.omv.hu,huomvfu
1887,2029,13,,2923,7561,Nagybajom,Jákói utca,1,,POINT (46.38774 17.52099),Jákói u.1.,,,,,,06:00:00,06:00:00,06:00:00,06:00:00,06:00:00,06:00:00,06:00:00,21:00:00,21:00:00,21:00:00,21:00:00,21:00:00,21:00:00,21:00:00,,2018-06-14 18:06:06.062009+00:00,,,46.38774,17.52099,13,OMV,fuel,"{'amenity': 'fuel', 'brand': 'OMV', 'operator': 'OMV Hungária Kft.', 'payment:cash': 'yes', 'payment:debit_cards': 'yes', 'fuel:diesel': 'yes', 'fuel:octane_95': 'yes'}",https://www.omv.hu,huomvfu
1888,2030,13,,3817,8800,Nagykanizsa,Teleki utca,27,,POINT (46.45109 17.01919),Teleki u. 27.,,,,,True,,,,,,,,,,,,,,,,2018-06-14 18:06:06.062009+00:00,,,46.45109,17.01919,13,OMV,fuel,"{'amenity': 'fuel', 'brand': 'OMV', 'operator': 'OMV Hungária Kft.', 'payment:cash': 'yes', 'payment:debit_cards': 'yes', 'fuel:diesel': 'yes', 'fuel:octane_95': 'yes'}",https://www.omv.hu,huomvfu
1889,2031,13,,3887,8900,Zalaegerszeg,Hock János utca,746,,POINT (46.85612 16.80501),Hock János utca 7469/3 hrs,,,,,,05:30:00,05:30:00,05:30:00,05:30:00,05:30:00,05:30:00,05:30:00,22:00:00,22:00:00,22:00:00,22:00:00,22:00:00,22:00:00,22:00:00,,2018-06-14 18:06:06.062009+00:00,,,46.85612,16.80501,13,OMV,fuel,"{'amenity': 'fuel', 'brand': 'OMV', 'operator': 'OMV Hungária Kft.', 'payment:cash': 'yes', 'payment:debit_cards': 'yes', 'fuel:diesel': 'yes', 'fuel:octane_95': 'yes'}",https://www.omv.hu,huomvfu
1890,2032,13,,978,2730,Albertirsa,4. sz. főút,51-52,,POINT (47.2617 19.5971),4. sz. főút 51-52. km,,,,,True,,,,,,,,,,,,,,,,2018-06-14 18:06:06.062009+00:00,,,47.2617,19.5971,13,OMV,fuel,"{'amenity': 'fuel', 'brand': 'OMV', 'operator': 'OMV Hungária Kft.', 'payment:cash': 'yes', 'payment:debit_cards': 'yes', 'fuel:diesel': 'yes', 'fuel:octane_95': 'yes'}",https://www.omv.hu,huomvfu
1891,2033,13,,3817,8800,Nagykanizsa,Csengery utca,82/a,,POINT (46.44381 16.98909),Csengery u.82/A,,,,,,06:00:00,06:00:00,06:00:00,06:00:00,06:00:00,06:00:00,06:00:00,21:00:00,21:00:00,21:00:00,21:00:00,21:00:00,21:00:00,21:00:00,,2018-06-14 18:06:06.062009+00:00,,,46.44381,16.98909,13,OMV,fuel,"{'amenity': 'fuel', 'brand': 'OMV', 'operator': 'OMV Hungária Kft.', 'payment:cash': 'yes', 'payment:debit_cards': 'yes', 'fuel:diesel': 'yes', 'fuel:octane_95': 'yes'}",https://www.omv.hu,huomvfu
1892,2034,13,,3713,8700,Marcali,Noszlopy utca,120,,POINT (46.60429 17.40282),Noszlopy u.120,,,,,,05:30:00,05:30:00,05:30:00,05:30:00,05:30:00,05:30:00,05:30:00,21:00:00,21:00:00,21:00:00,21:00:00,21:00:00,21:00:00,21:00:00,,2018-06-14 18:06:06.062009+00:00,,,46.60429,17.40282,13,OMV,fuel,"{'amenity': 'fuel', 'brand': 'OMV', 'operator': 'OMV Hungária Kft.', 'payment:cash': 'yes', 'payment:debit_cards': 'yes', 'fuel:diesel': 'yes', 'fuel:octane_95': 'yes'}",https://www.omv.hu,huomvfu
1893,2035,13,,2622,7013,Cece,Vasút utca,2,,POINT (46.77124 18.62553),Vasút utca 2.,,,,,,05:00:00,05:00:00,05:00:00,05:00:00,05:00:00,05:00:00,05:00:00,22:00:00,22:00:00,22:00:00,22:00:00,22:00:00,22:00:00,22:00:00,,2018-06-14 18:06:06.062009+00:00,,,46.77124,18.62553,13,OMV,fuel,"{'amenity': 'fuel', 'brand': 'OMV', 'operator': 'OMV Hungária Kft.', 'payment:cash': 'yes', 'payment:debit_cards': 'yes', 'fuel:diesel': 'yes', 'fuel:octane_95': 'yes'}",https://www.omv.hu,huomvfu
1894,2036,13,,2628,7020,Dunaföldvár,Paksi út,125/a,,POINT (46.79482 18.91842),Paksi út 125/a,,,,,,06:00:00,06:00:00,06:00:00,06:00:00,06:00:00,06:00:00,06:00:00,22:00:00,22:00:00,22:00:00,22:00:00,22:00:00,22:00:00,22:00:00,,2018-06-14 18:06:06.062009+00:00,,,46.79482,18.91842,13,OMV,fuel,"{'amenity': 'fuel', 'brand': 'OMV', 'operator': 'OMV Hungária Kft.', 'payment:cash': 'yes', 'payment:debit_cards': 'yes', 'fuel:diesel': 'yes', 'fuel:octane_95': 'yes'}",https://www.omv.hu,huomvfu
1895,2037,13,,2136,5000,Szolnok,Dráva utca,42,,POINT (47.18216 20.18402),Dráva utca 42,,,3656342766.0,,True,,,,,,,,,,,,,,,,2018-06-14 18:06:06.062009+00:00,,,47.18216,20.18402,13,OMV,fuel,"{'amenity': 'fuel', 'brand': 'OMV', 'operator': 'OMV Hungária Kft.', 'payment:cash': 'yes', 'payment:debit_cards': 'yes', 'fuel:diesel': 'yes', 'fuel:octane_95': 'yes'}",https://www.omv.hu,huomvfu
1896,2038,13,,784,2351,Alsónémedi,,,2553,POINT (47.30212 19.17968),5.sz.főút 2553 hrsz.,,,3629337164.0,,True,,,,,,,,,,,,,,,,2018-06-14 18:06:06.062009+00:00,,,47.30212,19.17968,13,OMV,fuel,"{'amenity': 'fuel', 'brand': 'OMV', 'operator': 'OMV Hungária Kft.', 'payment:cash': 'yes', 'payment:debit_cards': 'yes', 'fuel:diesel': 'yes', 'fuel:octane_95': 'yes'}",https://www.omv.hu,huomvfu
1897,2039,13,,924,2651,Rétság,Pusztaszántói út,1,,POINT (47.91957 19.12223),Pusztaszántói út 1.,,,3635351982.0,,,05:00:00,05:00:00,05:00:00,05:00:00,05:00:00,05:00:00,05:00:00,22:00:00,22:00:00,22:00:00,22:00:00,22:00:00,22:00:00,22:00:00,,2018-06-14 18:06:06.062009+00:00,,,47.91957,19.12223,13,OMV,fuel,"{'amenity': 'fuel', 'brand': 'OMV', 'operator': 'OMV Hungária Kft.', 'payment:cash': 'yes', 'payment:debit_cards': 'yes', 'fuel:diesel': 'yes', 'fuel:octane_95': 'yes'}",https://www.omv.hu,huomvfu
