,pc_id,poi_name,poi_type,poi_tags,poi_url_base,poi_code,poi_search_name,poi_search_avoid_name,preserve_original_name,preserve_original_post_code,export_poi_name,osm_search_distance_perfect,osm_search_distance_safe,osm_search_distance_unsafe
0,1,K&H Bank,bank,"{'amenity': 'bank', 'atm': 'yes', 'air_conditioning': 'yes', 'brand': 'K&H', 'operator': 'K&H Bank Zrt.', 'operator:addr': '1095 Budapest, Lechner Ödön fasor 9.', 'bic': 'OKHBHUHB', 'ref:vatin': 'HU10195664', 'ref:vatin:hu': '10195664-4-44', 'ref:HU:company': '01 10 041043'}",https://www.kh.hu,hukhbank,(kh bank|k&h bank|k&h|kh),,False,False,True,2000.0,200.0,4.0
1,2,dm,chemist,"{'shop': 'chemist', 'operator': 'dm Kft.', 'brand': 'dm', 'brand:wikidata': 'Q266572', 'brand:wikipedia': 'en:Dm-drogerie markt', 'contact:facebook': 'https://www.facebook.com/dm.Magyarorszag', 'contact:youtube': 'https://www.youtube.com/user/dmMagyarorszag', 'contact:instagram': 'https://www.instagram.com/dm_magyarorszag', 'ref:vatin': 'HU11181530', 'ref:vatin:hu': '11181530-2-44', 'ref:HU:company': '13 09 078006', 'air_conditioning': 'yes', 'payment:contactless': 'yes', 'payment:mastercard': 'yes', 'payment:visa': 'yes', 'payment:mastercard_electronic': 'yes', 'payment:maestro': 'yes', 'payment:visa_electron': 'yes', 'payment:mastercard_contactless': 'yes', 'payment:cash': 'yes'}",https://www.dm.hu,hudmche,dm,,False,False,True,2000.0,200.0,15.0
2,3,Aldi,shop,"{'shop': 'supermarket', 'operator': 'ALDI Magyarország Élelmiszer Bt.', 'operator:addr': '2051 Biatorbágy, Mészárosok útja 2.', 'brand': 'Aldi', 'ref:vatin:hu': '22234663-2-44', 'ref:vatin': 'HU22234663', 'ref:company:HU': '13 06 058506', 'brand:wikipedia': 'hu:Aldi', 'brand:wikidata': 'Q125054', 'contact:facebook': 'https://www.facebook.com/ALDI.Magyarorszag', 'contact:youtube': 'https://www.youtube.com/user/ALDIMagyarorszag', 'contact:instagram': 'https://www.instagram.com/aldi.magyarorszag', 'air_conditioning': 'yes', 'payment:contactless': 'yes', 'payment:mastercard': 'yes', 'payment:visa': 'yes', 'payment:mastercard_electronic': 'yes', 'payment:maestro': 'yes', 'payment:visa_electron': 'yes', 'payment:mastercard_contactless': 'yes', 'payment:cash': 'yes'}",https://www.aldi.hu,hualdisup,aldi,,False,False,True,1000.0,200.0,
3,4,MagNet Bank,bank,"{'amenity': 'bank', 'atm': 'yes', 'air_conditioning': 'yes', 'brand': 'MagNet Bank', 'brand:wikidata': 'Q17379757', 'bic': 'HBWEHUHB', 'brand:wikipedia': 'hu:MagNet Bank', 'operator': 'MagNet Magyar Közösségi Bank Zrt.', 'operator:addr': '1062 Budapest, Andrássy út 98.', 'contact:fax': '+36 1 428 8889', 'ref:HU:company': '01 10 046111', 'ref:vatin': 'HU14413591', 'ref:vatin:hu': '14413591-4-44'}",https://www.magnetbank.hu,humagnbank,(magnet bank|magnetbank),,False,False,True,2000.0,200.0,10.0
4,5,K&H Bank ATM,atm,"{'amenity': 'atm', 'brand': 'K&H', 'operator': 'K&H Bank Zrt.', 'operator:addr': '1095 Budapest, Lechner Ödön fasor 9.', 'bic': 'OKHBHUHB', 'ref:vatin': 'HU10195664', 'ref:vatin:hu': '10195664-4-44', 'ref:HU:company': '01 10 041043'}",https://www.kh.hu,hukhatm,(kh bank atm|k&h bank atm|k&h atm|kh atm),,False,False,True,2000.0,80.0,3.0
5,6,Avia,fuel,"{'amenity': 'fuel', 'brand': 'Avia', 'operator': 'AVIA Hungária Kft.', 'fuel:diesel': 'yes', 'fuel:octane_95': 'yes', 'contact:email': 'avia@avia.hu', 'contact:facebook': 'https://www.facebook.com/AVIAHungary', 'contact:youtube': 'https://www.youtube.com/channel/UCjvjkjf2RgmKBuTnKSXk-Rg', 'payment:contactless': 'yes', 'payment:mastercard': 'yes', 'payment:visa': 'yes', 'payment:mastercard_electronic': 'yes', 'payment:maestro': 'yes', 'payment:visa_electron': 'yes', 'payment:mastercard_contactless': 'yes', 'payment:cash': 'yes'}",https://www.avia.hu,huaviafu,avia,(mol|shell|m. petrol|lukoil|hunoil),False,False,True,30000.0,800.0,110.0
6,7,CIB Bank,bank,"{'amenity': 'bank', 'atm': 'yes', 'air_conditioning': 'yes', 'brand': 'CIB Bank', 'operator': 'CIB Bank Zrt.', 'operator:addr': '1027 Budapest, Medve u 4-14.', 'bic': 'CIBHHUHB', 'ref:vatin': 'HU10136915', 'ref:vatin:hu': '10136915-4-44', 'ref:HU:company': '01 10 041004', 'brand:wikidata': 'Q839566', 'brand:wikipedia': 'hu:CIB Bank'}",https://www.cib.hu,hucibbank,(cib bank|cib),(raiffeisen|otp|k&h|budapest),False,False,True,300.0,100.0,40.0
7,8,CBA,shop,"{'shop': 'convenience', 'brand': 'CBA', 'payment:contactless': 'yes', 'payment:mastercard': 'yes', 'payment:visa': 'yes', 'payment:mastercard_electronic': 'yes', 'payment:maestro': 'yes', 'payment:visa_electron': 'yes', 'payment:mastercard_contactless': 'yes', 'payment:cash': 'yes'}",https://www.cba.hu,hucbacon,(cba abc|cba),,True,False,True,2000.0,200.0,5.0
8,9,MagNet Bank ATM,atm,"{'amenity': 'atm', 'brand': 'MagNet Bank', 'brand:wikidata': 'Q17379757', 'bic': 'HBWEHUHB', 'brand:wikipedia': 'hu:MagNet Bank', 'operator': 'MagNet Magyar Közösségi Bank Zrt.', 'operator:addr': '1062 Budapest, Andrássy út 98.', 'contact:fax': '+36 1 428 8889', 'ref:HU:company': '01 10 046111', 'ref:vatin': 'HU14413591', 'ref:vatin:hu': '14413591-4-44'}",https://www.magnetbank.hu,humagnatm,(magnet bank|magnetbank|magnet bank atm|magnet atm),,False,False,True,2000.0,80.0,10.0
9,10,CIB Bank ATM,atm,"{'amenity': 'atm', 'brand': 'CIB Bank', 'operator': 'CIB Bank Zrt.', 'operator:addr': '1027 Budapest, Medve u 4-14.', 'bic': 'CIBHHUHB', 'ref:vatin': 'HU10136915', 'ref:vatin:hu': '10136915-4-44', 'ref:HU:company': '01 10 041004', 'brand:wikidata': 'Q839566', 'brand:wikipedia': 'hu:CIB Bank'}",https://www.cib.hu,hucibatm,(cib bank atm|cib atm),(raiffeisen|otp|k&h|budapest),False,False,True,50.0,30.0,10.0
10,11,CBA,shop,"{'shop': 'supermarket', 'brand': 'CBA', 'payment:contactless': 'yes', 'payment:mastercard': 'yes', 'payment:visa': 'yes', 'payment:mastercard_electronic': 'yes', 'payment:maestro': 'yes', 'payment:visa_electron': 'yes', 'payment:mastercard_contactless': 'yes', 'payment:cash': 'yes'}",https://www.cba.hu,hucbasup,(cba abc|cba),,True,False,True,2000.0,200.0,5.0
11,12,Benu gyógyszertár,pharmacy,"{'amenity': 'pharmacy', 'brand': 'Benu gyógyszertár', 'dispensing': 'yes', 'contact:facebook': 'https://www.facebook.com/BENUgyogyszertar', 'contact:youtube': 'https://www.youtube.com/channel/UCBLjL10QMtRHdkak0h9exqg', 'air_conditioning': 'yes', 'payment:contactless': 'yes', 'payment:mastercard': 'yes', 'payment:visa': 'yes', 'payment:mastercard_electronic': 'yes', 'payment:maestro': 'yes', 'payment:visa_electron': 'yes', 'payment:mastercard_contactless': 'yes', 'payment:cash': 'yes'}",https://benu.hu,hubenupha,(benu gyogyszertár|benu),,True,False,True,2000.0,200.0,20.0
12,14,Príma,shop,"{'shop': 'convenience', 'brand': 'Príma', 'payment:contactless': 'yes', 'payment:mastercard': 'yes', 'payment:visa': 'yes', 'payment:mastercard_electronic': 'yes', 'payment:maestro': 'yes', 'payment:visa_electron': 'yes', 'payment:mastercard_contactless': 'yes', 'payment:cash': 'yes'}",https://www.prima.hu,huprimacon,(príma abc|prima abc|príma|prima),,True,False,True,2000.0,200.0,23.0
13,13,Jysk,furniture,"{'shop': 'furniture', 'brand:wikidata': 'Q138913', 'brand:wikipedia': 'hu:JYSK', 'contact:facebook': 'https://www.facebook.com/JYSK.Magyarorszag/', 'operator:addr': '1103 Budapest, Sibrik Miklós út 30.', 'operator': 'JYSK Kft.', 'ref:vatin': 'HU13353298', 'ref:vatin:hu': '13353298-2-44', 'ref:HU:company': '01 09 730940', 'payment:contactless': 'yes', 'payment:mastercard': 'yes', 'payment:visa': 'yes', 'payment:mastercard_electronic': 'yes', 'payment:maestro': 'yes', 'payment:visa_electron': 'yes', 'payment:mastercard_contactless': 'yes', 'payment:cash': 'yes'}",https://jysk.hu,hujyskfur,jysk,,False,False,True,800.0,300.0,80.0
14,15,Príma,shop,"{'shop': 'supermarket', 'brand': 'Príma', 'payment:contactless': 'yes', 'payment:mastercard': 'yes', 'payment:visa': 'yes', 'payment:mastercard_electronic': 'yes', 'payment:maestro': 'yes', 'payment:visa_electron': 'yes', 'payment:mastercard_contactless': 'yes', 'payment:cash': 'yes'}",https://www.prima.hu,huprimasup,(príma abc|prima abc|príma|prima),,True,False,True,2000.0,200.0,23.0
15,16,Kulcs Patika,pharmacy,"{'amenity': 'pharmacy', 'brand': 'Kulcs Patikák', 'dispensing': 'yes', 'air_conditioning': 'yes', 'payment:contactless': 'yes', 'payment:mastercard': 'yes', 'payment:visa': 'yes', 'payment:mastercard_electronic': 'yes', 'payment:maestro': 'yes', 'payment:visa_electron': 'yes', 'payment:mastercard_contactless': 'yes', 'payment:cash': 'yes'}",https://www.kulcspatikak.hu/,hukulcspha,(kulcs patikák|kulcs patika|kulcs),,True,False,True,,,
16,17,Foxpost,vending_machine_parcel_locker_and_mail_in,"{'amenity': 'parcel_locker', 'parcel_mail_in': 'yes', 'brand': 'Foxpost', 'operator': 'FoxPost Zrt.', 'operator:addr': '3200 Gyöngyös, Batsányi János utca 9.', 'ref:vatin': 'HU25034644', 'ref:vatin:hu': '25034644-2-10', 'ref:HU:company': '10 10 020309', 'contact:facebook': 'https://www.facebook.com/foxpostzrt', 'contact:youtube': 'https://www.youtube.com/channel/UC3zt91sNKPimgA32Nmcu97w', 'contact:email': 'info@foxpost.hu', 'phone': '+36 1 999 03 69', 'payment:contactless': 'yes', 'payment:mastercard': 'yes', 'payment:visa': 'yes', 'payment:cash': 'no'}",https://www.foxpost.hu,hufoxpocso,foxpost,(alzabox|alza|dpd|gls|pick pack|postapont),False,False,True,600.0,200.0,20.0
17,18,Posta,post_office,"{'amenity': 'post_office', 'brand': 'Magyar Posta', 'operator': 'Magyar Posta Zrt.', 'operator:addr': '1138 Budapest, Dunavirág utca 2-6.', 'ref:vatin:hu': '10901232-2-44', 'ref:vatin': 'HU10901232', 'brand:wikipedia': 'hu:Magyar Posta Zrt.', 'brand:wikidata': 'Q145614', 'contact:email': 'ugyfelszolgalat@posta.hu', 'phone': '+3617678200', 'contact:facebook': 'https://www.facebook.com/MagyarPosta', 'contact:youtube': 'https://www.youtube.com/user/magyarpostaofficial', 'contact:instagram': 'https://www.instagram.com/magyar_posta_zrt', 'payment:cash': 'yes', 'payment:debit_cards': 'yes'}",https://www.posta.hu,hupostapo,posta,,False,True,True,2000.0,350.0,220.0
18,19,Posta csekkbefizető automata,vending_machine_cheques,"{'amenity': 'vending_machine', 'vending': 'cheques', 'brand': 'Magyar Posta', 'operator': 'Magyar Posta Zrt.', 'operator:addr': '1138 Budapest, Dunavirág utca 2-6.', 'ref:vatin:hu': '10901232-2-44', 'ref:vatin': 'HU10901232', 'brand:wikipedia': 'hu:Magyar Posta Zrt.', 'brand:wikidata': 'Q145614', 'contact:email': 'ugyfelszolgalat@posta.hu', 'phone': '+3617678200', 'contact:facebook': 'https://www.facebook.com/MagyarPosta', 'contact:youtube': 'https://www.youtube.com/user/magyarpostaofficial', 'contact:instagram': 'https://www.instagram.com/magyar_posta_zrt', 'payment:cash': 'yes', 'payment:debit_cards': 'yes'}",https://www.posta.hu,hupostacse,posta,,False,False,True,2000.0,300.0,220.0
19,20,Posta csomagautomata,vending_machine_parcel_locker,"{'amenity': 'parcel_locker', 'parcel_mail_in': 'yes', 'brand': 'Magyar Posta', 'operator': 'Magyar Posta Zrt.', 'operator:addr': '1138 Budapest, Dunavirág utca 2-6.', 'ref:vatin:hu': '10901232-2-44', 'ref:vatin': 'HU10901232', 'brand:wikipedia': 'hu:Magyar Posta Zrt.', 'brand:wikidata': 'Q145614', 'contact:email': 'ugyfelszolgalat@posta.hu', 'phone': '+3617678200', 'contact:facebook': 'https://www.facebook.com/MagyarPosta', 'contact:youtube': 'https://www.youtube.com/user/magyarpostaofficial', 'contact:instagram': 'https://www.instagram.com/magyar_posta_zrt', 'payment:cash': 'yes', 'payment:debit_cards': 'yes'}",https://www.posta.hu,hupostacso,(mpl|posta),,False,False,True,2000.0,200.0,
20,21,PostaPont,post_office,"{'amenity': 'post_office', 'brand': 'Magyar Posta', 'operator': 'Magyar Posta Zrt.', 'operator:addr': '1138 Budapest, Dunavirág utca 2-6.', 'ref:vatin:hu': '10901232-2-44', 'ref:vatin': 'HU10901232', 'brand:wikipedia': 'hu:Magyar Posta Zrt.', 'brand:wikidata': 'Q145614', 'contact:email': 'ugyfelszolgalat@posta.hu', 'phone': '+3617678200', 'contact:facebook': 'https://www.facebook.com/MagyarPosta', 'contact:youtube': 'https://www.youtube.com/user/magyarpostaofficial', 'contact:instagram': 'https://www.instagram.com/magyar_posta_zrt', 'payment:cash': 'yes', 'payment:debit_cards': 'yes'}",https://www.posta.hu,hupostapp,(postapont|posta),,False,True,True,2000.0,300.0,220.0
21,22,Mobilposta,post_office,"{'amenity': 'post_office', 'brand': 'Magyar Posta', 'operator': 'Magyar Posta Zrt.', 'operator:addr': '1138 Budapest, Dunavirág utca 2-6.', 'ref:vatin:hu': '10901232-2-44', 'ref:vatin': 'HU10901232', 'brand:wikipedia': 'hu:Magyar Posta Zrt.', 'brand:wikidata': 'Q145614', 'contact:email': 'ugyfelszolgalat@posta.hu', 'phone': '+3617678200', 'contact:facebook': 'https://www.facebook.com/MagyarPosta', 'contact:youtube': 'https://www.youtube.com/user/magyarpostaofficial', 'contact:instagram': 'https://www.instagram.com/magyar_posta_zrt', 'payment:cash': 'yes', 'payment:debit_cards': 'yes'}",https://www.posta.hu,hupostamp,posta,,False,False,True,2000.0,300.0,
22,23,MKB Bank,bank,"{'amenity': 'bank', 'atm': 'yes', 'air_conditioning': 'yes', 'brand': 'MKB Bank', 'brand:wikidata': 'Q916185', 'bic': 'MKKBHUHB', 'brand:wikipedia': 'hu:MKB Bank', 'operator': 'MKB Bank Nyrt.', 'operator:addr': '1056 Budapest, Váci u. 38.', 'ref:vatin': 'HU10011922', 'ref:vatin:hu': '10011922-4-44', 'ref:HU:company': '01 10 040952'}",https://www.mkb.hu,humkbbank,(mkb|mkb bank),(otpbank|otp|otp bank|raiffeisenbank|raiffeisen bank|kh bank|k&h|raiffeisen|budapest bank|takarék bank|takarék),False,False,True,300.0,100.0,40.0
23,24,MKB Bank ATM,atm,"{'amenity': 'atm', 'brand': 'MKB Bank', 'brand:wikidata': 'Q916185', 'bic': 'MKKBHUHB', 'brand:wikipedia': 'hu:MKB Bank', 'operator': 'MKB Bank Nyrt.', 'operator:addr': '1056 Budapest, Váci u. 38.', 'ref:vatin': 'HU10011922', 'ref:vatin:hu': '10011922-4-44', 'ref:HU:company': '01 10 040952', 'air_conditioning': 'yes'}",https://www.mkb.hu,humkbatm,(mkb|mkb bank|mkb bank atm|mkb atm),(otp atm|otp|raiffeisen|raiffeisen atm|kh bank|k&h|budapest bank|takarék bank|takarék),False,False,True,50.0,30.0,10.0
24,25,Mobiliti,charging_station,"{'amenity': 'charging_station', 'authentication:app': 'yes', 'authentication:none': 'yes', 'authentication:membership_card': 'yes', 'operator': 'NKM Mobilitás Kft.', 'operator:addr': '1081 Budapest, II. János Pál pápa tér 20.', 'fee': 'yes', 'parking:fee': 'no', 'opening_hours': '24/7', 'ref:vatin': 'HU23443486', 'ref:vatin:hu': '23443486-2-42', 'ref:HU:company': '01-09-965868', 'contact:website': 'https://www.mobiliti.hu/emobilitas', 'contact:email': 'help@mobiliti.hu', 'contact:phone': '+36 62 565 758'}",https://www.mobiliti.hu,humobilchs,(mobility|e-mobi|emobi|e-töltőpont),(tesla|supercharger|plugee),False,False,True,50.0,30.0,10.0
25,26,Mobil Petrol,fuel,"{'amenity': 'fuel', 'brand': 'Mobil Petrol', 'contact:email': 'info@mpetrol.hu', 'contact:facebook': 'https://www.facebook.com/mpetrolofficial/', 'name': 'Mobil Petrol', 'operator:addr': '1095 Budapest, Ipar utca 2.', 'operator': 'MPH Power Zrt.', 'fuel:diesel': 'yes', 'fuel:octane_95': 'yes', 'payment:contactless': 'yes', 'payment:mastercard': 'yes', 'payment:visa': 'yes', 'payment:mastercard_electronic': 'yes', 'payment:maestro': 'yes', 'payment:visa_electron': 'yes', 'payment:mastercard_contactless': 'yes', 'payment:cash': 'yes'}",http://mpetrol.hu/,humobpefu,(mobil metrol|shell),(mol|shell|avia|lukoil|hunoil),False,False,True,,,
26,27,MOL Bubi,bicycle_rental,"{'amenity': 'bicycle_rental', 'brand': 'MOL Bubi', 'brand:wikidata': 'Q16971969', 'brand:wikipedia': 'hu:MOL Bubi', 'operator': 'Budapesti Közlekedési Központ Zrt.', 'operator:wikidata': 'Q608917', 'operator:wikipedia': 'hu:Budapesti Közlekedési Központ', 'operator:addr': '1075 Budapest Rumbach Sebestyén utca 19-21.', 'network': 'Bubi', 'network:wikidata': 'Q16971969', 'network:wikipedia': 'hu:MOL Bubi', 'contact:phone': '+36 1 325 5255', 'contact:email': 'bkk@bkk.hu', 'contact:instagram': 'https://www.instagram.com/molbubi/', 'contact:facebook': 'https://www.facebook.com/molbubi', 'contact:youtube': 'https://www.youtube.com/user/bkkweb', 'twitter': 'molbubi', 'fee': 'yes', 'payment:credit_cards': 'yes', 'payment:app': 'yes', 'charge': '20 HUF/minute'}",https://molbubi.bkk.hu,hububibir,(mol bubi|bubi),,False,False,False,,,
27,28,MOL Plugee,charging_station,"{'amenity': 'charging_station', 'authentication:app': 'yes', 'authentication:none': 'yes', 'brand': 'MOL', 'operator': 'MOL Nyrt.', 'operator:addr': '1117 Budapest, Október huszonharmadika utca 18.', 'fee': 'yes', 'parking:fee': 'no', 'opening_hours': '24/7', 'ref:vatin': 'HU10625790', 'ref:vatin:hu': '10625790-4-44', 'ref:HU:company': '01-10-041683', 'contact:email': 'info@molplugee.hu', 'contact:phone': '+36 1 998 9888', 'contact:website': 'https://molplugee.hu/', 'motorcar': 'yes'}",https://molplugee.hu,humolplchs,(mol plugee|plugee),,False,False,True,50.0,30.0,10.0
28,29,OIL!,fuel,"{'amenity': 'fuel', 'name': 'OIL!', 'brand': 'OIL!', 'fuel:diesel': 'yes', 'fuel:octane_95': 'yes', 'brand:wikidata': 'Q2007561', 'brand:wikipedia': 'OIL! Tankstellen', 'operator': 'Mabanaft Hungary Kft.', 'operator:addr': '1016 Budapest, Mészáros utca 58/B', 'ref:vatin:hu': '12700226-2-44', 'ref:vatin': 'HU12700226', 'ref:HU:company': '01-09-699184', 'contact:facebook': 'https://www.facebook.com/OILHungary/', 'payment:contactless': 'yes', 'payment:mastercard': 'yes', 'payment:visa': 'yes', 'payment:mastercard_electronic': 'yes', 'payment:maestro': 'yes', 'payment:visa_electron': 'yes', 'payment:mastercard_contactless': 'yes', 'payment:cash': 'yes'}",https://www.oil-benzinkutak.hu,huoilfu,(oil|oil!|oil benzinkutak|oil-benzinkutak),(mol|shell|m. petrol|avia|lukoil|hunoil),False,False,True,2000.0,450.0,60.0
29,30,OMV,fuel,"{'amenity': 'fuel', 'name': 'OMV', 'brand': 'OMV', 'fuel:diesel': 'yes', 'fuel:octane_95': 'yes', 'air_conditioning': 'yes', 'brand:wikidata': 'Q168238', 'brand:wikipedia': 'en:OMV', 'brand:operator': 'OMV Hungária Kft.', 'brand:operator:addr': '1117 Budapest, Október huszonharmadika utca 6-10 5. emelet 5/A.', 'ref:vatin:hu': '10542925-2-44', 'ref:vatin': 'HU10542925', 'ref:HU:company': '01-09-071584', 'contact:email': 'info.hungary@omv.com', 'contact:facebook': 'https://www.facebook.com/omvmagyarorszag', 'contact:fax': '+36 1 381 9899', 'contact:twitter': 'omv', 'contact:linkedin': 'https://www.linkedin.com/company/omv', 'contact:instagram': 'https://www.instagram.com/omv/', 'contact:youtube': 'https://www.youtube.com/user/omvofficial', 'payment:contactless': 'yes', 'payment:mastercard': 'yes', 'payment:visa': 'yes', 'payment:mastercard_electronic': 'yes', 'payment:maestro': 'yes', 'payment:visa_electron': 'yes', 'payment:mastercard_contactless': 'yes', 'payment:cash': 'yes'}",https://www.omv.hu,huomvfu,(omv|omw|ömv|ömw|ovm|owm),(mol|shell|m. petrol|avia|lukoil|hunoil),False,False,True,2000.0,450.0,60.0
30,31,Penny Market,shop,"{'shop': 'supermarket', 'operator': 'Penny Market Kft.', 'brand': 'Penny Market', 'brand:wikidata': 'Q284688', 'brand:wikipedia': 'en:Penny (supermarket)', 'internet_access': 'wlan', 'internet_access:fee': 'no', 'internet_access:ssid': 'PENNY FREE WLAN', 'contact:email': 'ugyfelszolgalat@penny.hu', 'contact:facebook': 'https://www.facebook.com/PennyMarketMagyarorszag', 'contact:instagram': 'https://www.instagram.com/pennymarkethu', 'contact:youtube': 'https://www.youtube.com/channel/UCSy0KKUrDxVWkx8qicky_pQ', 'ref:vatin:hu': '10969629-2-44', 'ref:vatin': 'HU10969629', 'payment:contactless': 'yes', 'payment:mastercard': 'yes', 'payment:visa': 'yes', 'payment:mastercard_electronic': 'yes', 'payment:maestro': 'yes', 'payment:visa_electron': 'yes', 'payment:mastercard_contactless': 'yes', 'payment:cash': 'yes'}",https://www.penny.hu,hupennysup,penny,,False,False,True,2000.0,200.0,15.0
31,32,Pepco,clothes,"{'shop': 'clothes', 'brand': 'Pepco', 'brand:wikidata': 'Q11815580', 'brand:wikipedia': 'pl:Pepco', 'contact:facebook': 'https://www.facebook.com/pepcohu/', 'contact:website': 'https://pepco.hu/', 'contact:linkedin': 'https://www.linkedin.com/company/pepco-poland', 'contact:phone': '+36 1 701 0424', 'contact:email': 'ugyfelszolgalat@pepco.eu', 'operator': 'Pepkor Hungary Kft.', 'operator:addr': '1138 Budapest, Váci út 187.', 'payment:contactless': 'yes', 'payment:mastercard': 'yes', 'payment:visa': 'yes', 'payment:mastercard_electronic': 'yes', 'payment:maestro': 'yes', 'payment:visa_electron': 'yes', 'payment:mastercard_contactless': 'yes', 'payment:cash': 'yes'}",https://pepco.hu,hupepcoclo,pepco,,False,False,True,2000.0,200.0,5.0
32,33,Rossmann,chemist,"{'shop': 'chemist', 'operator': 'Rossmann Magyarország Kft.', 'operator:addr': '2225 Üllő, Zsaróka út 8.', 'ref:vatin:hu': '11149769-2-44', 'ref:vatin': 'HU11149769', 'brand': 'Rossmann', 'brand:wikidata': 'Q316004', 'brand:wikipedia': 'de:Dirk Rossmann GmbH', 'contact:email': 'ugyfelszolgalat@rossmann.hu', 'phone': '+36 29 889-800;+36 70 4692 800', 'contact:facebook': 'https://www.facebook.com/Rossmann.hu', 'contact:youtube': 'https://www.youtube.com/channel/UCmUCPmvMLL3IaXRBtx7-J7Q', 'contact:instagram': 'https://www.instagram.com/rossmann_hu', 'air_conditioning': 'yes', 'payment:contactless': 'yes', 'payment:mastercard': 'yes', 'payment:visa': 'yes', 'payment:mastercard_electronic': 'yes', 'payment:maestro': 'yes', 'payment:visa_electron': 'yes', 'payment:mastercard_contactless': 'yes', 'payment:cash': 'yes'}",https://www.rossmann.hu,hurossmche,rossmann,,False,False,True,2000.0,200.0,3.0
33,34,Sberbank,bank,"{'amenity': 'bank', 'atm': 'yes', 'air_conditioning': 'yes', 'brand': 'Sberbank', 'brand:wikidata': 'Q17379757', 'bic': 'MAVOHUHB', 'brand:wikipedia': 'en:Sberbank of Russia', 'operator': 'Sberbank Magyarország Zrt.', 'operator:addr': '1088 Budapest, Rákóczi út 1-3.', 'brand:ru': 'Сбербанк', 'name:ru': 'Сбербанк', 'ref:vatin': 'HU10776999', 'ref:vatin:hu': '10776999-2-44', 'ref:HU:company': '01 10 041720'}",https://www.sberbank.hu,husberbank,(sber|sberbank),(erste|raiffeisen),False,False,True,300.0,100.0,40.0
34,35,Sberbank ATM,atm,"{'amenity': 'atm', 'brand': 'Sberbank', 'brand:wikidata': 'Q17379757', 'bic': 'MAVOHUHB', 'brand:wikipedia': 'en:Sberbank of Russia', 'operator': 'Sberbank Magyarország Zrt.', 'operator:addr': '1088 Budapest, Rákóczi út 1-3.', 'brand:ru': 'Сбербанк', 'name:ru': 'Сбербанк', 'ref:vatin': 'HU10776999', 'ref:vatin:hu': '10776999-2-44', 'ref:HU:company': '01 10 041720'}",https://www.sberbank.hu,husberatm,(sber|sberbank),,False,False,True,50.0,30.0,10.0
35,36,Shell,fuel,"{'amenity': 'fuel', 'fuel:diesel': 'yes', 'fuel:octane_95': 'yes', 'payment:contactless': 'yes', 'payment:mastercard': 'yes', 'payment:visa': 'yes', 'payment:mastercard_electronic': 'yes', 'payment:maestro': 'yes', 'payment:visa_electron': 'yes', 'payment:mastercard_contactless': 'yes', 'loyalty_card': 'yes', 'payment:cash': 'yes', 'brand': 'Shell', 'contact:phone': '+36 1 480 1114', 'contact:fax': '+36 1 999 8673', 'contact:website': 'https://shell.hu/', 'contact:facebook': 'https://www.facebook.com/ShellMagyarorszag/', 'contact:twitter': 'shell', 'brand:wikidata': 'Q154950', 'brand:wikipedia': 'hu:Royal Dutch Shell', 'air_conditioning': 'yes'}",https://shell.hu,hushellfu,shell,(mol|m. petrol|avia|lukoil|hunoil),False,False,True,2000.0,300.0,60.0
36,37,Spar Expressz,shop,"{'shop': 'convenience', 'operator': 'SPAR Magyarország Kereskedelmi Kft.', 'brand': 'Spar', 'brand:wikipedia': 'hu:Spar', 'brand:wikidata': 'Q610492', 'contact:email': 'vevoszolgalat@spar.hu', 'phone': '+36208237727', 'contact:facebook': 'https://www.facebook.com/sparmagyarorszag', 'contact:youtube': 'https://www.youtube.com/channel/UC9tu8COHiy4WkeTIN1k_Y8A', 'contact:instagram': 'https://www.instagram.com/sparmagyarorszag', 'payment:contactless': 'yes', 'payment:mastercard': 'yes', 'payment:visa': 'yes', 'payment:erzsebet': 'yes', 'payment:erzsebet_plus': 'yes', 'payment:edenred_voucher': 'yes', 'payment:edenred_card': 'yes', 'payment:otp_cafeteria': 'yes', 'payment:multipay': 'yes', 'payment:mastercard_electronic': 'yes', 'payment:maestro': 'yes', 'payment:visa_electron': 'yes', 'payment:mastercard_contactless': 'yes', 'payment:otp_bankpont': 'yes', 'payment:american_express': 'yes', 'payment:jcb': 'yes', 'payment:v_pay': 'yes', 'payment:unionpay': 'yes', 'payment:cash': 'yes'}",https://www.spar.hu,husparecon,(spar|spar express|spar expressz),,False,False,True,2000.0,200.0,15.0
37,38,Interspar,shop,"{'shop': 'supermarket', 'operator': 'SPAR Magyarország Kereskedelmi Kft.', 'brand': 'Spar', 'brand:wikipedia': 'hu:Spar', 'brand:wikidata': 'Q610492', 'contact:email': 'vevoszolgalat@spar.hu', 'phone': '+36208237727', 'contact:facebook': 'https://www.facebook.com/sparmagyarorszag', 'contact:youtube': 'https://www.youtube.com/channel/UC9tu8COHiy4WkeTIN1k_Y8A', 'contact:instagram': 'https://www.instagram.com/sparmagyarorszag', 'payment:contactless': 'yes', 'payment:mastercard': 'yes', 'payment:visa': 'yes', 'payment:erzsebet': 'yes', 'payment:erzsebet_plus': 'yes', 'payment:edenred_voucher': 'yes', 'payment:edenred_card': 'yes', 'payment:otp_cafeteria': 'yes', 'payment:multipay': 'yes', 'payment:mastercard_electronic': 'yes', 'payment:maestro': 'yes', 'payment:visa_electron': 'yes', 'payment:mastercard_contactless': 'yes', 'payment:otp_bankpont': 'yes', 'payment:american_express': 'yes', 'payment:jcb': 'yes', 'payment:v_pay': 'yes', 'payment:unionpay': 'yes', 'payment:cash': 'yes'}",https://www.spar.hu,husparisup,(spar|interspar),,False,False,True,2000.0,200.0,15.0
38,39,Spar,shop,"{'shop': 'supermarket', 'operator': 'SPAR Magyarország Kereskedelmi Kft.', 'brand': 'Spar', 'brand:wikipedia': 'hu:Spar', 'brand:wikidata': 'Q610492', 'contact:email': 'vevoszolgalat@spar.hu', 'phone': '+36208237727', 'contact:facebook': 'https://www.facebook.com/sparmagyarorszag', 'contact:youtube': 'https://www.youtube.com/channel/UC9tu8COHiy4WkeTIN1k_Y8A', 'contact:instagram': 'https://www.instagram.com/sparmagyarorszag', 'payment:contactless': 'yes', 'payment:mastercard': 'yes', 'payment:visa': 'yes', 'payment:erzsebet': 'yes', 'payment:erzsebet_plus': 'yes', 'payment:edenred_voucher': 'yes', 'payment:edenred_card': 'yes', 'payment:otp_cafeteria': 'yes', 'payment:multipay': 'yes', 'payment:mastercard_electronic': 'yes', 'payment:maestro': 'yes', 'payment:visa_electron': 'yes', 'payment:mastercard_contactless': 'yes', 'payment:otp_bankpont': 'yes', 'payment:american_express': 'yes', 'payment:jcb': 'yes', 'payment:v_pay': 'yes', 'payment:unionpay': 'yes', 'payment:cash': 'yes'}",https://www.spar.hu,husparsup,(spar|spar supermarket),,False,False,True,2000.0,200.0,15.0
39,40,DeSpar,shop,"{'shop': 'convenience', 'operator': 'SPAR Magyarország Kereskedelmi Kft.', 'brand': 'Spar', 'brand:wikipedia': 'hu:Spar', 'brand:wikidata': 'Q610492', 'contact:email': 'vevoszolgalat@spar.hu', 'phone': '+36208237727', 'contact:facebook': 'https://www.facebook.com/sparmagyarorszag', 'contact:youtube': 'https://www.youtube.com/channel/UC9tu8COHiy4WkeTIN1k_Y8A', 'contact:instagram': 'https://www.instagram.com/sparmagyarorszag', 'payment:contactless': 'yes', 'payment:mastercard': 'yes', 'payment:visa': 'yes', 'payment:erzsebet': 'yes', 'payment:erzsebet_plus': 'yes', 'payment:edenred_voucher': 'yes', 'payment:edenred_card': 'yes', 'payment:otp_cafeteria': 'yes', 'payment:multipay': 'yes', 'payment:mastercard_electronic': 'yes', 'payment:maestro': 'yes', 'payment:visa_electron': 'yes', 'payment:mastercard_contactless': 'yes', 'payment:otp_bankpont': 'yes', 'payment:american_express': 'yes', 'payment:jcb': 'yes', 'payment:v_pay': 'yes', 'payment:unionpay': 'yes', 'payment:cash': 'yes'}",https://www.spar.hu,huspardcon,(spar|despar),,False,False,True,2000.0,200.0,15.0
40,41,Tesco Expressz,shop,"{'shop': 'convenience', 'brand:wikidata': 'Q98456772', 'operator': 'TESCO-GLOBAL Áruházak Zrt.', 'operator:addr': '2040 Budaörs, Kinizsi út 1-3.', 'ref:HU:company': '13-10-040628', 'ref:vatin:hu': '10307078-2-44', 'ref:vatin': 'HU10307078', 'brand': 'Tesco', 'brand:wikipedia': 'hu:Tesco', 'internet_access': 'wlan', 'internet_access:fee': 'no', 'internet_access:ssid': 'tesco-internet', 'contact:facebook': 'https://www.facebook.com/tescoaruhazak', 'contact:pinterest': 'https://www.pinterest.com/tescohungary/', 'contact:youtube': 'https://www.youtube.com/user/TescoMagyarorszag', 'loyalty_card': 'yes', 'payment:gift_card': 'yes', 'payment:wire_transfer': 'yes', 'air_conditioning': 'yes', 'payment:contactless': 'yes', 'payment:mastercard': 'yes', 'payment:visa': 'yes', 'payment:erzsebet': 'yes', 'payment:erzsebet_plus': 'yes', 'payment:edenred_voucher': 'yes', 'payment:edenred_card': 'yes', 'payment:otp_cafeteria': 'yes', 'payment:multipay': 'yes', 'payment:mastercard_electronic': 'yes', 'payment:maestro': 'yes', 'payment:visa_electron': 'yes', 'payment:mastercard_contactless': 'yes', 'payment:otp_bankpont': 'yes', 'payment:american_express': 'yes', 'payment:jcb': 'yes', 'payment:v_pay': 'yes', 'payment:unionpay': 'yes', 'payment:cash': 'yes'}",https://tesco.hu,hutescoexp,tesco,,False,False,True,2000.0,200.0,
41,42,Tesco Extra,shop,"{'shop': 'supermarket', 'wheelchair': 'yes', 'source:wheelchair': 'website', 'brand:wikidata': 'Q25172225', 'operator': 'TESCO-GLOBAL Áruházak Zrt.', 'operator:addr': '2040 Budaörs, Kinizsi út 1-3.', 'ref:HU:company': '13-10-040628', 'ref:vatin:hu': '10307078-2-44', 'ref:vatin': 'HU10307078', 'brand': 'Tesco', 'brand:wikipedia': 'hu:Tesco', 'internet_access': 'wlan', 'internet_access:fee': 'no', 'internet_access:ssid': 'tesco-internet', 'contact:facebook': 'https://www.facebook.com/tescoaruhazak', 'contact:pinterest': 'https://www.pinterest.com/tescohungary/', 'contact:youtube': 'https://www.youtube.com/user/TescoMagyarorszag', 'loyalty_card': 'yes', 'payment:gift_card': 'yes', 'payment:wire_transfer': 'yes', 'air_conditioning': 'yes', 'payment:contactless': 'yes', 'payment:mastercard': 'yes', 'payment:visa': 'yes', 'payment:erzsebet': 'yes', 'payment:erzsebet_plus': 'yes', 'payment:edenred_voucher': 'yes', 'payment:edenred_card': 'yes', 'payment:otp_cafeteria': 'yes', 'payment:multipay': 'yes', 'payment:mastercard_electronic': 'yes', 'payment:maestro': 'yes', 'payment:visa_electron': 'yes', 'payment:mastercard_contactless': 'yes', 'payment:otp_bankpont': 'yes', 'payment:american_express': 'yes', 'payment:jcb': 'yes', 'payment:v_pay': 'yes', 'payment:unionpay': 'yes', 'payment:cash': 'yes'}",https://tesco.hu,hutescoext,tesco,,False,False,True,2000.0,1100.0,
42,43,Tesco,shop,"{'shop': 'supermarket', 'wheelchair': 'yes', 'source:wheelchair': 'website', 'brand:wikidata': 'Q487494', 'operator': 'TESCO-GLOBAL Áruházak Zrt.', 'operator:addr': '2040 Budaörs, Kinizsi út 1-3.', 'ref:HU:company': '13-10-040628', 'ref:vatin:hu': '10307078-2-44', 'ref:vatin': 'HU10307078', 'brand': 'Tesco', 'brand:wikipedia': 'hu:Tesco', 'internet_access': 'wlan', 'internet_access:fee': 'no', 'internet_access:ssid': 'tesco-internet', 'contact:facebook': 'https://www.facebook.com/tescoaruhazak', 'contact:pinterest': 'https://www.pinterest.com/tescohungary/', 'contact:youtube': 'https://www.youtube.com/user/TescoMagyarorszag', 'loyalty_card': 'yes', 'payment:gift_card': 'yes', 'payment:wire_transfer': 'yes', 'air_conditioning': 'yes', 'payment:contactless': 'yes', 'payment:mastercard': 'yes', 'payment:visa': 'yes', 'payment:erzsebet': 'yes', 'payment:erzsebet_plus': 'yes', 'payment:edenred_voucher': 'yes', 'payment:edenred_card': 'yes', 'payment:otp_cafeteria': 'yes', 'payment:multipay': 'yes', 'payment:mastercard_electronic': 'yes', 'payment:maestro': 'yes', 'payment:visa_electron': 'yes', 'payment:mastercard_contactless': 'yes', 'payment:otp_bankpont': 'yes', 'payment:american_express': 'yes', 'payment:jcb': 'yes', 'payment:v_pay': 'yes', 'payment:unionpay': 'yes', 'payment:cash': 'yes'}",https://tesco.hu,hutescosup,tesco,,False,False,True,2000.0,1100.0,
43,44,S-Market,shop,"{'shop': 'convenience', 'alt_name': 'Tesco Expressz', 'brand:wikidata': 'Q487494', 'operator': 'TESCO-GLOBAL Áruházak Zrt.', 'operator:addr': '2040 Budaörs, Kinizsi út 1-3.', 'ref:HU:company': '13-10-040628', 'ref:vatin:hu': '10307078-2-44', 'ref:vatin': 'HU10307078', 'brand': 'Tesco', 'brand:wikipedia': 'hu:Tesco', 'internet_access': 'wlan', 'internet_access:fee': 'no', 'internet_access:ssid': 'tesco-internet', 'contact:facebook': 'https://www.facebook.com/tescoaruhazak', 'contact:pinterest': 'https://www.pinterest.com/tescohungary/', 'contact:youtube': 'https://www.youtube.com/user/TescoMagyarorszag', 'loyalty_card': 'yes', 'payment:gift_card': 'yes', 'payment:wire_transfer': 'yes', 'air_conditioning': 'yes', 'payment:contactless': 'yes', 'payment:mastercard': 'yes', 'payment:visa': 'yes', 'payment:erzsebet': 'yes', 'payment:erzsebet_plus': 'yes', 'payment:edenred_voucher': 'yes', 'payment:edenred_card': 'yes', 'payment:otp_cafeteria': 'yes', 'payment:multipay': 'yes', 'payment:mastercard_electronic': 'yes', 'payment:maestro': 'yes', 'payment:visa_electron': 'yes', 'payment:mastercard_contactless': 'yes', 'payment:otp_bankpont': 'yes', 'payment:american_express': 'yes', 'payment:jcb': 'yes', 'payment:v_pay': 'yes', 'payment:unionpay': 'yes', 'payment:cash': 'yes'}",https://tesco.hu,husmrktexp,(tesco|smarket|s-market|s market),,False,False,True,2000.0,200.0,
44,45,S-Market,shop,"{'shop': 'supermarket', 'wheelchair': 'yes', 'source:wheelchair': 'website', 'alt_name': 'Tesco', 'brand:wikidata': 'Q487494', 'operator': 'TESCO-GLOBAL Áruházak Zrt.', 'operator:addr': '2040 Budaörs, Kinizsi út 1-3.', 'ref:HU:company': '13-10-040628', 'ref:vatin:hu': '10307078-2-44', 'ref:vatin': 'HU10307078', 'brand': 'Tesco', 'brand:wikipedia': 'hu:Tesco', 'internet_access': 'wlan', 'internet_access:fee': 'no', 'internet_access:ssid': 'tesco-internet', 'contact:facebook': 'https://www.facebook.com/tescoaruhazak', 'contact:pinterest': 'https://www.pinterest.com/tescohungary/', 'contact:youtube': 'https://www.youtube.com/user/TescoMagyarorszag', 'loyalty_card': 'yes', 'payment:gift_card': 'yes', 'payment:wire_transfer': 'yes', 'air_conditioning': 'yes', 'payment:contactless': 'yes', 'payment:mastercard': 'yes', 'payment:visa': 'yes', 'payment:erzsebet': 'yes', 'payment:erzsebet_plus': 'yes', 'payment:edenred_voucher': 'yes', 'payment:edenred_card': 'yes', 'payment:otp_cafeteria': 'yes', 'payment:multipay': 'yes', 'payment:mastercard_electronic': 'yes', 'payment:maestro': 'yes', 'payment:visa_electron': 'yes', 'payment:mastercard_contactless': 'yes', 'payment:otp_bankpont': 'yes', 'payment:american_express': 'yes', 'payment:jcb': 'yes', 'payment:v_pay': 'yes', 'payment:unionpay': 'yes', 'payment:cash': 'yes'}",https://tesco.hu,husmrktsup,(tesco|smarket|s-market|s market),,False,False,True,2000.0,200.0,
45,46,Tom Market,shop,"{'shop': 'convenience', 'name': 'Tom Market', 'contact:facebook': 'https://www.facebook.com/TOM.Market.Magyarorszag', 'payment:contactless': 'yes', 'payment:mastercard': 'yes', 'payment:visa': 'yes', 'payment:erzsebet': 'yes', 'payment:erzsebet_plus': 'yes', 'payment:edenred_voucher': 'yes', 'payment:edenred_card': 'yes', 'payment:otp_cafeteria': 'yes', 'payment:multipay': 'yes', 'payment:mastercard_electronic': 'yes', 'payment:maestro': 'yes', 'payment:visa_electron': 'yes', 'payment:mastercard_contactless': 'yes', 'payment:otp_bankpont': 'yes', 'payment:american_express': 'yes', 'payment:jcb': 'yes', 'payment:v_pay': 'yes', 'payment:unionpay': 'yes', 'payment:cash': 'yes'}",https://tommarket.hu,hutommacon,tom market|tommarket,,False,False,True,2000.0,200.0,
46,47,Yves Rocher,cosmetics,"{'shop': 'cosmetics', 'operator': 'Yves Rocher Hungary Kft. ', 'brand': 'Yves Rocher', 'brand:wikidata': 'Q28496595', 'brand:wikipedia': 'en:Yves Rocher (company)', 'contact:email': 'vevoszolgalat@yrnet.com', 'contact:facebook': 'https://www.facebook.com/YvesRocherHungary/', 'contact:youtube': 'https://www.youtube.com/channel/UC6GA7lucPWgbNlC_MoomB9g', 'contact:instagram': 'https://www.instagram.com/yves_rocher_magyarorszag/', 'operator:addr': '1132 Budapest, Váci út 20-26.', 'ref:vatin': 'HU10618646', 'ref:vatin:hu': '10618646-2-41', 'ref:HU:company': '01-09-079930', 'air_conditioning': 'yes', 'payment:contactless': 'yes', 'payment:mastercard': 'yes', 'payment:visa': 'yes', 'payment:mastercard_electronic': 'yes', 'payment:maestro': 'yes', 'payment:visa_electron': 'yes', 'payment:mastercard_contactless': 'yes', 'payment:cash': 'yes'}",https://www.yves-rocher.hu/,huyvesrcos,yves rocher,,False,False,True,2000.0,200.0,15.0
47,48,Pingvin Patika,pharmacy,"{'brand': 'Pingvin Patika', 'dispensing': 'yes', 'contact:facebook': 'https://www.facebook.com/pingvinpatika/', 'contact:youtube': 'https://www.youtube.com/channel/UCYw0X4BHJg9ba8Xz1UGj8Vw', 'contact:email': 'webaruhaz@pingvinpatika.hu', 'contact:instagram': 'https://www.instagram.com/pingvinpatikak', 'contact:pinterest': 'https://www.pinterest.com/pingvinpatika/', 'operator': 'Pingvin Napfény Zrt.', 'operator:addr': '6720 Szeged, Széchenyi tér 17.', 'ref:vatin': 'HU24700450', 'ref:vatin:hu': '24700450-2-06', 'ref:HU:company': '06 10 000456', 'air_conditioning': 'yes', 'payment:contactless': 'yes', 'payment:mastercard': 'yes', 'payment:visa': 'yes', 'payment:mastercard_electronic': 'yes', 'payment:maestro': 'yes', 'payment:visa_electron': 'yes', 'payment:mastercard_contactless': 'yes', 'payment:cash': 'yes'}",https://pingvinpatika.hu,hupingvpha,(pingvinpatika|pingvin patika),(alma|benu|plus|kulcs|unipatika),True,False,True,1000.0,200.0,20.0
48,49,Easybox,vending_machine_parcel_locker_and_mail_in,"{'amenity': 'parcel_locker', 'parcel_mail_in': 'yes', 'payment:contactless': 'yes', 'payment:mastercard': 'yes', 'payment:visa': 'yes', 'payment:mastercard_electronic': 'yes', 'payment:maestro': 'yes', 'payment:visa_electron': 'yes', 'payment:mastercard_contactless': 'yes', 'brand': 'Easybox', 'operator': 'Delivery Solutions Kft.', 'operator:addr': '1033 Budapest, Szentendrei út 89-95. X. épület', 'ref:vatin': 'HU28730978', 'ref:vatin:hu': '28730978-2-41', 'ref:HU:company': ' 01 09 371417 ', 'contact:youtube': 'https://www.youtube.com/channel/UC-lcPt3u8bHUj9hwKRNYTTQ', 'contact:email': 'info@sameday.hu', 'contact:phone': '+36 1\xa0374 3890', 'payment:cash': 'no'}",https://sameday.hu,hueasybcso,easybox,(alzabox|alza|dpd|gls|pick pack|postapont|foxpost),False,False,True,600.0,200.0,1.0
49,50,GLS CsomagPont,vending_machine_parcel_locker_and_mail_in,"{'amenity': 'parcel_locker', 'parcel_mail_in': 'yes', 'payment:contactless': 'yes', 'payment:mastercard': 'yes', 'payment:visa': 'yes', 'payment:mastercard_electronic': 'yes', 'payment:maestro': 'yes', 'payment:visa_electron': 'yes', 'payment:mastercard_contactless': 'yes', 'brand': 'GLS', 'operator': 'GLS General Logistics Systems Hungary Csomag-Logisztikai Kft.', 'operator:addr': '2351 Alsónémedi, Európa utca 2.', 'ref:vatin': 'HU12369410', 'ref:vatin:hu': '12369410-2-44', 'ref:HU:company': '13 09 111755', 'contact:facebook': 'https://www.facebook.com/GLSHungaryKft/', 'contact:youtube': 'https://www.youtube.com/channel/UC-Lv4AkW50HM80ZZQEq8Sqw/', 'contact:email': ' info@gls-hungary.com', 'contact:phone': '+36 29 886 700', 'contact:mobile': '+36 20 890 0660', 'payment:cash': 'no'}",https://gls-group.com,huglscso,gls,(alzabox|alza|dpd|pick pack|postapont|easybox|sameday|foxpost),False,False,True,600.0,200.0,2.0
