,pa_id,poi_common_id,poi_branch,poi_addr_city,poi_postcode,poi_city,poi_addr_street,poi_addr_housenumber,poi_conscriptionnumber,poi_geom,original,poi_website,poi_description,poi_fuel_adblue,poi_fuel_octane_100,poi_fuel_octane_98,poi_fuel_octane_95,poi_fuel_diesel_gtl,poi_fuel_diesel,poi_fuel_lpg,poi_fuel_e85,poi_rent_lpg_bottles,poi_compressed_air,poi_restaurant,poi_food,poi_truck,poi_ref,poi_phone,poi_email,poi_authentication_app,poi_authentication_none,poi_authentication_membership_card,poi_capacity,poi_fee,poi_parking_fee,poi_motorcar,poi_socket_chademo,poi_socket_chademo_output,poi_socket_type1_combo,poi_socket_type1_combo_output,poi_socket_type2_cable,poi_socket_type2_cable_output,poi_manufacturer,poi_model,poi_opening_hours_nonstop,poi_opening_hours_mo_open,poi_opening_hours_tu_open,poi_opening_hours_we_open,poi_opening_hours_th_open,poi_opening_hours_fr_open,poi_opening_hours_sa_open,poi_opening_hours_su_open,poi_opening_hours_mo_close,poi_opening_hours_tu_close,poi_opening_hours_we_close,poi_opening_hours_th_close,poi_opening_hours_fr_close,poi_opening_hours_sa_close,poi_opening_hours_su_close,poi_opening_hours_summer_mo_open,poi_opening_hours_summer_tu_open,poi_opening_hours_summer_we_open,poi_opening_hours_summer_th_open,poi_opening_hours_summer_fr_open,poi_opening_hours_summer_sa_open,poi_opening_hours_summer_su_open,poi_opening_hours_summer_mo_close,poi_opening_hours_summer_tu_close,poi_opening_hours_summer_we_close,poi_opening_hours_summer_th_close,poi_opening_hours_summer_fr_close,poi_opening_hours_summer_sa_close,poi_opening_hours_summer_su_close,poi_opening_hours_lunch_break_start,poi_opening_hours_lunch_break_stop,poi_public_holiday_open,poi_opening_hours,poi_good,poi_bad,poi_hash,poi_created,poi_updated,poi_deleted,poi_lat,poi_lon,pc_id,poi_name,poi_type,poi_tags,poi_url_base,poi_code,poi_search_name,preserve_original_name,preserve_original_post_code,osm_search_distance_perfect,osm_search_distance_safe,osm_search_distance_unsafe,osm_id,osm_node,osm_version,osm_changeset,osm_timestamp,osm_live_tags
7767,2756,41,Expressz Bp. - Bimbó út,39,1026,Budapest,Bimbó út,133,,POINT (47.52101 19.00635),Bimbó út 133.,https://tesco.hu/aruhazak/aruhaz/tesco-expressz-bp-bimbo-ut/,,,,,,,,,,,,,,,44037,,,,,,,,,,,,,,,,,,,07:00:00,07:00:00,07:00:00,07:00:00,07:00:00,07:00:00,07:00:00,21:00:00,21:00:00,21:00:00,21:00:00,21:00:00,21:00:00,16:00:00,,,,,,,,,,,,,,,,,False,Mo-Sa 07:00-21:00; Su 07:00-16:00; PH off,"{not_in_water,street_is_around,street_metaphone_is_around,standard_opening_hours}",{},,2020-10-03 10:12:30.796853+00:00,,,47.52101,19.00635,41,Tesco Expressz,shop,"{'shop': 'convenience', 'operator': 'TESCO-GLOBAL Áruházak Zrt.', 'operator:addr': '2040 Budaörs, Kinizsi út 1-3.', 'ref:HU:company': '13-10-040628', 'ref:vatin:hu': '10307078-2-44',  'ref:vatin': 'HU10307078', 'brand': 'Tesco', 'brand:wikipedia': 'hu:Tesco', 'brand:wikidata': 'Q487494',  'internet_access': 'wlan', 'internet_access:fee': 'no', 'internet_access:ssid': 'tesco-internet', 'contact:facebook': 'https://www.facebook.com/tescoaruhazak', 'contact:pinterest': 'https://www.pinterest.com/tescohungary/', 'contact:youtube': 'https://www.youtube.com/user/TescoMagyarorszag',  'loyalty_card': 'yes', 'payment:contactless': 'yes', 'payment:mastercard': 'yes', 'payment:visa': 'yes', 'payment:erzsebet': 'yes', 'payment:erzsebet_plus': 'yes', 'payment:edenred_voucher': 'yes', 'payment:edenred_card': 'yes', 'payment:otp_cafeteria': 'yes',  'payment:multipay': 'yes', 'payment:mastercard_electronic': 'yes', 'payment:maestro': 'yes',  'payment:visa_electron': 'yes', 'payment:mastercard_contactless': 'yes', 'payment:otp_bankpont': 'yes',  'payment:american_express': 'yes', 'payment:jcb': 'yes', 'payment:v_pay': 'yes',  'payment:unionpay': 'yes',  'payment:cash': 'yes', 'payment:gift_card': 'yes', 'payment:wire_transfer': 'yes', 'air_conditioning': 'yes'}",https://tesco.hu,hutescoexp,tesco,False,False,2000.0,200.0,,,,,,2020-10-03T18:03:38Z,
7768,2767,41,Expressz Bp. - Galóca utca,41,1028,Budapest,Galóca utca,22,,POINT (47.55168 18.96426),Galóca u. 22.,https://tesco.hu/aruhazak/aruhaz/tesco-expressz-bp-galoca-utca/,,,,,,,,,,,,,,,44064,,,,,,,,,,,,,,,,,,,07:00:00,07:00:00,07:00:00,07:00:00,07:00:00,07:00:00,08:00:00,21:00:00,21:00:00,21:00:00,21:00:00,21:00:00,21:00:00,16:00:00,,,,,,,,,,,,,,,,,False,Mo-Sa 07:00-21:00; Su 08:00-16:00; PH off,"{not_in_water,street_is_around,street_metaphone_is_around,standard_opening_hours}",{},,2020-10-03 10:12:30.796853+00:00,,,47.55168,18.96426,41,Tesco Expressz,shop,"{'shop': 'convenience', 'operator': 'TESCO-GLOBAL Áruházak Zrt.', 'operator:addr': '2040 Budaörs, Kinizsi út 1-3.', 'ref:HU:company': '13-10-040628', 'ref:vatin:hu': '10307078-2-44',  'ref:vatin': 'HU10307078', 'brand': 'Tesco', 'brand:wikipedia': 'hu:Tesco', 'brand:wikidata': 'Q487494',  'internet_access': 'wlan', 'internet_access:fee': 'no', 'internet_access:ssid': 'tesco-internet', 'contact:facebook': 'https://www.facebook.com/tescoaruhazak', 'contact:pinterest': 'https://www.pinterest.com/tescohungary/', 'contact:youtube': 'https://www.youtube.com/user/TescoMagyarorszag',  'loyalty_card': 'yes', 'payment:contactless': 'yes', 'payment:mastercard': 'yes', 'payment:visa': 'yes', 'payment:erzsebet': 'yes', 'payment:erzsebet_plus': 'yes', 'payment:edenred_voucher': 'yes', 'payment:edenred_card': 'yes', 'payment:otp_cafeteria': 'yes',  'payment:multipay': 'yes', 'payment:mastercard_electronic': 'yes', 'payment:maestro': 'yes',  'payment:visa_electron': 'yes', 'payment:mastercard_contactless': 'yes', 'payment:otp_bankpont': 'yes',  'payment:american_express': 'yes', 'payment:jcb': 'yes', 'payment:v_pay': 'yes',  'payment:unionpay': 'yes',  'payment:cash': 'yes', 'payment:gift_card': 'yes', 'payment:wire_transfer': 'yes', 'air_conditioning': 'yes'}",https://tesco.hu,hutescoexp,tesco,False,False,2000.0,200.0,,,,,,2020-10-03T18:03:38Z,
7769,2765,41,Express Bp. - Máriaremetei út,41,1028,Budapest,Máriaremetei út,72,,POINT (47.54784 18.95395),Máriaremetei út 72.,https://tesco.hu/aruhazak/aruhaz/tesco-express-bp-mariaremetei-ut/,,,,,,,,,,,,,,,44078,,,,,,,,,,,,,,,,,,,07:00:00,07:00:00,07:00:00,07:00:00,07:00:00,07:00:00,07:00:00,21:00:00,21:00:00,21:00:00,21:00:00,21:00:00,21:00:00,18:00:00,,,,,,,,,,,,,,,,,False,Mo-Sa 07:00-21:00; Su 07:00-18:00; PH off,"{not_in_water,street_is_around,street_metaphone_is_around,standard_opening_hours}",{},,2020-10-03 10:12:30.796853+00:00,,,47.54784,18.95395,41,Tesco Expressz,shop,"{'shop': 'convenience', 'operator': 'TESCO-GLOBAL Áruházak Zrt.', 'operator:addr': '2040 Budaörs, Kinizsi út 1-3.', 'ref:HU:company': '13-10-040628', 'ref:vatin:hu': '10307078-2-44',  'ref:vatin': 'HU10307078', 'brand': 'Tesco', 'brand:wikipedia': 'hu:Tesco', 'brand:wikidata': 'Q487494',  'internet_access': 'wlan', 'internet_access:fee': 'no', 'internet_access:ssid': 'tesco-internet', 'contact:facebook': 'https://www.facebook.com/tescoaruhazak', 'contact:pinterest': 'https://www.pinterest.com/tescohungary/', 'contact:youtube': 'https://www.youtube.com/user/TescoMagyarorszag',  'loyalty_card': 'yes', 'payment:contactless': 'yes', 'payment:mastercard': 'yes', 'payment:visa': 'yes', 'payment:erzsebet': 'yes', 'payment:erzsebet_plus': 'yes', 'payment:edenred_voucher': 'yes', 'payment:edenred_card': 'yes', 'payment:otp_cafeteria': 'yes',  'payment:multipay': 'yes', 'payment:mastercard_electronic': 'yes', 'payment:maestro': 'yes',  'payment:visa_electron': 'yes', 'payment:mastercard_contactless': 'yes', 'payment:otp_bankpont': 'yes',  'payment:american_express': 'yes', 'payment:jcb': 'yes', 'payment:v_pay': 'yes',  'payment:unionpay': 'yes',  'payment:cash': 'yes', 'payment:gift_card': 'yes', 'payment:wire_transfer': 'yes', 'air_conditioning': 'yes'}",https://tesco.hu,hutescoexp,tesco,False,False,2000.0,200.0,,,,,,2020-10-03T18:03:38Z,
7770,2758,41,Expressz Bp. - Kolosy tér,48,1036,Budapest,Kolosy tér,4,,POINT (47.52779 19.03824),Kolosy tér 4.,https://tesco.hu/aruhazak/aruhaz/tesco-expressz-bp-kolosy-ter/,,,,,,,,,,,,,,,44056,,,,,,,,,,,,,,,,,,,06:00:00,06:00:00,06:00:00,06:00:00,06:00:00,06:00:00,08:00:00,22:00:00,22:00:00,22:00:00,22:00:00,22:00:00,22:00:00,20:00:00,,,,,,,,,,,,,,,,,False,Mo-Sa 06:00-22:00; Su 08:00-20:00; PH off,"{not_in_water,street_is_around,street_metaphone_is_around,standard_opening_hours}",{},,2020-10-03 10:12:30.796853+00:00,,,47.52779,19.03824,41,Tesco Expressz,shop,"{'shop': 'convenience', 'operator': 'TESCO-GLOBAL Áruházak Zrt.', 'operator:addr': '2040 Budaörs, Kinizsi út 1-3.', 'ref:HU:company': '13-10-040628', 'ref:vatin:hu': '10307078-2-44',  'ref:vatin': 'HU10307078', 'brand': 'Tesco', 'brand:wikipedia': 'hu:Tesco', 'brand:wikidata': 'Q487494',  'internet_access': 'wlan', 'internet_access:fee': 'no', 'internet_access:ssid': 'tesco-internet', 'contact:facebook': 'https://www.facebook.com/tescoaruhazak', 'contact:pinterest': 'https://www.pinterest.com/tescohungary/', 'contact:youtube': 'https://www.youtube.com/user/TescoMagyarorszag',  'loyalty_card': 'yes', 'payment:contactless': 'yes', 'payment:mastercard': 'yes', 'payment:visa': 'yes', 'payment:erzsebet': 'yes', 'payment:erzsebet_plus': 'yes', 'payment:edenred_voucher': 'yes', 'payment:edenred_card': 'yes', 'payment:otp_cafeteria': 'yes',  'payment:multipay': 'yes', 'payment:mastercard_electronic': 'yes', 'payment:maestro': 'yes',  'payment:visa_electron': 'yes', 'payment:mastercard_contactless': 'yes', 'payment:otp_bankpont': 'yes',  'payment:american_express': 'yes', 'payment:jcb': 'yes', 'payment:v_pay': 'yes',  'payment:unionpay': 'yes',  'payment:cash': 'yes', 'payment:gift_card': 'yes', 'payment:wire_transfer': 'yes', 'air_conditioning': 'yes'}",https://tesco.hu,hutescoexp,tesco,False,False,2000.0,200.0,,,,,,2020-10-03T18:03:38Z,
7771,2776,41,Expressz Bp. - Madzsar József utca,51,1039,Budapest,Madzsar József utca,9-11,,POINT (47.60114 19.05822),Madzsar József u. 9-11.,https://tesco.hu/aruhazak/aruhaz/tesco-expressz-bp-madzsar-jozsef-utca/,,,,,,,,,,,,,,,44046,,,,,,,,,,,,,,,,,,,06:00:00,06:00:00,06:00:00,06:00:00,06:00:00,06:00:00,07:00:00,21:00:00,21:00:00,21:00:00,21:00:00,21:00:00,21:00:00,18:00:00,,,,,,,,,,,,,,,,,False,Mo-Sa 06:00-21:00; Su 07:00-18:00; PH off,"{not_in_water,street_is_around,street_metaphone_is_around,standard_opening_hours}",{},,2020-10-03 10:12:30.796853+00:00,,,47.60114,19.05822,41,Tesco Expressz,shop,"{'shop': 'convenience', 'operator': 'TESCO-GLOBAL Áruházak Zrt.', 'operator:addr': '2040 Budaörs, Kinizsi út 1-3.', 'ref:HU:company': '13-10-040628', 'ref:vatin:hu': '10307078-2-44',  'ref:vatin': 'HU10307078', 'brand': 'Tesco', 'brand:wikipedia': 'hu:Tesco', 'brand:wikidata': 'Q487494',  'internet_access': 'wlan', 'internet_access:fee': 'no', 'internet_access:ssid': 'tesco-internet', 'contact:facebook': 'https://www.facebook.com/tescoaruhazak', 'contact:pinterest': 'https://www.pinterest.com/tescohungary/', 'contact:youtube': 'https://www.youtube.com/user/TescoMagyarorszag',  'loyalty_card': 'yes', 'payment:contactless': 'yes', 'payment:mastercard': 'yes', 'payment:visa': 'yes', 'payment:erzsebet': 'yes', 'payment:erzsebet_plus': 'yes', 'payment:edenred_voucher': 'yes', 'payment:edenred_card': 'yes', 'payment:otp_cafeteria': 'yes',  'payment:multipay': 'yes', 'payment:mastercard_electronic': 'yes', 'payment:maestro': 'yes',  'payment:visa_electron': 'yes', 'payment:mastercard_contactless': 'yes', 'payment:otp_bankpont': 'yes',  'payment:american_express': 'yes', 'payment:jcb': 'yes', 'payment:v_pay': 'yes',  'payment:unionpay': 'yes',  'payment:cash': 'yes', 'payment:gift_card': 'yes', 'payment:wire_transfer': 'yes', 'air_conditioning': 'yes'}",https://tesco.hu,hutescoexp,tesco,False,False,2000.0,200.0,,,,,,2020-10-03T18:03:38Z,
7772,2773,41,Expressz Bp. - Mátyás király út,51,1039,Budapest,Mátyás király út,1,,POINT (47.58605 19.04525),Mátyás király út 1.,https://tesco.hu/aruhazak/aruhaz/tesco-expressz-bp-matyas-kiraly-ut/,,,,,,,,,,,,,,,44043,,,,,,,,,,,,,,,,,,,06:00:00,06:00:00,06:00:00,06:00:00,06:00:00,06:00:00,08:00:00,21:00:00,21:00:00,21:00:00,21:00:00,21:00:00,21:00:00,16:00:00,,,,,,,,,,,,,,,,,False,Mo-Sa 06:00-21:00; Su 08:00-16:00; PH off,"{not_in_water,street_is_around,street_metaphone_is_around,standard_opening_hours}",{},,2020-10-03 10:12:30.796853+00:00,,,47.58605,19.04525,41,Tesco Expressz,shop,"{'shop': 'convenience', 'operator': 'TESCO-GLOBAL Áruházak Zrt.', 'operator:addr': '2040 Budaörs, Kinizsi út 1-3.', 'ref:HU:company': '13-10-040628', 'ref:vatin:hu': '10307078-2-44',  'ref:vatin': 'HU10307078', 'brand': 'Tesco', 'brand:wikipedia': 'hu:Tesco', 'brand:wikidata': 'Q487494',  'internet_access': 'wlan', 'internet_access:fee': 'no', 'internet_access:ssid': 'tesco-internet', 'contact:facebook': 'https://www.facebook.com/tescoaruhazak', 'contact:pinterest': 'https://www.pinterest.com/tescohungary/', 'contact:youtube': 'https://www.youtube.com/user/TescoMagyarorszag',  'loyalty_card': 'yes', 'payment:contactless': 'yes', 'payment:mastercard': 'yes', 'payment:visa': 'yes', 'payment:erzsebet': 'yes', 'payment:erzsebet_plus': 'yes', 'payment:edenred_voucher': 'yes', 'payment:edenred_card': 'yes', 'payment:otp_cafeteria': 'yes',  'payment:multipay': 'yes', 'payment:mastercard_electronic': 'yes', 'payment:maestro': 'yes',  'payment:visa_electron': 'yes', 'payment:mastercard_contactless': 'yes', 'payment:otp_bankpont': 'yes',  'payment:american_express': 'yes', 'payment:jcb': 'yes', 'payment:v_pay': 'yes',  'payment:unionpay': 'yes',  'payment:cash': 'yes', 'payment:gift_card': 'yes', 'payment:wire_transfer': 'yes', 'air_conditioning': 'yes'}",https://tesco.hu,hutescoexp,tesco,False,False,2000.0,200.0,,,,,,2020-10-03T18:03:38Z,
7773,2775,41,Expressz Bp. - Pablo Neruda utca,51,1039,Budapest,Pablo Neruda utca,1-2,,POINT (47.59669 19.04993),Pablo Neruda u. 1-2.,https://tesco.hu/aruhazak/aruhaz/tesco-expressz-bp-pablo-neruda-utca/,,,,,,,,,,,,,,,44051,,,,,,,,,,,,,,,,,,,06:00:00,06:00:00,06:00:00,06:00:00,06:00:00,06:00:00,07:00:00,21:00:00,21:00:00,21:00:00,21:00:00,21:00:00,21:00:00,18:00:00,,,,,,,,,,,,,,,,,False,Mo-Sa 06:00-21:00; Su 07:00-18:00; PH off,"{not_in_water,street_is_around,street_metaphone_is_around,standard_opening_hours}",{},,2020-10-03 10:12:30.796853+00:00,,,47.59669,19.04993,41,Tesco Expressz,shop,"{'shop': 'convenience', 'operator': 'TESCO-GLOBAL Áruházak Zrt.', 'operator:addr': '2040 Budaörs, Kinizsi út 1-3.', 'ref:HU:company': '13-10-040628', 'ref:vatin:hu': '10307078-2-44',  'ref:vatin': 'HU10307078', 'brand': 'Tesco', 'brand:wikipedia': 'hu:Tesco', 'brand:wikidata': 'Q487494',  'internet_access': 'wlan', 'internet_access:fee': 'no', 'internet_access:ssid': 'tesco-internet', 'contact:facebook': 'https://www.facebook.com/tescoaruhazak', 'contact:pinterest': 'https://www.pinterest.com/tescohungary/', 'contact:youtube': 'https://www.youtube.com/user/TescoMagyarorszag',  'loyalty_card': 'yes', 'payment:contactless': 'yes', 'payment:mastercard': 'yes', 'payment:visa': 'yes', 'payment:erzsebet': 'yes', 'payment:erzsebet_plus': 'yes', 'payment:edenred_voucher': 'yes', 'payment:edenred_card': 'yes', 'payment:otp_cafeteria': 'yes',  'payment:multipay': 'yes', 'payment:mastercard_electronic': 'yes', 'payment:maestro': 'yes',  'payment:visa_electron': 'yes', 'payment:mastercard_contactless': 'yes', 'payment:otp_bankpont': 'yes',  'payment:american_express': 'yes', 'payment:jcb': 'yes', 'payment:v_pay': 'yes',  'payment:unionpay': 'yes',  'payment:cash': 'yes', 'payment:gift_card': 'yes', 'payment:wire_transfer': 'yes', 'air_conditioning': 'yes'}",https://tesco.hu,hutescoexp,tesco,False,False,2000.0,200.0,,,,,,2020-10-03T18:03:38Z,
7774,2753,41,Expressz Bp. - Eiffel tér,67,1062,Budapest,Teréz körút,55-57,,POINT (47.51095 19.05948),Teréz krt. 55-57.,https://tesco.hu/aruhazak/aruhaz/tesco-expressz-bp-eiffel-ter/,,,,,,,,,,,,,,,44062,,,,,,,,,,,,,,,,,,,07:00:00,07:00:00,07:00:00,07:00:00,07:00:00,07:00:00,00:00:00,22:00:00,22:00:00,22:00:00,22:00:00,22:00:00,22:00:00,00:00:00,,,,,,,,,,,,,,,,,False,Mo-Sa 07:00-22:00; PH off,"{not_in_water,street_is_around,street_metaphone_is_around,standard_opening_hours}",{},,2020-10-03 10:12:30.796853+00:00,,,47.51095,19.05948,41,Tesco Expressz,shop,"{'shop': 'convenience', 'operator': 'TESCO-GLOBAL Áruházak Zrt.', 'operator:addr': '2040 Budaörs, Kinizsi út 1-3.', 'ref:HU:company': '13-10-040628', 'ref:vatin:hu': '10307078-2-44',  'ref:vatin': 'HU10307078', 'brand': 'Tesco', 'brand:wikipedia': 'hu:Tesco', 'brand:wikidata': 'Q487494',  'internet_access': 'wlan', 'internet_access:fee': 'no', 'internet_access:ssid': 'tesco-internet', 'contact:facebook': 'https://www.facebook.com/tescoaruhazak', 'contact:pinterest': 'https://www.pinterest.com/tescohungary/', 'contact:youtube': 'https://www.youtube.com/user/TescoMagyarorszag',  'loyalty_card': 'yes', 'payment:contactless': 'yes', 'payment:mastercard': 'yes', 'payment:visa': 'yes', 'payment:erzsebet': 'yes', 'payment:erzsebet_plus': 'yes', 'payment:edenred_voucher': 'yes', 'payment:edenred_card': 'yes', 'payment:otp_cafeteria': 'yes',  'payment:multipay': 'yes', 'payment:mastercard_electronic': 'yes', 'payment:maestro': 'yes',  'payment:visa_electron': 'yes', 'payment:mastercard_contactless': 'yes', 'payment:otp_bankpont': 'yes',  'payment:american_express': 'yes', 'payment:jcb': 'yes', 'payment:v_pay': 'yes',  'payment:unionpay': 'yes',  'payment:cash': 'yes', 'payment:gift_card': 'yes', 'payment:wire_transfer': 'yes', 'air_conditioning': 'yes'}",https://tesco.hu,hutescoexp,tesco,False,False,2000.0,200.0,,,,,,2020-10-03T18:03:38Z,
7775,2745,41,Expressz Bp. - Rákóczi út,75,1072,Budapest,Rákóczi út,20,,POINT (47.49551 19.06471),Rákóczi út 20.,https://tesco.hu/aruhazak/aruhaz/tesco-expressz-bp-rakoczi-ut/,,,,,,,,,,,,,,,44054,,,,,,,,,,,,,,,,,,,07:00:00,07:00:00,07:00:00,07:00:00,07:00:00,07:00:00,10:00:00,21:00:00,21:00:00,21:00:00,21:00:00,21:00:00,21:00:00,22:00:00,,,,,,,,,,,,,,,,,False,Mo-Sa 07:00-21:00; Su 10:00-22:00; PH off,"{not_in_water,street_is_around,street_metaphone_is_around,standard_opening_hours}",{},,2020-10-03 10:12:30.796853+00:00,,,47.49551,19.06471,41,Tesco Expressz,shop,"{'shop': 'convenience', 'operator': 'TESCO-GLOBAL Áruházak Zrt.', 'operator:addr': '2040 Budaörs, Kinizsi út 1-3.', 'ref:HU:company': '13-10-040628', 'ref:vatin:hu': '10307078-2-44',  'ref:vatin': 'HU10307078', 'brand': 'Tesco', 'brand:wikipedia': 'hu:Tesco', 'brand:wikidata': 'Q487494',  'internet_access': 'wlan', 'internet_access:fee': 'no', 'internet_access:ssid': 'tesco-internet', 'contact:facebook': 'https://www.facebook.com/tescoaruhazak', 'contact:pinterest': 'https://www.pinterest.com/tescohungary/', 'contact:youtube': 'https://www.youtube.com/user/TescoMagyarorszag',  'loyalty_card': 'yes', 'payment:contactless': 'yes', 'payment:mastercard': 'yes', 'payment:visa': 'yes', 'payment:erzsebet': 'yes', 'payment:erzsebet_plus': 'yes', 'payment:edenred_voucher': 'yes', 'payment:edenred_card': 'yes', 'payment:otp_cafeteria': 'yes',  'payment:multipay': 'yes', 'payment:mastercard_electronic': 'yes', 'payment:maestro': 'yes',  'payment:visa_electron': 'yes', 'payment:mastercard_contactless': 'yes', 'payment:otp_bankpont': 'yes',  'payment:american_express': 'yes', 'payment:jcb': 'yes', 'payment:v_pay': 'yes',  'payment:unionpay': 'yes',  'payment:cash': 'yes', 'payment:gift_card': 'yes', 'payment:wire_transfer': 'yes', 'air_conditioning': 'yes'}",https://tesco.hu,hutescoexp,tesco,False,False,2000.0,200.0,,,,,,2020-10-03T18:03:38Z,
7776,2744,41,Expressz Bp. - Népszínház utca,85,1084,Budapest,Népszínház utca,30,,POINT (47.49466 19.07744),Népszínház utca 30.,https://tesco.hu/aruhazak/aruhaz/tesco-expressz-bp-nepszinhaz-utca/,,,,,,,,,,,,,,,44063,,,,,,,,,,,,,,,,,,,06:00:00,06:00:00,06:00:00,06:00:00,06:00:00,06:00:00,08:00:00,22:00:00,22:00:00,22:00:00,22:00:00,22:00:00,22:00:00,20:00:00,,,,,,,,,,,,,,,,,False,Mo-Sa 06:00-22:00; Su 08:00-20:00; PH off,"{not_in_water,street_is_around,street_metaphone_is_around,standard_opening_hours}",{},,2020-10-03 10:12:30.796853+00:00,,,47.49466,19.07744,41,Tesco Expressz,shop,"{'shop': 'convenience', 'operator': 'TESCO-GLOBAL Áruházak Zrt.', 'operator:addr': '2040 Budaörs, Kinizsi út 1-3.', 'ref:HU:company': '13-10-040628', 'ref:vatin:hu': '10307078-2-44',  'ref:vatin': 'HU10307078', 'brand': 'Tesco', 'brand:wikipedia': 'hu:Tesco', 'brand:wikidata': 'Q487494',  'internet_access': 'wlan', 'internet_access:fee': 'no', 'internet_access:ssid': 'tesco-internet', 'contact:facebook': 'https://www.facebook.com/tescoaruhazak', 'contact:pinterest': 'https://www.pinterest.com/tescohungary/', 'contact:youtube': 'https://www.youtube.com/user/TescoMagyarorszag',  'loyalty_card': 'yes', 'payment:contactless': 'yes', 'payment:mastercard': 'yes', 'payment:visa': 'yes', 'payment:erzsebet': 'yes', 'payment:erzsebet_plus': 'yes', 'payment:edenred_voucher': 'yes', 'payment:edenred_card': 'yes', 'payment:otp_cafeteria': 'yes',  'payment:multipay': 'yes', 'payment:mastercard_electronic': 'yes', 'payment:maestro': 'yes',  'payment:visa_electron': 'yes', 'payment:mastercard_contactless': 'yes', 'payment:otp_bankpont': 'yes',  'payment:american_express': 'yes', 'payment:jcb': 'yes', 'payment:v_pay': 'yes',  'payment:unionpay': 'yes',  'payment:cash': 'yes', 'payment:gift_card': 'yes', 'payment:wire_transfer': 'yes', 'air_conditioning': 'yes'}",https://tesco.hu,hutescoexp,tesco,False,False,2000.0,200.0,,,,,,2020-10-03T18:03:38Z,
7777,2746,41,Astoria Expressz,89,1088,Budapest,Rákóczi út,1-3,,POINT (47.49516 19.06235),Rákóczi út 1-3.,https://tesco.hu/aruhazak/aruhaz/tesco-astoria-expressz/,,,,,,,,,,,,,,,44080,,,,,,,,,,,,,,,,,,,06:00:00,06:00:00,06:00:00,06:00:00,06:00:00,06:00:00,08:00:00,21:00:00,21:00:00,21:00:00,21:00:00,21:00:00,21:00:00,14:00:00,,,,,,,,,,,,,,,,,False,Mo-Sa 06:00-21:00; Su 08:00-14:00; PH off,"{not_in_water,street_is_around,street_metaphone_is_around,standard_opening_hours}",{},,2020-10-03 10:12:30.796853+00:00,,,47.49516,19.06235,41,Tesco Expressz,shop,"{'shop': 'convenience', 'operator': 'TESCO-GLOBAL Áruházak Zrt.', 'operator:addr': '2040 Budaörs, Kinizsi út 1-3.', 'ref:HU:company': '13-10-040628', 'ref:vatin:hu': '10307078-2-44',  'ref:vatin': 'HU10307078', 'brand': 'Tesco', 'brand:wikipedia': 'hu:Tesco', 'brand:wikidata': 'Q487494',  'internet_access': 'wlan', 'internet_access:fee': 'no', 'internet_access:ssid': 'tesco-internet', 'contact:facebook': 'https://www.facebook.com/tescoaruhazak', 'contact:pinterest': 'https://www.pinterest.com/tescohungary/', 'contact:youtube': 'https://www.youtube.com/user/TescoMagyarorszag',  'loyalty_card': 'yes', 'payment:contactless': 'yes', 'payment:mastercard': 'yes', 'payment:visa': 'yes', 'payment:erzsebet': 'yes', 'payment:erzsebet_plus': 'yes', 'payment:edenred_voucher': 'yes', 'payment:edenred_card': 'yes', 'payment:otp_cafeteria': 'yes',  'payment:multipay': 'yes', 'payment:mastercard_electronic': 'yes', 'payment:maestro': 'yes',  'payment:visa_electron': 'yes', 'payment:mastercard_contactless': 'yes', 'payment:otp_bankpont': 'yes',  'payment:american_express': 'yes', 'payment:jcb': 'yes', 'payment:v_pay': 'yes',  'payment:unionpay': 'yes',  'payment:cash': 'yes', 'payment:gift_card': 'yes', 'payment:wire_transfer': 'yes', 'air_conditioning': 'yes'}",https://tesco.hu,hutescoexp,tesco,False,False,2000.0,200.0,,,,,,2020-10-03T18:03:38Z,
7778,2743,41,Expressz Bp. - Kálvin tér,91,1091,Budapest,Kálvin tér,7,,POINT (47.48851 19.06048),Kálvin tér 7.,https://tesco.hu/aruhazak/aruhaz/tesco-expressz-bp-kalvin-ter/,,,,,,,,,,,,,,,44067,,,,,,,,,,,,,,,,,,,06:00:00,06:00:00,06:00:00,06:00:00,06:00:00,06:00:00,08:00:00,21:00:00,21:00:00,21:00:00,21:00:00,21:00:00,21:00:00,16:00:00,,,,,,,,,,,,,,,,,False,Mo-Sa 06:00-21:00; Su 08:00-16:00; PH off,"{not_in_water,street_is_around,street_metaphone_is_around,standard_opening_hours}",{},,2020-10-03 10:12:30.796853+00:00,,,47.48851,19.06048,41,Tesco Expressz,shop,"{'shop': 'convenience', 'operator': 'TESCO-GLOBAL Áruházak Zrt.', 'operator:addr': '2040 Budaörs, Kinizsi út 1-3.', 'ref:HU:company': '13-10-040628', 'ref:vatin:hu': '10307078-2-44',  'ref:vatin': 'HU10307078', 'brand': 'Tesco', 'brand:wikipedia': 'hu:Tesco', 'brand:wikidata': 'Q487494',  'internet_access': 'wlan', 'internet_access:fee': 'no', 'internet_access:ssid': 'tesco-internet', 'contact:facebook': 'https://www.facebook.com/tescoaruhazak', 'contact:pinterest': 'https://www.pinterest.com/tescohungary/', 'contact:youtube': 'https://www.youtube.com/user/TescoMagyarorszag',  'loyalty_card': 'yes', 'payment:contactless': 'yes', 'payment:mastercard': 'yes', 'payment:visa': 'yes', 'payment:erzsebet': 'yes', 'payment:erzsebet_plus': 'yes', 'payment:edenred_voucher': 'yes', 'payment:edenred_card': 'yes', 'payment:otp_cafeteria': 'yes',  'payment:multipay': 'yes', 'payment:mastercard_electronic': 'yes', 'payment:maestro': 'yes',  'payment:visa_electron': 'yes', 'payment:mastercard_contactless': 'yes', 'payment:otp_bankpont': 'yes',  'payment:american_express': 'yes', 'payment:jcb': 'yes', 'payment:v_pay': 'yes',  'payment:unionpay': 'yes',  'payment:cash': 'yes', 'payment:gift_card': 'yes', 'payment:wire_transfer': 'yes', 'air_conditioning': 'yes'}",https://tesco.hu,hutescoexp,tesco,False,False,2000.0,200.0,,,,,,2020-10-03T18:03:38Z,
7779,2742,41,Budapest-Thaly Kálmán Expressz,94,1094,Budapest,Thaly Kálmán utca,46-48,,POINT (47.48132 19.07735),Thaly Kálmán út 46-48.,https://tesco.hu/aruhazak/aruhaz/tesco-budapest-thaly-kalman-expressz/,,,,,,,,,,,,,,,44029,,,,,,,,,,,,,,,,,,,06:00:00,06:00:00,06:00:00,06:00:00,06:00:00,06:00:00,08:00:00,22:00:00,22:00:00,22:00:00,22:00:00,22:00:00,22:00:00,18:00:00,,,,,,,,,,,,,,,,,False,Mo-Sa 06:00-22:00; Su 08:00-18:00; PH off,"{not_in_water,street_is_around,street_metaphone_is_around,standard_opening_hours}",{},,2020-10-03 10:12:30.796853+00:00,,,47.48132,19.07735,41,Tesco Expressz,shop,"{'shop': 'convenience', 'operator': 'TESCO-GLOBAL Áruházak Zrt.', 'operator:addr': '2040 Budaörs, Kinizsi út 1-3.', 'ref:HU:company': '13-10-040628', 'ref:vatin:hu': '10307078-2-44',  'ref:vatin': 'HU10307078', 'brand': 'Tesco', 'brand:wikipedia': 'hu:Tesco', 'brand:wikidata': 'Q487494',  'internet_access': 'wlan', 'internet_access:fee': 'no', 'internet_access:ssid': 'tesco-internet', 'contact:facebook': 'https://www.facebook.com/tescoaruhazak', 'contact:pinterest': 'https://www.pinterest.com/tescohungary/', 'contact:youtube': 'https://www.youtube.com/user/TescoMagyarorszag',  'loyalty_card': 'yes', 'payment:contactless': 'yes', 'payment:mastercard': 'yes', 'payment:visa': 'yes', 'payment:erzsebet': 'yes', 'payment:erzsebet_plus': 'yes', 'payment:edenred_voucher': 'yes', 'payment:edenred_card': 'yes', 'payment:otp_cafeteria': 'yes',  'payment:multipay': 'yes', 'payment:mastercard_electronic': 'yes', 'payment:maestro': 'yes',  'payment:visa_electron': 'yes', 'payment:mastercard_contactless': 'yes', 'payment:otp_bankpont': 'yes',  'payment:american_express': 'yes', 'payment:jcb': 'yes', 'payment:v_pay': 'yes',  'payment:unionpay': 'yes',  'payment:cash': 'yes', 'payment:gift_card': 'yes', 'payment:wire_transfer': 'yes', 'air_conditioning': 'yes'}",https://tesco.hu,hutescoexp,tesco,False,False,2000.0,200.0,,,,,,2020-10-03T18:03:38Z,
7780,2733,41,Expressz Bp. - Andor utca,111,1115,Budapest,Andor utca,2,,POINT (47.45606 19.03888),Andor utca 2,https://tesco.hu/aruhazak/aruhaz/tesco-expressz-bp-andor-utca/,,,,,,,,,,,,,,,44033,,,,,,,,,,,,,,,,,,,06:00:00,06:00:00,06:00:00,06:00:00,06:00:00,06:00:00,07:00:00,21:00:00,21:00:00,21:00:00,21:00:00,21:00:00,21:00:00,18:00:00,,,,,,,,,,,,,,,,,False,Mo-Sa 06:00-21:00; Su 07:00-18:00; PH off,"{not_in_water,street_is_around,street_metaphone_is_around,standard_opening_hours}",{},,2020-10-03 10:12:30.796853+00:00,,,47.45606,19.03888,41,Tesco Expressz,shop,"{'shop': 'convenience', 'operator': 'TESCO-GLOBAL Áruházak Zrt.', 'operator:addr': '2040 Budaörs, Kinizsi út 1-3.', 'ref:HU:company': '13-10-040628', 'ref:vatin:hu': '10307078-2-44',  'ref:vatin': 'HU10307078', 'brand': 'Tesco', 'brand:wikipedia': 'hu:Tesco', 'brand:wikidata': 'Q487494',  'internet_access': 'wlan', 'internet_access:fee': 'no', 'internet_access:ssid': 'tesco-internet', 'contact:facebook': 'https://www.facebook.com/tescoaruhazak', 'contact:pinterest': 'https://www.pinterest.com/tescohungary/', 'contact:youtube': 'https://www.youtube.com/user/TescoMagyarorszag',  'loyalty_card': 'yes', 'payment:contactless': 'yes', 'payment:mastercard': 'yes', 'payment:visa': 'yes', 'payment:erzsebet': 'yes', 'payment:erzsebet_plus': 'yes', 'payment:edenred_voucher': 'yes', 'payment:edenred_card': 'yes', 'payment:otp_cafeteria': 'yes',  'payment:multipay': 'yes', 'payment:mastercard_electronic': 'yes', 'payment:maestro': 'yes',  'payment:visa_electron': 'yes', 'payment:mastercard_contactless': 'yes', 'payment:otp_bankpont': 'yes',  'payment:american_express': 'yes', 'payment:jcb': 'yes', 'payment:v_pay': 'yes',  'payment:unionpay': 'yes',  'payment:cash': 'yes', 'payment:gift_card': 'yes', 'payment:wire_transfer': 'yes', 'air_conditioning': 'yes'}",https://tesco.hu,hutescoexp,tesco,False,False,2000.0,200.0,,,,,,2020-10-03T18:03:38Z,
7781,2739,41,Expressz Bp. - Bartók Béla utca,111,1115,Budapest,Bartók Béla út,105-113,,POINT (47.4724 19.03241),Bartók Béla u. 105-113.,https://tesco.hu/aruhazak/aruhaz/tesco-expressz-bp-bartok-bela-utca/,,,,,,,,,,,,,,,44042,,,,,,,,,,,,,,,,,,,07:00:00,07:00:00,07:00:00,07:00:00,07:00:00,07:00:00,08:00:00,21:00:00,21:00:00,21:00:00,21:00:00,21:00:00,21:00:00,16:00:00,,,,,,,,,,,,,,,,,False,Mo-Sa 07:00-21:00; Su 08:00-16:00; PH off,"{not_in_water,street_is_around,street_metaphone_is_around,standard_opening_hours}",{},,2020-10-03 10:12:30.796853+00:00,,,47.4724,19.03241,41,Tesco Expressz,shop,"{'shop': 'convenience', 'operator': 'TESCO-GLOBAL Áruházak Zrt.', 'operator:addr': '2040 Budaörs, Kinizsi út 1-3.', 'ref:HU:company': '13-10-040628', 'ref:vatin:hu': '10307078-2-44',  'ref:vatin': 'HU10307078', 'brand': 'Tesco', 'brand:wikipedia': 'hu:Tesco', 'brand:wikidata': 'Q487494',  'internet_access': 'wlan', 'internet_access:fee': 'no', 'internet_access:ssid': 'tesco-internet', 'contact:facebook': 'https://www.facebook.com/tescoaruhazak', 'contact:pinterest': 'https://www.pinterest.com/tescohungary/', 'contact:youtube': 'https://www.youtube.com/user/TescoMagyarorszag',  'loyalty_card': 'yes', 'payment:contactless': 'yes', 'payment:mastercard': 'yes', 'payment:visa': 'yes', 'payment:erzsebet': 'yes', 'payment:erzsebet_plus': 'yes', 'payment:edenred_voucher': 'yes', 'payment:edenred_card': 'yes', 'payment:otp_cafeteria': 'yes',  'payment:multipay': 'yes', 'payment:mastercard_electronic': 'yes', 'payment:maestro': 'yes',  'payment:visa_electron': 'yes', 'payment:mastercard_contactless': 'yes', 'payment:otp_bankpont': 'yes',  'payment:american_express': 'yes', 'payment:jcb': 'yes', 'payment:v_pay': 'yes',  'payment:unionpay': 'yes',  'payment:cash': 'yes', 'payment:gift_card': 'yes', 'payment:wire_transfer': 'yes', 'air_conditioning': 'yes'}",https://tesco.hu,hutescoexp,tesco,False,False,2000.0,200.0,,,,,,2020-10-03T18:03:38Z,
7782,2738,41,Expressz Bp. - Fehérvári út,112,1116,Budapest,Fehérvári út,45-47,,POINT (47.46996 19.04483),Fehérvári út 45-47.,https://tesco.hu/aruhazak/aruhaz/tesco-expressz-bp-fehervari-ut/,,,,,,,,,,,,,,,44079,,,,,,,,,,,,,,,,,,,06:00:00,06:00:00,06:00:00,06:00:00,06:00:00,06:00:00,08:00:00,21:00:00,21:00:00,21:00:00,21:00:00,21:00:00,21:00:00,20:00:00,,,,,,,,,,,,,,,,,False,Mo-Sa 06:00-21:00; Su 08:00-20:00; PH off,"{not_in_water,street_is_around,street_metaphone_is_around,standard_opening_hours}",{},,2020-10-03 10:12:30.796853+00:00,,,47.46996,19.04483,41,Tesco Expressz,shop,"{'shop': 'convenience', 'operator': 'TESCO-GLOBAL Áruházak Zrt.', 'operator:addr': '2040 Budaörs, Kinizsi út 1-3.', 'ref:HU:company': '13-10-040628', 'ref:vatin:hu': '10307078-2-44',  'ref:vatin': 'HU10307078', 'brand': 'Tesco', 'brand:wikipedia': 'hu:Tesco', 'brand:wikidata': 'Q487494',  'internet_access': 'wlan', 'internet_access:fee': 'no', 'internet_access:ssid': 'tesco-internet', 'contact:facebook': 'https://www.facebook.com/tescoaruhazak', 'contact:pinterest': 'https://www.pinterest.com/tescohungary/', 'contact:youtube': 'https://www.youtube.com/user/TescoMagyarorszag',  'loyalty_card': 'yes', 'payment:contactless': 'yes', 'payment:mastercard': 'yes', 'payment:visa': 'yes', 'payment:erzsebet': 'yes', 'payment:erzsebet_plus': 'yes', 'payment:edenred_voucher': 'yes', 'payment:edenred_card': 'yes', 'payment:otp_cafeteria': 'yes',  'payment:multipay': 'yes', 'payment:mastercard_electronic': 'yes', 'payment:maestro': 'yes',  'payment:visa_electron': 'yes', 'payment:mastercard_contactless': 'yes', 'payment:otp_bankpont': 'yes',  'payment:american_express': 'yes', 'payment:jcb': 'yes', 'payment:v_pay': 'yes',  'payment:unionpay': 'yes',  'payment:cash': 'yes', 'payment:gift_card': 'yes', 'payment:wire_transfer': 'yes', 'air_conditioning': 'yes'}",https://tesco.hu,hutescoexp,tesco,False,False,2000.0,200.0,,,,,,2020-10-03T18:03:38Z,
7783,2747,41,Expressz Bp. - Pagony utca,119,1124,Budapest,Pagony utca,27-29,,POINT (47.49483 19.005),Pagony u. 27-29.,https://tesco.hu/aruhazak/aruhaz/tesco-expressz-bp-pagony-utca/,,,,,,,,,,,,,,,44005,,,,,,,,,,,,,,,,,,,07:00:00,07:00:00,07:00:00,07:00:00,07:00:00,07:00:00,07:00:00,22:00:00,22:00:00,22:00:00,22:00:00,22:00:00,22:00:00,18:00:00,,,,,,,,,,,,,,,,,False,Mo-Sa 07:00-22:00; Su 07:00-18:00; PH off,"{not_in_water,street_is_around,street_metaphone_is_around,standard_opening_hours}",{},,2020-10-03 10:12:30.796853+00:00,,,47.49483,19.005,41,Tesco Expressz,shop,"{'shop': 'convenience', 'operator': 'TESCO-GLOBAL Áruházak Zrt.', 'operator:addr': '2040 Budaörs, Kinizsi út 1-3.', 'ref:HU:company': '13-10-040628', 'ref:vatin:hu': '10307078-2-44',  'ref:vatin': 'HU10307078', 'brand': 'Tesco', 'brand:wikipedia': 'hu:Tesco', 'brand:wikidata': 'Q487494',  'internet_access': 'wlan', 'internet_access:fee': 'no', 'internet_access:ssid': 'tesco-internet', 'contact:facebook': 'https://www.facebook.com/tescoaruhazak', 'contact:pinterest': 'https://www.pinterest.com/tescohungary/', 'contact:youtube': 'https://www.youtube.com/user/TescoMagyarorszag',  'loyalty_card': 'yes', 'payment:contactless': 'yes', 'payment:mastercard': 'yes', 'payment:visa': 'yes', 'payment:erzsebet': 'yes', 'payment:erzsebet_plus': 'yes', 'payment:edenred_voucher': 'yes', 'payment:edenred_card': 'yes', 'payment:otp_cafeteria': 'yes',  'payment:multipay': 'yes', 'payment:mastercard_electronic': 'yes', 'payment:maestro': 'yes',  'payment:visa_electron': 'yes', 'payment:mastercard_contactless': 'yes', 'payment:otp_bankpont': 'yes',  'payment:american_express': 'yes', 'payment:jcb': 'yes', 'payment:v_pay': 'yes',  'payment:unionpay': 'yes',  'payment:cash': 'yes', 'payment:gift_card': 'yes', 'payment:wire_transfer': 'yes', 'air_conditioning': 'yes'}",https://tesco.hu,hutescoexp,tesco,False,False,2000.0,200.0,,,,,,2020-10-03T18:03:38Z,
7784,2763,41,Expressz Bp. - Reitter Ferenc utca,122,1131,Budapest,Reitter Ferenc utca,132,,POINT (47.54022 19.09077),Reitter Ferenc u. 132. ,https://tesco.hu/aruhazak/aruhaz/tesco-expressz-bp-reitter-ferenc-utca/,,,,,,,,,,,,,,,44006,,,,,,,,,,,,,,,,,,,06:00:00,06:00:00,06:00:00,06:00:00,06:00:00,06:00:00,08:00:00,21:00:00,21:00:00,21:00:00,21:00:00,21:00:00,21:00:00,16:00:00,,,,,,,,,,,,,,,,,False,Mo-Sa 06:00-21:00; Su 08:00-16:00; PH off,"{not_in_water,street_is_around,street_metaphone_is_around,standard_opening_hours}",{},,2020-10-03 10:12:30.796853+00:00,,,47.54022,19.09077,41,Tesco Expressz,shop,"{'shop': 'convenience', 'operator': 'TESCO-GLOBAL Áruházak Zrt.', 'operator:addr': '2040 Budaörs, Kinizsi út 1-3.', 'ref:HU:company': '13-10-040628', 'ref:vatin:hu': '10307078-2-44',  'ref:vatin': 'HU10307078', 'brand': 'Tesco', 'brand:wikipedia': 'hu:Tesco', 'brand:wikidata': 'Q487494',  'internet_access': 'wlan', 'internet_access:fee': 'no', 'internet_access:ssid': 'tesco-internet', 'contact:facebook': 'https://www.facebook.com/tescoaruhazak', 'contact:pinterest': 'https://www.pinterest.com/tescohungary/', 'contact:youtube': 'https://www.youtube.com/user/TescoMagyarorszag',  'loyalty_card': 'yes', 'payment:contactless': 'yes', 'payment:mastercard': 'yes', 'payment:visa': 'yes', 'payment:erzsebet': 'yes', 'payment:erzsebet_plus': 'yes', 'payment:edenred_voucher': 'yes', 'payment:edenred_card': 'yes', 'payment:otp_cafeteria': 'yes',  'payment:multipay': 'yes', 'payment:mastercard_electronic': 'yes', 'payment:maestro': 'yes',  'payment:visa_electron': 'yes', 'payment:mastercard_contactless': 'yes', 'payment:otp_bankpont': 'yes',  'payment:american_express': 'yes', 'payment:jcb': 'yes', 'payment:v_pay': 'yes',  'payment:unionpay': 'yes',  'payment:cash': 'yes', 'payment:gift_card': 'yes', 'payment:wire_transfer': 'yes', 'air_conditioning': 'yes'}",https://tesco.hu,hutescoexp,tesco,False,False,2000.0,200.0,,,,,,2020-10-03T18:03:38Z,
7785,2759,41,Expressz Bp. - Béke út,126,1135,Budapest,Béke út,13-19,,POINT (47.53378 19.08216),Béke út 13-19.,https://tesco.hu/aruhazak/aruhaz/tesco-expressz-bp-beke-ut/,,,,,,,,,,,,,,,44049,,,,,,,,,,,,,,,,,,,07:00:00,07:00:00,07:00:00,07:00:00,07:00:00,07:00:00,08:00:00,21:00:00,21:00:00,21:00:00,21:00:00,21:00:00,21:00:00,16:00:00,,,,,,,,,,,,,,,,,False,Mo-Sa 07:00-21:00; Su 08:00-16:00; PH off,"{not_in_water,standard_opening_hours}","{street_is_not_around,street_metaphone_is_not_around}",,2020-10-03 10:12:30.796853+00:00,,,47.53378,19.08216,41,Tesco Expressz,shop,"{'shop': 'convenience', 'operator': 'TESCO-GLOBAL Áruházak Zrt.', 'operator:addr': '2040 Budaörs, Kinizsi út 1-3.', 'ref:HU:company': '13-10-040628', 'ref:vatin:hu': '10307078-2-44',  'ref:vatin': 'HU10307078', 'brand': 'Tesco', 'brand:wikipedia': 'hu:Tesco', 'brand:wikidata': 'Q487494',  'internet_access': 'wlan', 'internet_access:fee': 'no', 'internet_access:ssid': 'tesco-internet', 'contact:facebook': 'https://www.facebook.com/tescoaruhazak', 'contact:pinterest': 'https://www.pinterest.com/tescohungary/', 'contact:youtube': 'https://www.youtube.com/user/TescoMagyarorszag',  'loyalty_card': 'yes', 'payment:contactless': 'yes', 'payment:mastercard': 'yes', 'payment:visa': 'yes', 'payment:erzsebet': 'yes', 'payment:erzsebet_plus': 'yes', 'payment:edenred_voucher': 'yes', 'payment:edenred_card': 'yes', 'payment:otp_cafeteria': 'yes',  'payment:multipay': 'yes', 'payment:mastercard_electronic': 'yes', 'payment:maestro': 'yes',  'payment:visa_electron': 'yes', 'payment:mastercard_contactless': 'yes', 'payment:otp_bankpont': 'yes',  'payment:american_express': 'yes', 'payment:jcb': 'yes', 'payment:v_pay': 'yes',  'payment:unionpay': 'yes',  'payment:cash': 'yes', 'payment:gift_card': 'yes', 'payment:wire_transfer': 'yes', 'air_conditioning': 'yes'}",https://tesco.hu,hutescoexp,tesco,False,False,2000.0,200.0,,,,,,2020-10-03T18:03:38Z,
7786,2761,41,Expressz Bp. - Erzsébet Királyné útja,132,1142,Budapest,Erzsébet királyné útja,125,,POINT (47.5351 19.11314),Erzsébet Királyné útja 125.,https://tesco.hu/aruhazak/aruhaz/tesco-expressz-bp-erzsebet-kiralyne-utja/,,,,,,,,,,,,,,,44053,,,,,,,,,,,,,,,,,,,06:00:00,06:00:00,06:00:00,06:00:00,06:00:00,06:00:00,07:00:00,21:00:00,21:00:00,21:00:00,21:00:00,21:00:00,21:00:00,18:00:00,,,,,,,,,,,,,,,,,False,Mo-Sa 06:00-21:00; Su 07:00-18:00; PH off,"{not_in_water,street_is_around,street_metaphone_is_around,standard_opening_hours}",{},,2020-10-03 10:12:30.796853+00:00,,,47.5351,19.11314,41,Tesco Expressz,shop,"{'shop': 'convenience', 'operator': 'TESCO-GLOBAL Áruházak Zrt.', 'operator:addr': '2040 Budaörs, Kinizsi út 1-3.', 'ref:HU:company': '13-10-040628', 'ref:vatin:hu': '10307078-2-44',  'ref:vatin': 'HU10307078', 'brand': 'Tesco', 'brand:wikipedia': 'hu:Tesco', 'brand:wikidata': 'Q487494',  'internet_access': 'wlan', 'internet_access:fee': 'no', 'internet_access:ssid': 'tesco-internet', 'contact:facebook': 'https://www.facebook.com/tescoaruhazak', 'contact:pinterest': 'https://www.pinterest.com/tescohungary/', 'contact:youtube': 'https://www.youtube.com/user/TescoMagyarorszag',  'loyalty_card': 'yes', 'payment:contactless': 'yes', 'payment:mastercard': 'yes', 'payment:visa': 'yes', 'payment:erzsebet': 'yes', 'payment:erzsebet_plus': 'yes', 'payment:edenred_voucher': 'yes', 'payment:edenred_card': 'yes', 'payment:otp_cafeteria': 'yes',  'payment:multipay': 'yes', 'payment:mastercard_electronic': 'yes', 'payment:maestro': 'yes',  'payment:visa_electron': 'yes', 'payment:mastercard_contactless': 'yes', 'payment:otp_bankpont': 'yes',  'payment:american_express': 'yes', 'payment:jcb': 'yes', 'payment:v_pay': 'yes',  'payment:unionpay': 'yes',  'payment:cash': 'yes', 'payment:gift_card': 'yes', 'payment:wire_transfer': 'yes', 'air_conditioning': 'yes'}",https://tesco.hu,hutescoexp,tesco,False,False,2000.0,200.0,,,,,,2020-10-03T18:03:38Z,
7787,2754,41,Thököly út Expressz,136,1146,Budapest,Thököly út,151,,POINT (47.51613 19.10689),Thököly út 151.,https://tesco.hu/aruhazak/aruhaz/tesco-thokoly-ut-expressz/,,,,,,,,,,,,,,,44087,,,,,,,,,,,,,,,,,,,06:00:00,06:00:00,06:00:00,06:00:00,06:00:00,06:00:00,07:00:00,21:00:00,21:00:00,21:00:00,21:00:00,21:00:00,21:00:00,18:00:00,,,,,,,,,,,,,,,,,False,Mo-Sa 06:00-21:00; Su 07:00-18:00; PH off,"{not_in_water,street_is_around,street_metaphone_is_around,standard_opening_hours}",{},,2020-10-03 10:12:30.796853+00:00,,,47.51613,19.10689,41,Tesco Expressz,shop,"{'shop': 'convenience', 'operator': 'TESCO-GLOBAL Áruházak Zrt.', 'operator:addr': '2040 Budaörs, Kinizsi út 1-3.', 'ref:HU:company': '13-10-040628', 'ref:vatin:hu': '10307078-2-44',  'ref:vatin': 'HU10307078', 'brand': 'Tesco', 'brand:wikipedia': 'hu:Tesco', 'brand:wikidata': 'Q487494',  'internet_access': 'wlan', 'internet_access:fee': 'no', 'internet_access:ssid': 'tesco-internet', 'contact:facebook': 'https://www.facebook.com/tescoaruhazak', 'contact:pinterest': 'https://www.pinterest.com/tescohungary/', 'contact:youtube': 'https://www.youtube.com/user/TescoMagyarorszag',  'loyalty_card': 'yes', 'payment:contactless': 'yes', 'payment:mastercard': 'yes', 'payment:visa': 'yes', 'payment:erzsebet': 'yes', 'payment:erzsebet_plus': 'yes', 'payment:edenred_voucher': 'yes', 'payment:edenred_card': 'yes', 'payment:otp_cafeteria': 'yes',  'payment:multipay': 'yes', 'payment:mastercard_electronic': 'yes', 'payment:maestro': 'yes',  'payment:visa_electron': 'yes', 'payment:mastercard_contactless': 'yes', 'payment:otp_bankpont': 'yes',  'payment:american_express': 'yes', 'payment:jcb': 'yes', 'payment:v_pay': 'yes',  'payment:unionpay': 'yes',  'payment:cash': 'yes', 'payment:gift_card': 'yes', 'payment:wire_transfer': 'yes', 'air_conditioning': 'yes'}",https://tesco.hu,hutescoexp,tesco,False,False,2000.0,200.0,,,,,,2020-10-03T18:03:38Z,
7788,2752,41,Nagy Lajos király útja Expressz,138,1148,Budapest,Nagy Lajos király útja,73-77,,POINT (47.5128 19.12394),Nagy Lajos király útja 73-77.,https://tesco.hu/aruhazak/aruhaz/tesco-nagy-lajos-kiraly-utja-expressz/,,,,,,,,,,,,,,,44083,,,,,,,,,,,,,,,,,,,07:00:00,07:00:00,07:00:00,07:00:00,07:00:00,07:00:00,07:00:00,21:00:00,21:00:00,21:00:00,21:00:00,21:00:00,21:00:00,17:00:00,,,,,,,,,,,,,,,,,False,Mo-Sa 07:00-21:00; Su 07:00-17:00; PH off,"{not_in_water,street_is_around,street_metaphone_is_around,standard_opening_hours}",{},,2020-10-03 10:12:30.796853+00:00,,,47.5128,19.12394,41,Tesco Expressz,shop,"{'shop': 'convenience', 'operator': 'TESCO-GLOBAL Áruházak Zrt.', 'operator:addr': '2040 Budaörs, Kinizsi út 1-3.', 'ref:HU:company': '13-10-040628', 'ref:vatin:hu': '10307078-2-44',  'ref:vatin': 'HU10307078', 'brand': 'Tesco', 'brand:wikipedia': 'hu:Tesco', 'brand:wikidata': 'Q487494',  'internet_access': 'wlan', 'internet_access:fee': 'no', 'internet_access:ssid': 'tesco-internet', 'contact:facebook': 'https://www.facebook.com/tescoaruhazak', 'contact:pinterest': 'https://www.pinterest.com/tescohungary/', 'contact:youtube': 'https://www.youtube.com/user/TescoMagyarorszag',  'loyalty_card': 'yes', 'payment:contactless': 'yes', 'payment:mastercard': 'yes', 'payment:visa': 'yes', 'payment:erzsebet': 'yes', 'payment:erzsebet_plus': 'yes', 'payment:edenred_voucher': 'yes', 'payment:edenred_card': 'yes', 'payment:otp_cafeteria': 'yes',  'payment:multipay': 'yes', 'payment:mastercard_electronic': 'yes', 'payment:maestro': 'yes',  'payment:visa_electron': 'yes', 'payment:mastercard_contactless': 'yes', 'payment:otp_bankpont': 'yes',  'payment:american_express': 'yes', 'payment:jcb': 'yes', 'payment:v_pay': 'yes',  'payment:unionpay': 'yes',  'payment:cash': 'yes', 'payment:gift_card': 'yes', 'payment:wire_transfer': 'yes', 'air_conditioning': 'yes'}",https://tesco.hu,hutescoexp,tesco,False,False,2000.0,200.0,,,,,,2020-10-03T18:03:38Z,
7789,2755,41,Expressz Bp. - Rákosi utca,149,1162,Budapest,Rákosi út,142-146,,POINT (47.52344 19.17214),Rákosi u. 142-146.,https://tesco.hu/aruhazak/aruhaz/tesco-expressz-bp-rakosi-utca/,,,,,,,,,,,,,,,44045,,,,,,,,,,,,,,,,,,,07:00:00,07:00:00,07:00:00,07:00:00,07:00:00,07:00:00,07:00:00,21:00:00,21:00:00,21:00:00,21:00:00,21:00:00,21:00:00,16:00:00,,,,,,,,,,,,,,,,,False,Mo-Sa 07:00-21:00; Su 07:00-16:00; PH off,"{not_in_water,street_is_around,street_metaphone_is_around,standard_opening_hours}",{},,2020-10-03 10:12:30.796853+00:00,,,47.52344,19.17214,41,Tesco Expressz,shop,"{'shop': 'convenience', 'operator': 'TESCO-GLOBAL Áruházak Zrt.', 'operator:addr': '2040 Budaörs, Kinizsi út 1-3.', 'ref:HU:company': '13-10-040628', 'ref:vatin:hu': '10307078-2-44',  'ref:vatin': 'HU10307078', 'brand': 'Tesco', 'brand:wikipedia': 'hu:Tesco', 'brand:wikidata': 'Q487494',  'internet_access': 'wlan', 'internet_access:fee': 'no', 'internet_access:ssid': 'tesco-internet', 'contact:facebook': 'https://www.facebook.com/tescoaruhazak', 'contact:pinterest': 'https://www.pinterest.com/tescohungary/', 'contact:youtube': 'https://www.youtube.com/user/TescoMagyarorszag',  'loyalty_card': 'yes', 'payment:contactless': 'yes', 'payment:mastercard': 'yes', 'payment:visa': 'yes', 'payment:erzsebet': 'yes', 'payment:erzsebet_plus': 'yes', 'payment:edenred_voucher': 'yes', 'payment:edenred_card': 'yes', 'payment:otp_cafeteria': 'yes',  'payment:multipay': 'yes', 'payment:mastercard_electronic': 'yes', 'payment:maestro': 'yes',  'payment:visa_electron': 'yes', 'payment:mastercard_contactless': 'yes', 'payment:otp_bankpont': 'yes',  'payment:american_express': 'yes', 'payment:jcb': 'yes', 'payment:v_pay': 'yes',  'payment:unionpay': 'yes',  'payment:cash': 'yes', 'payment:gift_card': 'yes', 'payment:wire_transfer': 'yes', 'air_conditioning': 'yes'}",https://tesco.hu,hutescoexp,tesco,False,False,2000.0,200.0,,,,,,2020-10-03T18:03:38Z,
7790,2734,41,Expressz Bp. - Ady Endre utca,169,1195,Budapest,Ady Endre út,42-44,,POINT (47.46019 19.13258),Ady Endre u. 42-44.,https://tesco.hu/aruhazak/aruhaz/tesco-expressz-bp-ady-endre-utca/,,,,,,,,,,,,,,,44048,,,,,,,,,,,,,,,,,,,07:00:00,07:00:00,07:00:00,07:00:00,07:00:00,07:00:00,00:00:00,20:00:00,20:00:00,20:00:00,20:00:00,20:00:00,20:00:00,00:00:00,,,,,,,,,,,,,,,,,False,Mo-Sa 07:00-20:00; PH off,"{not_in_water,street_is_around,street_metaphone_is_around,standard_opening_hours}",{},,2020-10-03 10:12:30.796853+00:00,,,47.46019,19.13258,41,Tesco Expressz,shop,"{'shop': 'convenience', 'operator': 'TESCO-GLOBAL Áruházak Zrt.', 'operator:addr': '2040 Budaörs, Kinizsi út 1-3.', 'ref:HU:company': '13-10-040628', 'ref:vatin:hu': '10307078-2-44',  'ref:vatin': 'HU10307078', 'brand': 'Tesco', 'brand:wikipedia': 'hu:Tesco', 'brand:wikidata': 'Q487494',  'internet_access': 'wlan', 'internet_access:fee': 'no', 'internet_access:ssid': 'tesco-internet', 'contact:facebook': 'https://www.facebook.com/tescoaruhazak', 'contact:pinterest': 'https://www.pinterest.com/tescohungary/', 'contact:youtube': 'https://www.youtube.com/user/TescoMagyarorszag',  'loyalty_card': 'yes', 'payment:contactless': 'yes', 'payment:mastercard': 'yes', 'payment:visa': 'yes', 'payment:erzsebet': 'yes', 'payment:erzsebet_plus': 'yes', 'payment:edenred_voucher': 'yes', 'payment:edenred_card': 'yes', 'payment:otp_cafeteria': 'yes',  'payment:multipay': 'yes', 'payment:mastercard_electronic': 'yes', 'payment:maestro': 'yes',  'payment:visa_electron': 'yes', 'payment:mastercard_contactless': 'yes', 'payment:otp_bankpont': 'yes',  'payment:american_express': 'yes', 'payment:jcb': 'yes', 'payment:v_pay': 'yes',  'payment:unionpay': 'yes',  'payment:cash': 'yes', 'payment:gift_card': 'yes', 'payment:wire_transfer': 'yes', 'air_conditioning': 'yes'}",https://tesco.hu,hutescoexp,tesco,False,False,2000.0,200.0,,,,,,2020-10-03T18:03:38Z,
7791,2728,41,Expressz Bp. - Kossuth Lajos utca,176,1211,Budapest,Kossuth Lajos utca,70,,POINT (47.42817 19.07021),Kossuth Lajos u. 70.,https://tesco.hu/aruhazak/aruhaz/tesco-expressz-bp-kossuth-lajos-utca/,,,,,,,,,,,,,,,44055,,,,,,,,,,,,,,,,,,,06:00:00,06:00:00,06:00:00,06:00:00,06:00:00,06:00:00,08:00:00,21:00:00,21:00:00,21:00:00,21:00:00,21:00:00,21:00:00,16:00:00,,,,,,,,,,,,,,,,,False,Mo-Sa 06:00-21:00; Su 08:00-16:00; PH off,"{not_in_water,street_is_around,street_metaphone_is_around,standard_opening_hours}",{},,2020-10-03 10:12:30.796853+00:00,,,47.42817,19.07021,41,Tesco Expressz,shop,"{'shop': 'convenience', 'operator': 'TESCO-GLOBAL Áruházak Zrt.', 'operator:addr': '2040 Budaörs, Kinizsi út 1-3.', 'ref:HU:company': '13-10-040628', 'ref:vatin:hu': '10307078-2-44',  'ref:vatin': 'HU10307078', 'brand': 'Tesco', 'brand:wikipedia': 'hu:Tesco', 'brand:wikidata': 'Q487494',  'internet_access': 'wlan', 'internet_access:fee': 'no', 'internet_access:ssid': 'tesco-internet', 'contact:facebook': 'https://www.facebook.com/tescoaruhazak', 'contact:pinterest': 'https://www.pinterest.com/tescohungary/', 'contact:youtube': 'https://www.youtube.com/user/TescoMagyarorszag',  'loyalty_card': 'yes', 'payment:contactless': 'yes', 'payment:mastercard': 'yes', 'payment:visa': 'yes', 'payment:erzsebet': 'yes', 'payment:erzsebet_plus': 'yes', 'payment:edenred_voucher': 'yes', 'payment:edenred_card': 'yes', 'payment:otp_cafeteria': 'yes',  'payment:multipay': 'yes', 'payment:mastercard_electronic': 'yes', 'payment:maestro': 'yes',  'payment:visa_electron': 'yes', 'payment:mastercard_contactless': 'yes', 'payment:otp_bankpont': 'yes',  'payment:american_express': 'yes', 'payment:jcb': 'yes', 'payment:v_pay': 'yes',  'payment:unionpay': 'yes',  'payment:cash': 'yes', 'payment:gift_card': 'yes', 'payment:wire_transfer': 'yes', 'air_conditioning': 'yes'}",https://tesco.hu,hutescoexp,tesco,False,False,2000.0,200.0,,,,,,2020-10-03T18:03:38Z,
7792,2721,41,Expressz Bp. - Szent László út,179,1214,Budapest,Szent László út,115,,POINT (47.40775 19.0792),Szent László út 115.,https://tesco.hu/aruhazak/aruhaz/tesco-expressz-bp-szent-laszlo-ut/,,,,,,,,,,,,,,,44044,,,,,,,,,,,,,,,,,,,07:00:00,07:00:00,07:00:00,07:00:00,07:00:00,07:00:00,08:00:00,21:00:00,21:00:00,21:00:00,21:00:00,21:00:00,21:00:00,16:00:00,,,,,,,,,,,,,,,,,False,Mo-Sa 07:00-21:00; Su 08:00-16:00; PH off,"{not_in_water,street_is_around,street_metaphone_is_around,standard_opening_hours}",{},,2020-10-03 10:12:30.796853+00:00,,,47.40775,19.0792,41,Tesco Expressz,shop,"{'shop': 'convenience', 'operator': 'TESCO-GLOBAL Áruházak Zrt.', 'operator:addr': '2040 Budaörs, Kinizsi út 1-3.', 'ref:HU:company': '13-10-040628', 'ref:vatin:hu': '10307078-2-44',  'ref:vatin': 'HU10307078', 'brand': 'Tesco', 'brand:wikipedia': 'hu:Tesco', 'brand:wikidata': 'Q487494',  'internet_access': 'wlan', 'internet_access:fee': 'no', 'internet_access:ssid': 'tesco-internet', 'contact:facebook': 'https://www.facebook.com/tescoaruhazak', 'contact:pinterest': 'https://www.pinterest.com/tescohungary/', 'contact:youtube': 'https://www.youtube.com/user/TescoMagyarorszag',  'loyalty_card': 'yes', 'payment:contactless': 'yes', 'payment:mastercard': 'yes', 'payment:visa': 'yes', 'payment:erzsebet': 'yes', 'payment:erzsebet_plus': 'yes', 'payment:edenred_voucher': 'yes', 'payment:edenred_card': 'yes', 'payment:otp_cafeteria': 'yes',  'payment:multipay': 'yes', 'payment:mastercard_electronic': 'yes', 'payment:maestro': 'yes',  'payment:visa_electron': 'yes', 'payment:mastercard_contactless': 'yes', 'payment:otp_bankpont': 'yes',  'payment:american_express': 'yes', 'payment:jcb': 'yes', 'payment:v_pay': 'yes',  'payment:unionpay': 'yes',  'payment:cash': 'yes', 'payment:gift_card': 'yes', 'payment:wire_transfer': 'yes', 'air_conditioning': 'yes'}",https://tesco.hu,hutescoexp,tesco,False,False,2000.0,200.0,,,,,,2020-10-03T18:03:38Z,
7793,2729,41,Hasadék Expressz,0,1221,Budafok,Ady Endre út,99,,POINT (47.44097 19.0224),Ady Endre u. 99.,https://tesco.hu/aruhazak/aruhaz/tesco-hasadek-expressz/,,,,,,,,,,,,,,,44082,,,,,,,,,,,,,,,,,,,06:00:00,06:00:00,06:00:00,06:00:00,06:00:00,06:00:00,08:00:00,21:00:00,21:00:00,21:00:00,21:00:00,21:00:00,21:00:00,14:00:00,,,,,,,,,,,,,,,,,False,Mo-Sa 06:00-21:00; Su 08:00-14:00; PH off,"{not_in_water,street_is_around,street_metaphone_is_around,standard_opening_hours}",{},,2020-10-03 10:12:30.796853+00:00,,,47.44097,19.0224,41,Tesco Expressz,shop,"{'shop': 'convenience', 'operator': 'TESCO-GLOBAL Áruházak Zrt.', 'operator:addr': '2040 Budaörs, Kinizsi út 1-3.', 'ref:HU:company': '13-10-040628', 'ref:vatin:hu': '10307078-2-44',  'ref:vatin': 'HU10307078', 'brand': 'Tesco', 'brand:wikipedia': 'hu:Tesco', 'brand:wikidata': 'Q487494',  'internet_access': 'wlan', 'internet_access:fee': 'no', 'internet_access:ssid': 'tesco-internet', 'contact:facebook': 'https://www.facebook.com/tescoaruhazak', 'contact:pinterest': 'https://www.pinterest.com/tescohungary/', 'contact:youtube': 'https://www.youtube.com/user/TescoMagyarorszag',  'loyalty_card': 'yes', 'payment:contactless': 'yes', 'payment:mastercard': 'yes', 'payment:visa': 'yes', 'payment:erzsebet': 'yes', 'payment:erzsebet_plus': 'yes', 'payment:edenred_voucher': 'yes', 'payment:edenred_card': 'yes', 'payment:otp_cafeteria': 'yes',  'payment:multipay': 'yes', 'payment:mastercard_electronic': 'yes', 'payment:maestro': 'yes',  'payment:visa_electron': 'yes', 'payment:mastercard_contactless': 'yes', 'payment:otp_bankpont': 'yes',  'payment:american_express': 'yes', 'payment:jcb': 'yes', 'payment:v_pay': 'yes',  'payment:unionpay': 'yes',  'payment:cash': 'yes', 'payment:gift_card': 'yes', 'payment:wire_transfer': 'yes', 'air_conditioning': 'yes'}",https://tesco.hu,hutescoexp,tesco,False,False,2000.0,200.0,,,,,,2020-10-03T18:03:38Z,
7794,2731,41,Törökbálint Expressz,634,2045,Törökbálint,Bajcsy-Zsilinszky utca,67,,POINT (47.44099 18.91419),Bajcsy-Zsilinszky u 67.,https://tesco.hu/aruhazak/aruhaz/tesco-torokbalint-expressz/,,,,,,,,,,,,,,,44090,,,,,,,,,,,,,,,,,,,06:00:00,06:00:00,06:00:00,06:00:00,06:00:00,06:00:00,08:00:00,21:00:00,21:00:00,21:00:00,21:00:00,21:00:00,21:00:00,16:00:00,,,,,,,,,,,,,,,,,False,Mo-Sa 06:00-21:00; Su 08:00-16:00; PH off,"{not_in_water,street_is_around,street_metaphone_is_around,standard_opening_hours}",{},,2020-10-03 10:12:30.796853+00:00,,,47.44099,18.91419,41,Tesco Expressz,shop,"{'shop': 'convenience', 'operator': 'TESCO-GLOBAL Áruházak Zrt.', 'operator:addr': '2040 Budaörs, Kinizsi út 1-3.', 'ref:HU:company': '13-10-040628', 'ref:vatin:hu': '10307078-2-44',  'ref:vatin': 'HU10307078', 'brand': 'Tesco', 'brand:wikipedia': 'hu:Tesco', 'brand:wikidata': 'Q487494',  'internet_access': 'wlan', 'internet_access:fee': 'no', 'internet_access:ssid': 'tesco-internet', 'contact:facebook': 'https://www.facebook.com/tescoaruhazak', 'contact:pinterest': 'https://www.pinterest.com/tescohungary/', 'contact:youtube': 'https://www.youtube.com/user/TescoMagyarorszag',  'loyalty_card': 'yes', 'payment:contactless': 'yes', 'payment:mastercard': 'yes', 'payment:visa': 'yes', 'payment:erzsebet': 'yes', 'payment:erzsebet_plus': 'yes', 'payment:edenred_voucher': 'yes', 'payment:edenred_card': 'yes', 'payment:otp_cafeteria': 'yes',  'payment:multipay': 'yes', 'payment:mastercard_electronic': 'yes', 'payment:maestro': 'yes',  'payment:visa_electron': 'yes', 'payment:mastercard_contactless': 'yes', 'payment:otp_bankpont': 'yes',  'payment:american_express': 'yes', 'payment:jcb': 'yes', 'payment:v_pay': 'yes',  'payment:unionpay': 'yes',  'payment:cash': 'yes', 'payment:gift_card': 'yes', 'payment:wire_transfer': 'yes', 'air_conditioning': 'yes'}",https://tesco.hu,hutescoexp,tesco,False,False,2000.0,200.0,,,,,,2020-10-03T18:03:38Z,
7795,2757,41,Expressz Páty - Rákóczi utca,650,2071,Páty,Rákóczi utca,11,,POINT (47.51525 18.82996),Rákóczi utca 11.,https://tesco.hu/aruhazak/aruhaz/tesco-expressz-paty-rakoczi-utca/,,,,,,,,,,,,,,,44061,,,,,,,,,,,,,,,,,,,07:00:00,07:00:00,07:00:00,07:00:00,07:00:00,07:00:00,08:00:00,20:00:00,20:00:00,20:00:00,20:00:00,20:00:00,20:00:00,14:00:00,,,,,,,,,,,,,,,,,False,Mo-Sa 07:00-20:00; Su 08:00-14:00; PH off,"{not_in_water,standard_opening_hours}","{street_is_not_around,street_metaphone_is_not_around}",,2020-10-03 10:12:30.796853+00:00,,,47.51525,18.82996,41,Tesco Expressz,shop,"{'shop': 'convenience', 'operator': 'TESCO-GLOBAL Áruházak Zrt.', 'operator:addr': '2040 Budaörs, Kinizsi út 1-3.', 'ref:HU:company': '13-10-040628', 'ref:vatin:hu': '10307078-2-44',  'ref:vatin': 'HU10307078', 'brand': 'Tesco', 'brand:wikipedia': 'hu:Tesco', 'brand:wikidata': 'Q487494',  'internet_access': 'wlan', 'internet_access:fee': 'no', 'internet_access:ssid': 'tesco-internet', 'contact:facebook': 'https://www.facebook.com/tescoaruhazak', 'contact:pinterest': 'https://www.pinterest.com/tescohungary/', 'contact:youtube': 'https://www.youtube.com/user/TescoMagyarorszag',  'loyalty_card': 'yes', 'payment:contactless': 'yes', 'payment:mastercard': 'yes', 'payment:visa': 'yes', 'payment:erzsebet': 'yes', 'payment:erzsebet_plus': 'yes', 'payment:edenred_voucher': 'yes', 'payment:edenred_card': 'yes', 'payment:otp_cafeteria': 'yes',  'payment:multipay': 'yes', 'payment:mastercard_electronic': 'yes', 'payment:maestro': 'yes',  'payment:visa_electron': 'yes', 'payment:mastercard_contactless': 'yes', 'payment:otp_bankpont': 'yes',  'payment:american_express': 'yes', 'payment:jcb': 'yes', 'payment:v_pay': 'yes',  'payment:unionpay': 'yes',  'payment:cash': 'yes', 'payment:gift_card': 'yes', 'payment:wire_transfer': 'yes', 'air_conditioning': 'yes'}",https://tesco.hu,hutescoexp,tesco,False,False,2000.0,200.0,,,,,,2020-10-03T18:03:38Z,
7796,2679,41,Expressz Dunaújváros - Bercsényi utca,810,2400,Dunaújváros,Bercsényi Miklós utca,4,,POINT (46.96695 18.93097),Bercsényi u. 4.,https://tesco.hu/aruhazak/aruhaz/tesco-expressz-dunaujvaros-bercsenyi-utca/,,,,,,,,,,,,,,,44069,,,,,,,,,,,,,,,,,,,06:00:00,06:00:00,06:00:00,06:00:00,06:00:00,06:00:00,06:00:00,21:00:00,21:00:00,21:00:00,21:00:00,21:00:00,21:00:00,16:00:00,,,,,,,,,,,,,,,,,False,Mo-Sa 06:00-21:00; Su 06:00-16:00; PH off,"{not_in_water,street_is_around,street_metaphone_is_around,standard_opening_hours}",{},,2020-10-03 10:12:30.796853+00:00,,,46.96695,18.93097,41,Tesco Expressz,shop,"{'shop': 'convenience', 'operator': 'TESCO-GLOBAL Áruházak Zrt.', 'operator:addr': '2040 Budaörs, Kinizsi út 1-3.', 'ref:HU:company': '13-10-040628', 'ref:vatin:hu': '10307078-2-44',  'ref:vatin': 'HU10307078', 'brand': 'Tesco', 'brand:wikipedia': 'hu:Tesco', 'brand:wikidata': 'Q487494',  'internet_access': 'wlan', 'internet_access:fee': 'no', 'internet_access:ssid': 'tesco-internet', 'contact:facebook': 'https://www.facebook.com/tescoaruhazak', 'contact:pinterest': 'https://www.pinterest.com/tescohungary/', 'contact:youtube': 'https://www.youtube.com/user/TescoMagyarorszag',  'loyalty_card': 'yes', 'payment:contactless': 'yes', 'payment:mastercard': 'yes', 'payment:visa': 'yes', 'payment:erzsebet': 'yes', 'payment:erzsebet_plus': 'yes', 'payment:edenred_voucher': 'yes', 'payment:edenred_card': 'yes', 'payment:otp_cafeteria': 'yes',  'payment:multipay': 'yes', 'payment:mastercard_electronic': 'yes', 'payment:maestro': 'yes',  'payment:visa_electron': 'yes', 'payment:mastercard_contactless': 'yes', 'payment:otp_bankpont': 'yes',  'payment:american_express': 'yes', 'payment:jcb': 'yes', 'payment:v_pay': 'yes',  'payment:unionpay': 'yes',  'payment:cash': 'yes', 'payment:gift_card': 'yes', 'payment:wire_transfer': 'yes', 'air_conditioning': 'yes'}",https://tesco.hu,hutescoexp,tesco,False,False,2000.0,200.0,,,,,,2020-10-03T18:03:38Z,
7797,2712,41,Expressz Martonvásár,844,2462,Martonvásár,Ady Endre utca,6,,POINT (47.32042 18.79261),Ady Endre u. 6.,https://tesco.hu/aruhazak/aruhaz/tesco-expressz-martonvasar/,,,,,,,,,,,,,,,44089,,,,,,,,,,,,,,,,,,,05:00:00,05:00:00,05:00:00,05:00:00,05:00:00,05:00:00,06:00:00,21:00:00,21:00:00,21:00:00,21:00:00,21:00:00,21:00:00,18:00:00,,,,,,,,,,,,,,,,,False,Mo-Sa 05:00-21:00; Su 06:00-18:00; PH off,"{not_in_water,street_is_around,street_metaphone_is_around,standard_opening_hours}",{},,2020-10-03 10:12:30.796853+00:00,,,47.32042,18.79261,41,Tesco Expressz,shop,"{'shop': 'convenience', 'operator': 'TESCO-GLOBAL Áruházak Zrt.', 'operator:addr': '2040 Budaörs, Kinizsi út 1-3.', 'ref:HU:company': '13-10-040628', 'ref:vatin:hu': '10307078-2-44',  'ref:vatin': 'HU10307078', 'brand': 'Tesco', 'brand:wikipedia': 'hu:Tesco', 'brand:wikidata': 'Q487494',  'internet_access': 'wlan', 'internet_access:fee': 'no', 'internet_access:ssid': 'tesco-internet', 'contact:facebook': 'https://www.facebook.com/tescoaruhazak', 'contact:pinterest': 'https://www.pinterest.com/tescohungary/', 'contact:youtube': 'https://www.youtube.com/user/TescoMagyarorszag',  'loyalty_card': 'yes', 'payment:contactless': 'yes', 'payment:mastercard': 'yes', 'payment:visa': 'yes', 'payment:erzsebet': 'yes', 'payment:erzsebet_plus': 'yes', 'payment:edenred_voucher': 'yes', 'payment:edenred_card': 'yes', 'payment:otp_cafeteria': 'yes',  'payment:multipay': 'yes', 'payment:mastercard_electronic': 'yes', 'payment:maestro': 'yes',  'payment:visa_electron': 'yes', 'payment:mastercard_contactless': 'yes', 'payment:otp_bankpont': 'yes',  'payment:american_express': 'yes', 'payment:jcb': 'yes', 'payment:v_pay': 'yes',  'payment:unionpay': 'yes',  'payment:cash': 'yes', 'payment:gift_card': 'yes', 'payment:wire_transfer': 'yes', 'air_conditioning': 'yes'}",https://tesco.hu,hutescoexp,tesco,False,False,2000.0,200.0,,,,,,2020-10-03T18:03:38Z,
7798,2831,41,Expressz Miskolc - Arany János tér,1371,3526,Miskolc,Arany János tér,1,,POINT (48.10929 20.78764),Arany János tér 1.,https://tesco.hu/aruhazak/aruhaz/tesco-expressz-miskolc-arany-janos-ter/,,,,,,,,,,,,,,,44052,,,,,,,,,,,,,,,,,,,06:00:00,06:00:00,06:00:00,06:00:00,06:00:00,06:00:00,08:00:00,21:00:00,21:00:00,21:00:00,21:00:00,21:00:00,21:00:00,14:00:00,,,,,,,,,,,,,,,,,False,Mo-Sa 06:00-21:00; Su 08:00-14:00; PH off,"{not_in_water,street_is_around,street_metaphone_is_around,standard_opening_hours}",{},,2020-10-03 10:12:30.796853+00:00,,,48.10929,20.78764,41,Tesco Expressz,shop,"{'shop': 'convenience', 'operator': 'TESCO-GLOBAL Áruházak Zrt.', 'operator:addr': '2040 Budaörs, Kinizsi út 1-3.', 'ref:HU:company': '13-10-040628', 'ref:vatin:hu': '10307078-2-44',  'ref:vatin': 'HU10307078', 'brand': 'Tesco', 'brand:wikipedia': 'hu:Tesco', 'brand:wikidata': 'Q487494',  'internet_access': 'wlan', 'internet_access:fee': 'no', 'internet_access:ssid': 'tesco-internet', 'contact:facebook': 'https://www.facebook.com/tescoaruhazak', 'contact:pinterest': 'https://www.pinterest.com/tescohungary/', 'contact:youtube': 'https://www.youtube.com/user/TescoMagyarorszag',  'loyalty_card': 'yes', 'payment:contactless': 'yes', 'payment:mastercard': 'yes', 'payment:visa': 'yes', 'payment:erzsebet': 'yes', 'payment:erzsebet_plus': 'yes', 'payment:edenred_voucher': 'yes', 'payment:edenred_card': 'yes', 'payment:otp_cafeteria': 'yes',  'payment:multipay': 'yes', 'payment:mastercard_electronic': 'yes', 'payment:maestro': 'yes',  'payment:visa_electron': 'yes', 'payment:mastercard_contactless': 'yes', 'payment:otp_bankpont': 'yes',  'payment:american_express': 'yes', 'payment:jcb': 'yes', 'payment:v_pay': 'yes',  'payment:unionpay': 'yes',  'payment:cash': 'yes', 'payment:gift_card': 'yes', 'payment:wire_transfer': 'yes', 'air_conditioning': 'yes'}",https://tesco.hu,hutescoexp,tesco,False,False,2000.0,200.0,,,,,,2020-10-03T18:03:38Z,
7799,2830,41,Expressz Miskolc - Széchenyi utca,1375,3530,Miskolc,Széchenyi utca,29,,POINT (48.10262 20.78312),Széchenyi u. 29.,https://tesco.hu/aruhazak/aruhaz/tesco-expressz-miskolc-szechenyi-utca/,,,,,,,,,,,,,,,44060,,,,,,,,,,,,,,,,,,,06:00:00,06:00:00,06:00:00,06:00:00,06:00:00,06:00:00,00:00:00,22:00:00,22:00:00,22:00:00,22:00:00,22:00:00,22:00:00,00:00:00,,,,,,,,,,,,,,,,,False,Mo-Sa 06:00-22:00; PH off,"{not_in_water,standard_opening_hours}","{street_is_not_around,street_metaphone_is_not_around}",,2020-10-03 10:12:30.796853+00:00,,,48.10262,20.78312,41,Tesco Expressz,shop,"{'shop': 'convenience', 'operator': 'TESCO-GLOBAL Áruházak Zrt.', 'operator:addr': '2040 Budaörs, Kinizsi út 1-3.', 'ref:HU:company': '13-10-040628', 'ref:vatin:hu': '10307078-2-44',  'ref:vatin': 'HU10307078', 'brand': 'Tesco', 'brand:wikipedia': 'hu:Tesco', 'brand:wikidata': 'Q487494',  'internet_access': 'wlan', 'internet_access:fee': 'no', 'internet_access:ssid': 'tesco-internet', 'contact:facebook': 'https://www.facebook.com/tescoaruhazak', 'contact:pinterest': 'https://www.pinterest.com/tescohungary/', 'contact:youtube': 'https://www.youtube.com/user/TescoMagyarorszag',  'loyalty_card': 'yes', 'payment:contactless': 'yes', 'payment:mastercard': 'yes', 'payment:visa': 'yes', 'payment:erzsebet': 'yes', 'payment:erzsebet_plus': 'yes', 'payment:edenred_voucher': 'yes', 'payment:edenred_card': 'yes', 'payment:otp_cafeteria': 'yes',  'payment:multipay': 'yes', 'payment:mastercard_electronic': 'yes', 'payment:maestro': 'yes',  'payment:visa_electron': 'yes', 'payment:mastercard_contactless': 'yes', 'payment:otp_bankpont': 'yes',  'payment:american_express': 'yes', 'payment:jcb': 'yes', 'payment:v_pay': 'yes',  'payment:unionpay': 'yes',  'payment:cash': 'yes', 'payment:gift_card': 'yes', 'payment:wire_transfer': 'yes', 'air_conditioning': 'yes'}",https://tesco.hu,hutescoexp,tesco,False,False,2000.0,200.0,,,,,,2020-10-03T18:03:38Z,
7800,2802,41,Debrecen Piac Expressz,1763,4024,Debrecen,Piac utca,16,,POINT (47.53046 21.6249),Piac utca 16.,https://tesco.hu/aruhazak/aruhaz/tesco-debrecen-piac-expressz/,,,,,,,,,,,,,,,44081,,,,,,,,,,,,,,,,,,,06:00:00,06:00:00,06:00:00,06:00:00,06:00:00,06:00:00,08:00:00,22:00:00,22:00:00,22:00:00,22:00:00,22:00:00,22:00:00,20:00:00,,,,,,,,,,,,,,,,,False,Mo-Sa 06:00-22:00; Su 08:00-20:00; PH off,"{not_in_water,street_is_around,street_metaphone_is_around,standard_opening_hours}",{},,2020-10-03 10:12:30.796853+00:00,,,47.53046,21.6249,41,Tesco Expressz,shop,"{'shop': 'convenience', 'operator': 'TESCO-GLOBAL Áruházak Zrt.', 'operator:addr': '2040 Budaörs, Kinizsi út 1-3.', 'ref:HU:company': '13-10-040628', 'ref:vatin:hu': '10307078-2-44',  'ref:vatin': 'HU10307078', 'brand': 'Tesco', 'brand:wikipedia': 'hu:Tesco', 'brand:wikidata': 'Q487494',  'internet_access': 'wlan', 'internet_access:fee': 'no', 'internet_access:ssid': 'tesco-internet', 'contact:facebook': 'https://www.facebook.com/tescoaruhazak', 'contact:pinterest': 'https://www.pinterest.com/tescohungary/', 'contact:youtube': 'https://www.youtube.com/user/TescoMagyarorszag',  'loyalty_card': 'yes', 'payment:contactless': 'yes', 'payment:mastercard': 'yes', 'payment:visa': 'yes', 'payment:erzsebet': 'yes', 'payment:erzsebet_plus': 'yes', 'payment:edenred_voucher': 'yes', 'payment:edenred_card': 'yes', 'payment:otp_cafeteria': 'yes',  'payment:multipay': 'yes', 'payment:mastercard_electronic': 'yes', 'payment:maestro': 'yes',  'payment:visa_electron': 'yes', 'payment:mastercard_contactless': 'yes', 'payment:otp_bankpont': 'yes',  'payment:american_express': 'yes', 'payment:jcb': 'yes', 'payment:v_pay': 'yes',  'payment:unionpay': 'yes',  'payment:cash': 'yes', 'payment:gift_card': 'yes', 'payment:wire_transfer': 'yes', 'air_conditioning': 'yes'}",https://tesco.hu,hutescoexp,tesco,False,False,2000.0,200.0,,,,,,2020-10-03T18:03:38Z,
7801,2650,41,Expressz Szeged - Dugonics tér,2552,6722,Szeged,Dugonics tér,8-9,,POINT (46.25081 20.14357),Dugonics tér 8-9.,https://tesco.hu/aruhazak/aruhaz/tesco-expressz-szeged-dugonics-ter/,,,,,,,,,,,,,,,44007,,,,,,,,,,,,,,,,,,,07:00:00,07:00:00,07:00:00,07:00:00,07:00:00,07:00:00,08:00:00,21:00:00,21:00:00,21:00:00,21:00:00,21:00:00,21:00:00,19:00:00,,,,,,,,,,,,,,,,,False,Mo-Sa 07:00-21:00; Su 08:00-19:00; PH off,"{not_in_water,street_is_around,street_metaphone_is_around,standard_opening_hours}",{},,2020-10-03 10:12:30.796853+00:00,,,46.25081,20.14357,41,Tesco Expressz,shop,"{'shop': 'convenience', 'operator': 'TESCO-GLOBAL Áruházak Zrt.', 'operator:addr': '2040 Budaörs, Kinizsi út 1-3.', 'ref:HU:company': '13-10-040628', 'ref:vatin:hu': '10307078-2-44',  'ref:vatin': 'HU10307078', 'brand': 'Tesco', 'brand:wikipedia': 'hu:Tesco', 'brand:wikidata': 'Q487494',  'internet_access': 'wlan', 'internet_access:fee': 'no', 'internet_access:ssid': 'tesco-internet', 'contact:facebook': 'https://www.facebook.com/tescoaruhazak', 'contact:pinterest': 'https://www.pinterest.com/tescohungary/', 'contact:youtube': 'https://www.youtube.com/user/TescoMagyarorszag',  'loyalty_card': 'yes', 'payment:contactless': 'yes', 'payment:mastercard': 'yes', 'payment:visa': 'yes', 'payment:erzsebet': 'yes', 'payment:erzsebet_plus': 'yes', 'payment:edenred_voucher': 'yes', 'payment:edenred_card': 'yes', 'payment:otp_cafeteria': 'yes',  'payment:multipay': 'yes', 'payment:mastercard_electronic': 'yes', 'payment:maestro': 'yes',  'payment:visa_electron': 'yes', 'payment:mastercard_contactless': 'yes', 'payment:otp_bankpont': 'yes',  'payment:american_express': 'yes', 'payment:jcb': 'yes', 'payment:v_pay': 'yes',  'payment:unionpay': 'yes',  'payment:cash': 'yes', 'payment:gift_card': 'yes', 'payment:wire_transfer': 'yes', 'air_conditioning': 'yes'}",https://tesco.hu,hutescoexp,tesco,False,False,2000.0,200.0,,,,,,2020-10-03T18:03:38Z,
7802,2651,41,Expressz Szeged - Tisza Lajos krt.,2553,6723,Szeged,Tisza Lajos körút,41,,POINT (46.25589 20.14761),Tisza Lajos krt. 41.,https://tesco.hu/aruhazak/aruhaz/tesco-expressz-szeged-tisza-lajos-krt/,,,,,,,,,,,,,,,44057,,,,,,,,,,,,,,,,,,,06:00:00,06:00:00,06:00:00,06:00:00,06:00:00,06:00:00,08:00:00,22:00:00,22:00:00,22:00:00,22:00:00,22:00:00,22:00:00,20:00:00,,,,,,,,,,,,,,,,,False,Mo-Sa 06:00-22:00; Su 08:00-20:00; PH off,"{not_in_water,street_is_around,street_metaphone_is_around,standard_opening_hours}",{},,2020-10-03 10:12:30.796853+00:00,,,46.25589,20.14761,41,Tesco Expressz,shop,"{'shop': 'convenience', 'operator': 'TESCO-GLOBAL Áruházak Zrt.', 'operator:addr': '2040 Budaörs, Kinizsi út 1-3.', 'ref:HU:company': '13-10-040628', 'ref:vatin:hu': '10307078-2-44',  'ref:vatin': 'HU10307078', 'brand': 'Tesco', 'brand:wikipedia': 'hu:Tesco', 'brand:wikidata': 'Q487494',  'internet_access': 'wlan', 'internet_access:fee': 'no', 'internet_access:ssid': 'tesco-internet', 'contact:facebook': 'https://www.facebook.com/tescoaruhazak', 'contact:pinterest': 'https://www.pinterest.com/tescohungary/', 'contact:youtube': 'https://www.youtube.com/user/TescoMagyarorszag',  'loyalty_card': 'yes', 'payment:contactless': 'yes', 'payment:mastercard': 'yes', 'payment:visa': 'yes', 'payment:erzsebet': 'yes', 'payment:erzsebet_plus': 'yes', 'payment:edenred_voucher': 'yes', 'payment:edenred_card': 'yes', 'payment:otp_cafeteria': 'yes',  'payment:multipay': 'yes', 'payment:mastercard_electronic': 'yes', 'payment:maestro': 'yes',  'payment:visa_electron': 'yes', 'payment:mastercard_contactless': 'yes', 'payment:otp_bankpont': 'yes',  'payment:american_express': 'yes', 'payment:jcb': 'yes', 'payment:v_pay': 'yes',  'payment:unionpay': 'yes',  'payment:cash': 'yes', 'payment:gift_card': 'yes', 'payment:wire_transfer': 'yes', 'air_conditioning': 'yes'}",https://tesco.hu,hutescoexp,tesco,False,False,2000.0,200.0,,,,,,2020-10-03T18:03:38Z,
7803,2687,41,Expressz Siófok-Dózsa György utca,3651,8600,Siófok,Dózsa György utca,20,,POINT (46.90765 18.06141),Dózsa György u. 20. ,https://tesco.hu/aruhazak/aruhaz/tesco-expressz-siofok-dozsa-gyorgy-utca/,,,,,,,,,,,,,,,44070,,,,,,,,,,,,,,,,,,,06:00:00,06:00:00,06:00:00,06:00:00,06:00:00,06:00:00,07:00:00,21:00:00,21:00:00,21:00:00,21:00:00,21:00:00,21:00:00,18:00:00,,,,,,,,,,,,,,,,,False,Mo-Sa 06:00-21:00; Su 07:00-18:00; PH off,"{not_in_water,street_is_around,street_metaphone_is_around,standard_opening_hours}",{},,2020-10-03 10:12:30.796853+00:00,,,46.90765,18.06141,41,Tesco Expressz,shop,"{'shop': 'convenience', 'operator': 'TESCO-GLOBAL Áruházak Zrt.', 'operator:addr': '2040 Budaörs, Kinizsi út 1-3.', 'ref:HU:company': '13-10-040628', 'ref:vatin:hu': '10307078-2-44',  'ref:vatin': 'HU10307078', 'brand': 'Tesco', 'brand:wikipedia': 'hu:Tesco', 'brand:wikidata': 'Q487494',  'internet_access': 'wlan', 'internet_access:fee': 'no', 'internet_access:ssid': 'tesco-internet', 'contact:facebook': 'https://www.facebook.com/tescoaruhazak', 'contact:pinterest': 'https://www.pinterest.com/tescohungary/', 'contact:youtube': 'https://www.youtube.com/user/TescoMagyarorszag',  'loyalty_card': 'yes', 'payment:contactless': 'yes', 'payment:mastercard': 'yes', 'payment:visa': 'yes', 'payment:erzsebet': 'yes', 'payment:erzsebet_plus': 'yes', 'payment:edenred_voucher': 'yes', 'payment:edenred_card': 'yes', 'payment:otp_cafeteria': 'yes',  'payment:multipay': 'yes', 'payment:mastercard_electronic': 'yes', 'payment:maestro': 'yes',  'payment:visa_electron': 'yes', 'payment:mastercard_contactless': 'yes', 'payment:otp_bankpont': 'yes',  'payment:american_express': 'yes', 'payment:jcb': 'yes', 'payment:v_pay': 'yes',  'payment:unionpay': 'yes',  'payment:cash': 'yes', 'payment:gift_card': 'yes', 'payment:wire_transfer': 'yes', 'air_conditioning': 'yes'}",https://tesco.hu,hutescoexp,tesco,False,False,2000.0,200.0,,,,,,2020-10-03T18:03:38Z,
7804,2686,41,Expressz Balatonföldvár - Budapesti út,3665,8623,Balatonföldvár,Budapesti út,1,,POINT (46.84982 17.88016),Budapesti út 1.,https://tesco.hu/aruhazak/aruhaz/tesco-expressz-balatonfoldvar-budapesti-ut/,,,,,,,,,,,,,,,44071,,,,,,,,,,,,,,,,,,,06:00:00,06:00:00,06:00:00,06:00:00,06:00:00,06:00:00,07:00:00,20:00:00,20:00:00,20:00:00,20:00:00,20:00:00,20:00:00,18:00:00,,,,,,,,,,,,,,,,,False,Mo-Sa 06:00-20:00; Su 07:00-18:00; PH off,"{not_in_water,street_is_around,street_metaphone_is_around,standard_opening_hours}",{},,2020-10-03 10:12:30.796853+00:00,,,46.84982,17.88016,41,Tesco Expressz,shop,"{'shop': 'convenience', 'operator': 'TESCO-GLOBAL Áruházak Zrt.', 'operator:addr': '2040 Budaörs, Kinizsi út 1-3.', 'ref:HU:company': '13-10-040628', 'ref:vatin:hu': '10307078-2-44',  'ref:vatin': 'HU10307078', 'brand': 'Tesco', 'brand:wikipedia': 'hu:Tesco', 'brand:wikidata': 'Q487494',  'internet_access': 'wlan', 'internet_access:fee': 'no', 'internet_access:ssid': 'tesco-internet', 'contact:facebook': 'https://www.facebook.com/tescoaruhazak', 'contact:pinterest': 'https://www.pinterest.com/tescohungary/', 'contact:youtube': 'https://www.youtube.com/user/TescoMagyarorszag',  'loyalty_card': 'yes', 'payment:contactless': 'yes', 'payment:mastercard': 'yes', 'payment:visa': 'yes', 'payment:erzsebet': 'yes', 'payment:erzsebet_plus': 'yes', 'payment:edenred_voucher': 'yes', 'payment:edenred_card': 'yes', 'payment:otp_cafeteria': 'yes',  'payment:multipay': 'yes', 'payment:mastercard_electronic': 'yes', 'payment:maestro': 'yes',  'payment:visa_electron': 'yes', 'payment:mastercard_contactless': 'yes', 'payment:otp_bankpont': 'yes',  'payment:american_express': 'yes', 'payment:jcb': 'yes', 'payment:v_pay': 'yes',  'payment:unionpay': 'yes',  'payment:cash': 'yes', 'payment:gift_card': 'yes', 'payment:wire_transfer': 'yes', 'air_conditioning': 'yes'}",https://tesco.hu,hutescoexp,tesco,False,False,2000.0,200.0,,,,,,2020-10-03T18:03:38Z,
