,pa_id,poi_common_id,poi_branch,poi_addr_city,poi_postcode,poi_city,poi_addr_street,poi_addr_housenumber,poi_conscriptionnumber,poi_geom,original,poi_website,poi_ref,poi_phone,poi_email,poi_opening_hours_nonstop,poi_opening_hours_mo_open,poi_opening_hours_tu_open,poi_opening_hours_we_open,poi_opening_hours_th_open,poi_opening_hours_fr_open,poi_opening_hours_sa_open,poi_opening_hours_su_open,poi_opening_hours_mo_close,poi_opening_hours_tu_close,poi_opening_hours_we_close,poi_opening_hours_th_close,poi_opening_hours_fr_close,poi_opening_hours_sa_close,poi_opening_hours_su_close,poi_hash,poi_created,poi_updated,poi_deleted,poi_lat,poi_lon,pc_id,poi_name,poi_type,poi_tags,poi_url_base,poi_code,osm_id,node,osm_version,osm_changeset,osm_timestamp,osm_live_tags,osm_nodes
5054,5196,20,,985,2740,Abony,Kossuth tér,4,,POINT (47.189134 20.004633),Kossuth tér 4.,,,,,False,08:00:00,08:00:00,08:00:00,08:00:00,08:00:00,08:00:00,,18:00:00,18:00:00,18:00:00,18:00:00,18:00:00,14:00:00,,,2018-06-25 10:09:58.974918+00:00,,,47.189134,20.004633,20,Rossmann,chemist,"{'shop': 'chemist', 'operator': 'Rossmann Magyarország Kft.', 'brand':'Rossmann', 'facebook':'https://www.facebook.com/Rossmann.hu', 'youtube': 'https://www.youtube.com/channel/UCmUCPmvMLL3IaXRBtx7-J7Q', 'instagram':'https://www.instagram.com/rossmann_hu/', 'payment:cash': 'yes', 'payment:debit_cards': 'yes'}",https://www.rossmann.hu,hurossmche,2960278456,True,2,0,2015-12-06T15:0505Z,"{'wheelchair': 'yes', 'brand': 'Rossmann', 'shop': 'chemist', 'name': 'Rossmann'}",
5055,5197,20,,3496,8400,Ajka,Szabadság tér,14,,POINT (47.105645 17.564917),Szabadság tér 14.,,,,,False,08:00:00,08:00:00,08:00:00,08:00:00,08:00:00,08:00:00,,19:00:00,19:00:00,19:00:00,19:00:00,19:00:00,14:00:00,,,2018-06-25 10:09:58.974918+00:00,,,47.105645,17.564917,20,Rossmann,chemist,"{'shop': 'chemist', 'operator': 'Rossmann Magyarország Kft.', 'brand':'Rossmann', 'facebook':'https://www.facebook.com/Rossmann.hu', 'youtube': 'https://www.youtube.com/channel/UCmUCPmvMLL3IaXRBtx7-J7Q', 'instagram':'https://www.instagram.com/rossmann_hu/', 'payment:cash': 'yes', 'payment:debit_cards': 'yes'}",https://www.rossmann.hu,hurossmche,,,,,,,
5056,5198,20,,710,2170,Aszód,Kossuth Lajos utca,15,,POINT (47.651097 19.477105),Kossuth Lajos u. 15.,,,,,False,08:00:00,08:00:00,08:00:00,08:00:00,08:00:00,08:00:00,,18:00:00,18:00:00,18:00:00,18:00:00,18:00:00,15:00:00,,,2018-06-25 10:09:58.974918+00:00,,,47.651097,19.477105,20,Rossmann,chemist,"{'shop': 'chemist', 'operator': 'Rossmann Magyarország Kft.', 'brand':'Rossmann', 'facebook':'https://www.facebook.com/Rossmann.hu', 'youtube': 'https://www.youtube.com/channel/UCmUCPmvMLL3IaXRBtx7-J7Q', 'instagram':'https://www.instagram.com/rossmann_hu/', 'payment:cash': 'yes', 'payment:debit_cards': 'yes'}",https://www.rossmann.hu,hurossmche,,,,,,,
5057,5199,20,,2490,6500,Baja,Csermák Mihály tér,4,,POINT (46.18318 18.955864),Csermák Mihály tér 4.,,,,,False,08:00:00,08:00:00,08:00:00,08:00:00,08:00:00,08:00:00,,18:00:00,18:00:00,18:00:00,18:00:00,18:00:00,14:00:00,,,2018-06-25 10:09:58.974918+00:00,,,46.18318,18.955864,20,Rossmann,chemist,"{'shop': 'chemist', 'operator': 'Rossmann Magyarország Kft.', 'brand':'Rossmann', 'facebook':'https://www.facebook.com/Rossmann.hu', 'youtube': 'https://www.youtube.com/channel/UCmUCPmvMLL3IaXRBtx7-J7Q', 'instagram':'https://www.instagram.com/rossmann_hu/', 'payment:cash': 'yes', 'payment:debit_cards': 'yes'}",https://www.rossmann.hu,hurossmche,,,,,,,
5058,5200,20,,938,2660,Balassagyarmat,Rákóczi út,34-36,,POINT (48.079341 19.294558),Rákóczi út 34-36. ,,,,,False,08:00:00,08:00:00,08:00:00,08:00:00,08:00:00,08:00:00,,18:00:00,18:00:00,18:00:00,18:00:00,18:00:00,13:00:00,,,2018-06-25 10:09:58.974918+00:00,,,48.079341,19.294558,20,Rossmann,chemist,"{'shop': 'chemist', 'operator': 'Rossmann Magyarország Kft.', 'brand':'Rossmann', 'facebook':'https://www.facebook.com/Rossmann.hu', 'youtube': 'https://www.youtube.com/channel/UCmUCPmvMLL3IaXRBtx7-J7Q', 'instagram':'https://www.instagram.com/rossmann_hu/', 'payment:cash': 'yes', 'payment:debit_cards': 'yes'}",https://www.rossmann.hu,hurossmche,,,,,,,
5059,5201,20,,3365,8220,Balatonalmádi,Szabolcs utca,2,,POINT (47.040627 18.018888),Szabolcs u. 2.,,,,,False,08:00:00,08:00:00,08:00:00,08:00:00,08:00:00,08:00:00,08:00:00,20:00:00,20:00:00,20:00:00,20:00:00,20:00:00,20:00:00,18:00:00,,2018-06-25 10:09:58.974918+00:00,,,47.040627,18.018888,20,Rossmann,chemist,"{'shop': 'chemist', 'operator': 'Rossmann Magyarország Kft.', 'brand':'Rossmann', 'facebook':'https://www.facebook.com/Rossmann.hu', 'youtube': 'https://www.youtube.com/channel/UCmUCPmvMLL3IaXRBtx7-J7Q', 'instagram':'https://www.instagram.com/rossmann_hu/', 'payment:cash': 'yes', 'payment:debit_cards': 'yes'}",https://www.rossmann.hu,hurossmche,,,,,,,
5060,5202,20,,3374,8230,Balatonfüred,Jókai Mór út,17,,POINT (46.956645 17.888113),Jókai M. út 17.,,,,,False,08:00:00,08:00:00,08:00:00,08:00:00,08:00:00,08:00:00,09:00:00,20:00:00,20:00:00,20:00:00,20:00:00,20:00:00,18:00:00,16:00:00,,2018-06-25 10:09:58.974918+00:00,,,46.956645,17.888113,20,Rossmann,chemist,"{'shop': 'chemist', 'operator': 'Rossmann Magyarország Kft.', 'brand':'Rossmann', 'facebook':'https://www.facebook.com/Rossmann.hu', 'youtube': 'https://www.youtube.com/channel/UCmUCPmvMLL3IaXRBtx7-J7Q', 'instagram':'https://www.instagram.com/rossmann_hu/', 'payment:cash': 'yes', 'payment:debit_cards': 'yes'}",https://www.rossmann.hu,hurossmche,2343416666,True,3,0,2015-03-15T09:2750Z,"{'website': 'http://www.dm-drogeriemarkt.hu/', 'brand': 'dm', 'wheelchair': 'limited', 'shop': 'chemist', 'name': 'dm'}",
5061,5203,20,,1770,4060,Balmazújváros,Veres Péter út,1,,POINT (47.613235 21.343217),Veres Péter út 1.,,,,,False,08:00:00,08:00:00,08:00:00,08:00:00,08:00:00,08:00:00,,18:00:00,18:00:00,18:00:00,18:00:00,18:00:00,14:00:00,,,2018-06-25 10:09:58.974918+00:00,,,47.613235,21.343217,20,Rossmann,chemist,"{'shop': 'chemist', 'operator': 'Rossmann Magyarország Kft.', 'brand':'Rossmann', 'facebook':'https://www.facebook.com/Rossmann.hu', 'youtube': 'https://www.youtube.com/channel/UCmUCPmvMLL3IaXRBtx7-J7Q', 'instagram':'https://www.instagram.com/rossmann_hu/', 'payment:cash': 'yes', 'payment:debit_cards': 'yes'}",https://www.rossmann.hu,hurossmche,,,,,,,
5062,5204,20,,1120,3070,Bátonyterenye,Városház utca,3,,POINT (47.993751 19.830879),Városház u. 3.,,,,,False,08:00:00,08:00:00,08:00:00,08:00:00,08:00:00,08:00:00,,18:00:00,18:00:00,18:00:00,18:00:00,18:00:00,14:00:00,,,2018-06-25 10:09:58.974918+00:00,,,47.993751,19.830879,20,Rossmann,chemist,"{'shop': 'chemist', 'operator': 'Rossmann Magyarország Kft.', 'brand':'Rossmann', 'facebook':'https://www.facebook.com/Rossmann.hu', 'youtube': 'https://www.youtube.com/channel/UCmUCPmvMLL3IaXRBtx7-J7Q', 'instagram':'https://www.instagram.com/rossmann_hu/', 'payment:cash': 'yes', 'payment:debit_cards': 'yes'}",https://www.rossmann.hu,hurossmche,,,,,,,
5063,5205,20,,2292,5630,Békés,Széchenyi tér,5,,POINT (46.772018 21.130063),Széchenyi tér 5.,,,,,False,08:00:00,08:00:00,08:00:00,08:00:00,08:00:00,08:00:00,,18:00:00,18:00:00,18:00:00,18:00:00,18:00:00,15:00:00,,,2018-06-25 10:09:58.974918+00:00,,,46.772018,21.130063,20,Rossmann,chemist,"{'shop': 'chemist', 'operator': 'Rossmann Magyarország Kft.', 'brand':'Rossmann', 'facebook':'https://www.facebook.com/Rossmann.hu', 'youtube': 'https://www.youtube.com/channel/UCmUCPmvMLL3IaXRBtx7-J7Q', 'instagram':'https://www.instagram.com/rossmann_hu/', 'payment:cash': 'yes', 'payment:debit_cards': 'yes'}",https://www.rossmann.hu,hurossmche,,,,,,,
5064,5206,20,,1791,4100,Berettyóújfalu,Dózsa György utca,2,,POINT (47.2224 21.535857),Dózsa Gy. u. 2.,,,,,False,08:00:00,08:00:00,08:00:00,08:00:00,08:00:00,08:00:00,,18:00:00,18:00:00,18:00:00,18:00:00,18:00:00,13:00:00,,,2018-06-25 10:09:58.974918+00:00,,,47.2224,21.535857,20,Rossmann,chemist,"{'shop': 'chemist', 'operator': 'Rossmann Magyarország Kft.', 'brand':'Rossmann', 'facebook':'https://www.facebook.com/Rossmann.hu', 'youtube': 'https://www.youtube.com/channel/UCmUCPmvMLL3IaXRBtx7-J7Q', 'instagram':'https://www.instagram.com/rossmann_hu/', 'payment:cash': 'yes', 'payment:debit_cards': 'yes'}",https://www.rossmann.hu,hurossmche,3000594594,True,3,0,2015-12-06T20:5805Z,"{'wheelchair': 'yes', 'name': 'Rossmann', 'shop': 'chemist'}",
5065,5207,20,,635,2060,Bicske,Bocskay út,13,,POINT (47.491473 18.632075),Bocskay út 13.,,,,,False,08:00:00,08:00:00,08:00:00,08:00:00,08:00:00,08:00:00,,19:00:00,19:00:00,19:00:00,19:00:00,19:00:00,14:00:00,,,2018-06-25 10:09:58.974918+00:00,,,47.491473,18.632075,20,Rossmann,chemist,"{'shop': 'chemist', 'operator': 'Rossmann Magyarország Kft.', 'brand':'Rossmann', 'facebook':'https://www.facebook.com/Rossmann.hu', 'youtube': 'https://www.youtube.com/channel/UCmUCPmvMLL3IaXRBtx7-J7Q', 'instagram':'https://www.instagram.com/rossmann_hu/', 'payment:cash': 'yes', 'payment:debit_cards': 'yes'}",https://www.rossmann.hu,hurossmche,,,,,,,
5066,5208,20,,2700,7150,Bonyhád,Szabadság tér,4,,POINT (46.299709 18.53007),Szabadság tér 4.,,,,,False,08:00:00,08:00:00,08:00:00,08:00:00,08:00:00,08:00:00,,19:00:00,19:00:00,19:00:00,19:00:00,19:00:00,14:00:00,,,2018-06-25 10:09:58.974918+00:00,,,46.299709,18.53007,20,Rossmann,chemist,"{'shop': 'chemist', 'operator': 'Rossmann Magyarország Kft.', 'brand':'Rossmann', 'facebook':'https://www.facebook.com/Rossmann.hu', 'youtube': 'https://www.youtube.com/channel/UCmUCPmvMLL3IaXRBtx7-J7Q', 'instagram':'https://www.instagram.com/rossmann_hu/', 'payment:cash': 'yes', 'payment:debit_cards': 'yes'}",https://www.rossmann.hu,hurossmche,,,,,,,
5067,5209,20,,36,1024,Budapest,Lövőház utca,2,,POINT (47.508391 19.026689),Lövőház u. 2. Mammut,,,,,False,09:00:00,09:00:00,09:00:00,09:00:00,09:00:00,09:00:00,09:00:00,21:00:00,21:00:00,21:00:00,21:00:00,21:00:00,21:00:00,19:00:00,,2018-06-25 10:09:58.974918+00:00,,,47.508391,19.026689,20,Rossmann,chemist,"{'shop': 'chemist', 'operator': 'Rossmann Magyarország Kft.', 'brand':'Rossmann', 'facebook':'https://www.facebook.com/Rossmann.hu', 'youtube': 'https://www.youtube.com/channel/UCmUCPmvMLL3IaXRBtx7-J7Q', 'instagram':'https://www.instagram.com/rossmann_hu/', 'payment:cash': 'yes', 'payment:debit_cards': 'yes'}",https://www.rossmann.hu,hurossmche,,,,,,,
5068,5210,20,,969,2700,Cegléd,Kossuth Ferenc utca,4,,POINT (47.17191 19.796486),Kossuth Ferenc u. 4.,,,,,False,08:00:00,08:00:00,08:00:00,08:00:00,08:00:00,08:00:00,,19:00:00,19:00:00,19:00:00,19:00:00,19:00:00,14:00:00,,,2018-06-25 10:09:58.974918+00:00,,,47.17191,19.796486,20,Rossmann,chemist,"{'shop': 'chemist', 'operator': 'Rossmann Magyarország Kft.', 'brand':'Rossmann', 'facebook':'https://www.facebook.com/Rossmann.hu', 'youtube': 'https://www.youtube.com/channel/UCmUCPmvMLL3IaXRBtx7-J7Q', 'instagram':'https://www.instagram.com/rossmann_hu/', 'payment:cash': 'yes', 'payment:debit_cards': 'yes'}",https://www.rossmann.hu,hurossmche,5047896413,True,1,0,2017-08-21T10:3448Z,"{'website': 'http://www.rossmann.hu', 'brand': 'Rossmann', 'addr:housenumber': '4', 'opening_hours': 'Mo-Fr 08:00-19:00; Sa 08:00-14:00', 'shop': 'chemist', 'addr:city': 'Cegléd', 'name': 'Rossmann', 'addr:postcode': '2700', 'addr:street': 'Kossuth Ferenc utca'}",
5069,5211,20,,4261,9500,Celldömölk,Széchenyi utca,2,,POINT (47.257558 17.152294),Széchenyi u. 2.,,,,,False,08:00:00,08:00:00,08:00:00,08:00:00,08:00:00,08:00:00,,18:00:00,18:00:00,18:00:00,18:00:00,18:00:00,14:00:00,,,2018-06-25 10:09:58.974918+00:00,,,47.257558,17.152294,20,Rossmann,chemist,"{'shop': 'chemist', 'operator': 'Rossmann Magyarország Kft.', 'brand':'Rossmann', 'facebook':'https://www.facebook.com/Rossmann.hu', 'youtube': 'https://www.youtube.com/channel/UCmUCPmvMLL3IaXRBtx7-J7Q', 'instagram':'https://www.instagram.com/rossmann_hu/', 'payment:cash': 'yes', 'payment:debit_cards': 'yes'}",https://www.rossmann.hu,hurossmche,4337634498,True,1,0,2016-08-05T21:3739Z,"{'name': 'Rossmann', 'shop': 'chemist'}",
5070,5212,20,,0,2143,Csömör,Határ út,8,,POINT (47.540543 19.248752),Határ út 8.,,,,,False,09:00:00,09:00:00,09:00:00,09:00:00,09:00:00,09:00:00,09:00:00,20:00:00,20:00:00,20:00:00,20:00:00,20:00:00,20:00:00,17:00:00,,2018-06-25 10:09:58.974918+00:00,,,47.540543,19.248752,20,Rossmann,chemist,"{'shop': 'chemist', 'operator': 'Rossmann Magyarország Kft.', 'brand':'Rossmann', 'facebook':'https://www.facebook.com/Rossmann.hu', 'youtube': 'https://www.youtube.com/channel/UCmUCPmvMLL3IaXRBtx7-J7Q', 'instagram':'https://www.instagram.com/rossmann_hu/', 'payment:cash': 'yes', 'payment:debit_cards': 'yes'}",https://www.rossmann.hu,hurossmche,,,,,,,
5071,5213,20,,4161,9300,Csorna,Mártírok tere,1,,POINT (47.611318 17.250154),Mártírok tere 1.,,,,,False,08:00:00,08:00:00,08:00:00,08:00:00,08:00:00,08:00:00,,19:00:00,19:00:00,19:00:00,19:00:00,19:00:00,14:00:00,,,2018-06-25 10:09:58.974918+00:00,,,47.611318,17.250154,20,Rossmann,chemist,"{'shop': 'chemist', 'operator': 'Rossmann Magyarország Kft.', 'brand':'Rossmann', 'facebook':'https://www.facebook.com/Rossmann.hu', 'youtube': 'https://www.youtube.com/channel/UCmUCPmvMLL3IaXRBtx7-J7Q', 'instagram':'https://www.instagram.com/rossmann_hu/', 'payment:cash': 'yes', 'payment:debit_cards': 'yes'}",https://www.rossmann.hu,hurossmche,2828589170,True,3,0,2017-02-17T20:3915Z,"{'wheelchair': 'yes', 'name': 'Rossmann', 'shop': 'chemist'}",
5072,5214,20,,793,2370,Dabas,Bartók Béla út,46/b,,POINT (47.18726 19.319935),Bartók Béla út 46/b,,,,,False,08:00:00,08:00:00,08:00:00,08:00:00,08:00:00,08:00:00,,19:00:00,19:00:00,19:00:00,19:00:00,19:00:00,16:00:00,,,2018-06-25 10:09:58.974918+00:00,,,47.18726,19.319935,20,Rossmann,chemist,"{'shop': 'chemist', 'operator': 'Rossmann Magyarország Kft.', 'brand':'Rossmann', 'facebook':'https://www.facebook.com/Rossmann.hu', 'youtube': 'https://www.youtube.com/channel/UCmUCPmvMLL3IaXRBtx7-J7Q', 'instagram':'https://www.instagram.com/rossmann_hu/', 'payment:cash': 'yes', 'payment:debit_cards': 'yes'}",https://www.rossmann.hu,hurossmche,3471930769,True,1,0,2015-04-22T19:4028Z,"{'name': 'Rossmann', 'source:date': '2011-06-24', 'source': 'turistautak.hu', 'url': 'http://turistautak.hu/poi.php?id=119991', 'shop': 'chemist'}",
5073,5215,20,,1754,4024,Debrecen,Kossuth Lajos utca,1,,POINT (47.528819 21.625651),Kossuth L. u. 1. ,,,,,False,08:00:00,08:00:00,08:00:00,08:00:00,08:00:00,08:00:00,,19:00:00,19:00:00,19:00:00,19:00:00,19:00:00,16:00:00,,,2018-06-25 10:09:58.974918+00:00,,,47.528819,21.625651,20,Rossmann,chemist,"{'shop': 'chemist', 'operator': 'Rossmann Magyarország Kft.', 'brand':'Rossmann', 'facebook':'https://www.facebook.com/Rossmann.hu', 'youtube': 'https://www.youtube.com/channel/UCmUCPmvMLL3IaXRBtx7-J7Q', 'instagram':'https://www.instagram.com/rossmann_hu/', 'payment:cash': 'yes', 'payment:debit_cards': 'yes'}",https://www.rossmann.hu,hurossmche,3184444983,True,2,0,2014-12-22T09:4038Z,"{'wheelchair': 'yes', 'name': 'Rossmann', 'shop': 'chemist', 'addr:street': 'Piac utca', 'addr:city': 'Debrecen'}",
5074,5216,20,,2730,7200,Dombóvár,Hunyadi tér,17,,POINT (46.375626 18.131159),Hunyadi tér 17.,,,,,False,08:00:00,08:00:00,08:00:00,08:00:00,08:00:00,08:00:00,,18:00:00,18:00:00,18:00:00,18:00:00,18:00:00,13:00:00,,,2018-06-25 10:09:58.974918+00:00,,,46.375626,18.131159,20,Rossmann,chemist,"{'shop': 'chemist', 'operator': 'Rossmann Magyarország Kft.', 'brand':'Rossmann', 'facebook':'https://www.facebook.com/Rossmann.hu', 'youtube': 'https://www.youtube.com/channel/UCmUCPmvMLL3IaXRBtx7-J7Q', 'instagram':'https://www.instagram.com/rossmann_hu/', 'payment:cash': 'yes', 'payment:debit_cards': 'yes'}",https://www.rossmann.hu,hurossmche,,,,,,,
5075,5217,20,,857,2510,Dorog,Bécsi út,57,,POINT (47.719184 18.73034),Bécsi út 57.,,,,,False,08:00:00,08:00:00,08:00:00,08:00:00,08:00:00,08:00:00,,19:00:00,19:00:00,19:00:00,19:00:00,19:00:00,13:00:00,,,2018-06-25 10:09:58.974918+00:00,,,47.719184,18.73034,20,Rossmann,chemist,"{'shop': 'chemist', 'operator': 'Rossmann Magyarország Kft.', 'brand':'Rossmann', 'facebook':'https://www.facebook.com/Rossmann.hu', 'youtube': 'https://www.youtube.com/channel/UCmUCPmvMLL3IaXRBtx7-J7Q', 'instagram':'https://www.instagram.com/rossmann_hu/', 'payment:cash': 'yes', 'payment:debit_cards': 'yes'}",https://www.rossmann.hu,hurossmche,,,,,,,
5076,5218,20,,680,2120,Dunakeszi,Casalgrande tér,4,,POINT (47.642308 19.127012),Casalgrande tér 4.,,,,,False,08:00:00,08:00:00,08:00:00,08:00:00,08:00:00,08:00:00,,19:00:00,19:00:00,19:00:00,19:00:00,19:00:00,16:00:00,,,2018-06-25 10:09:58.974918+00:00,,,47.642308,19.127012,20,Rossmann,chemist,"{'shop': 'chemist', 'operator': 'Rossmann Magyarország Kft.', 'brand':'Rossmann', 'facebook':'https://www.facebook.com/Rossmann.hu', 'youtube': 'https://www.youtube.com/channel/UCmUCPmvMLL3IaXRBtx7-J7Q', 'instagram':'https://www.instagram.com/rossmann_hu/', 'payment:cash': 'yes', 'payment:debit_cards': 'yes'}",https://www.rossmann.hu,hurossmche,4549562351,True,1,0,2016-12-11T17:2821Z,"{'name': 'Rossmann', 'shop': 'chemist'}",
5077,5219,20,,803,2400,Dunaújváros,Dózsa György út,4/d,,POINT (46.964845 18.938528),Dózsa Gy. út 4/d.,,,,,False,08:00:00,08:00:00,08:00:00,08:00:00,08:00:00,08:00:00,,19:00:00,19:00:00,19:00:00,19:00:00,19:00:00,16:00:00,,,2018-06-25 10:09:58.974918+00:00,,,46.964845,18.938528,20,Rossmann,chemist,"{'shop': 'chemist', 'operator': 'Rossmann Magyarország Kft.', 'brand':'Rossmann', 'facebook':'https://www.facebook.com/Rossmann.hu', 'youtube': 'https://www.youtube.com/channel/UCmUCPmvMLL3IaXRBtx7-J7Q', 'instagram':'https://www.instagram.com/rossmann_hu/', 'payment:cash': 'yes', 'payment:debit_cards': 'yes'}",https://www.rossmann.hu,hurossmche,,,,,,,
5078,5220,20,,1237,3300,Eger,Katona tér,1-3,,POINT (47.903277 20.374493),Katona tér 1-3.,,,,,False,08:00:00,08:00:00,08:00:00,08:00:00,08:00:00,08:00:00,,19:00:00,19:00:00,19:00:00,19:00:00,19:00:00,16:00:00,,,2018-06-25 10:09:58.974918+00:00,,,47.903277,20.374493,20,Rossmann,chemist,"{'shop': 'chemist', 'operator': 'Rossmann Magyarország Kft.', 'brand':'Rossmann', 'facebook':'https://www.facebook.com/Rossmann.hu', 'youtube': 'https://www.youtube.com/channel/UCmUCPmvMLL3IaXRBtx7-J7Q', 'instagram':'https://www.instagram.com/rossmann_hu/', 'payment:cash': 'yes', 'payment:debit_cards': 'yes'}",https://www.rossmann.hu,hurossmche,4840065122,True,2,0,2017-08-05T11:2504Z,"{'name': 'Rossmann', 'name:hu': 'Rossmann', 'shop': 'chemist'}",
5079,5221,20,,613,2030,Érd,Budai út,28,,POINT (47.378433 18.925316),Budai út 28.,,,,,False,08:00:00,08:00:00,08:00:00,08:00:00,08:00:00,08:00:00,,19:00:00,19:00:00,19:00:00,19:00:00,19:00:00,16:00:00,,,2018-06-25 10:09:58.974918+00:00,,,47.378433,18.925316,20,Rossmann,chemist,"{'shop': 'chemist', 'operator': 'Rossmann Magyarország Kft.', 'brand':'Rossmann', 'facebook':'https://www.facebook.com/Rossmann.hu', 'youtube': 'https://www.youtube.com/channel/UCmUCPmvMLL3IaXRBtx7-J7Q', 'instagram':'https://www.instagram.com/rossmann_hu/', 'payment:cash': 'yes', 'payment:debit_cards': 'yes'}",https://www.rossmann.hu,hurossmche,3991743462,True,2,0,2016-04-09T12:2854Z,"{'name': 'Rossmann', 'source': 'survey', 'shop': 'chemist'}",
5080,5222,20,,852,2500,Esztergom,Petőfi Sándor utca,2,,POINT (47.793681 18.742683),Petőfi Sándor u. 2.,,,,,False,08:00:00,08:00:00,08:00:00,08:00:00,08:00:00,08:00:00,,19:00:00,19:00:00,19:00:00,19:00:00,19:00:00,14:00:00,,,2018-06-25 10:09:58.974918+00:00,,,47.793681,18.742683,20,Rossmann,chemist,"{'shop': 'chemist', 'operator': 'Rossmann Magyarország Kft.', 'brand':'Rossmann', 'facebook':'https://www.facebook.com/Rossmann.hu', 'youtube': 'https://www.youtube.com/channel/UCmUCPmvMLL3IaXRBtx7-J7Q', 'instagram':'https://www.instagram.com/rossmann_hu/', 'payment:cash': 'yes', 'payment:debit_cards': 'yes'}",https://www.rossmann.hu,hurossmche,5111696617,True,1,0,2017-09-17T20:0907Z,"{'name': 'Rossmann', 'shop': 'chemist'}",
5081,5223,20,,2090,4900,Fehérgyarmat,Kossuth Lajos utca,14,,POINT (47.989838 22.512797),Kossuth L. u. 14.,,,,,False,08:00:00,08:00:00,08:00:00,08:00:00,08:00:00,08:00:00,,18:00:00,18:00:00,18:00:00,18:00:00,18:00:00,15:00:00,,,2018-06-25 10:09:58.974918+00:00,,,47.989838,22.512797,20,Rossmann,chemist,"{'shop': 'chemist', 'operator': 'Rossmann Magyarország Kft.', 'brand':'Rossmann', 'facebook':'https://www.facebook.com/Rossmann.hu', 'youtube': 'https://www.youtube.com/channel/UCmUCPmvMLL3IaXRBtx7-J7Q', 'instagram':'https://www.instagram.com/rossmann_hu/', 'payment:cash': 'yes', 'payment:debit_cards': 'yes'}",https://www.rossmann.hu,hurossmche,,,,,,,
5082,5224,20,,3667,8640,Fonyód,Ady Endre utca,7,,POINT (46.7493 17.557463),Ady Endre u. 7.,,,,,False,08:00:00,08:00:00,08:00:00,08:00:00,08:00:00,08:00:00,08:00:00,20:00:00,20:00:00,20:00:00,20:00:00,20:00:00,18:00:00,18:00:00,,2018-06-25 10:09:58.974918+00:00,,,46.7493,17.557463,20,Rossmann,chemist,"{'shop': 'chemist', 'operator': 'Rossmann Magyarország Kft.', 'brand':'Rossmann', 'facebook':'https://www.facebook.com/Rossmann.hu', 'youtube': 'https://www.youtube.com/channel/UCmUCPmvMLL3IaXRBtx7-J7Q', 'instagram':'https://www.instagram.com/rossmann_hu/', 'payment:cash': 'yes', 'payment:debit_cards': 'yes'}",https://www.rossmann.hu,hurossmche,,,,,,,
5083,5225,20,,698,2151,Fót,Fehérkő utca,1,,POINT (47.5810859 19.1649915),Fehérkő utca 1. ,,,,,False,09:00:00,09:00:00,09:00:00,09:00:00,09:00:00,09:00:00,10:00:00,20:00:00,20:00:00,20:00:00,20:00:00,20:00:00,20:00:00,18:00:00,,2018-06-25 10:09:58.974918+00:00,,,47.5810859,19.1649915,20,Rossmann,chemist,"{'shop': 'chemist', 'operator': 'Rossmann Magyarország Kft.', 'brand':'Rossmann', 'facebook':'https://www.facebook.com/Rossmann.hu', 'youtube': 'https://www.youtube.com/channel/UCmUCPmvMLL3IaXRBtx7-J7Q', 'instagram':'https://www.instagram.com/rossmann_hu/', 'payment:cash': 'yes', 'payment:debit_cards': 'yes'}",https://www.rossmann.hu,hurossmche,,,,,,,
5084,5226,20,,1296,3390,Füzesabony,Rákóczi út,52,,POINT (47.749186 20.417367),Rákóczi út 52.,,,,,False,08:00:00,08:00:00,08:00:00,08:00:00,08:00:00,08:00:00,,18:00:00,18:00:00,18:00:00,18:00:00,18:00:00,13:00:00,,,2018-06-25 10:09:58.974918+00:00,,,47.749186,20.417367,20,Rossmann,chemist,"{'shop': 'chemist', 'operator': 'Rossmann Magyarország Kft.', 'brand':'Rossmann', 'facebook':'https://www.facebook.com/Rossmann.hu', 'youtube': 'https://www.youtube.com/channel/UCmUCPmvMLL3IaXRBtx7-J7Q', 'instagram':'https://www.instagram.com/rossmann_hu/', 'payment:cash': 'yes', 'payment:debit_cards': 'yes'}",https://www.rossmann.hu,hurossmche,2865703557,True,1,0,2014-05-18T04:2851Z,"{'name': 'Rossmann', 'shop': 'chemist'}",
5085,5227,20,,666,2100,Gödöllő,Szabadság tér,4,,POINT (47.599399 19.348498),Szabadság tér 4.,,,,,False,08:00:00,08:00:00,08:00:00,08:00:00,08:00:00,08:00:00,,19:00:00,19:00:00,19:00:00,19:00:00,19:00:00,14:00:00,,,2018-06-25 10:09:58.974918+00:00,,,47.599399,19.348498,20,Rossmann,chemist,"{'shop': 'chemist', 'operator': 'Rossmann Magyarország Kft.', 'brand':'Rossmann', 'facebook':'https://www.facebook.com/Rossmann.hu', 'youtube': 'https://www.youtube.com/channel/UCmUCPmvMLL3IaXRBtx7-J7Q', 'instagram':'https://www.instagram.com/rossmann_hu/', 'payment:cash': 'yes', 'payment:debit_cards': 'yes'}",https://www.rossmann.hu,hurossmche,2776893536,True,1,0,2014-04-08T10:1941Z,"{'addr:housenumber': '4', 'shop': 'chemist', 'addr:city': 'Gödöllő', 'name': 'Rossmann', 'addr:postcode': '2100', 'addr:street': 'Szabadság tér'}",
5086,5228,20,,2252,5500,Gyomaendrőd,Fő út,212,,POINT (46.937907 20.827451),Fő út 212.,,,,,False,08:00:00,08:00:00,08:00:00,08:00:00,08:00:00,08:30:00,,19:00:00,19:00:00,19:00:00,19:00:00,19:00:00,14:00:00,,,2018-06-25 10:09:58.974918+00:00,,,46.937907,20.827451,20,Rossmann,chemist,"{'shop': 'chemist', 'operator': 'Rossmann Magyarország Kft.', 'brand':'Rossmann', 'facebook':'https://www.facebook.com/Rossmann.hu', 'youtube': 'https://www.youtube.com/channel/UCmUCPmvMLL3IaXRBtx7-J7Q', 'instagram':'https://www.instagram.com/rossmann_hu/', 'payment:cash': 'yes', 'payment:debit_cards': 'yes'}",https://www.rossmann.hu,hurossmche,3459957926,True,1,0,2015-04-16T18:2400Z,"{'name': 'Rossmann', 'source:date': '2013-11-10', 'source': 'turistautak.hu', 'url': 'http://turistautak.hu/poi.php?id=162532', 'shop': 'chemist'}",
5087,5229,20,,740,2230,Gyömrő,Simon Mihály tér,,,POINT (47.425629 19.386308),Simon Mihály tér,,,,,False,08:00:00,08:00:00,08:00:00,08:00:00,08:00:00,08:00:00,,18:00:00,18:00:00,18:00:00,18:00:00,18:00:00,14:00:00,,,2018-06-25 10:09:58.974918+00:00,,,47.425629,19.386308,20,Rossmann,chemist,"{'shop': 'chemist', 'operator': 'Rossmann Magyarország Kft.', 'brand':'Rossmann', 'facebook':'https://www.facebook.com/Rossmann.hu', 'youtube': 'https://www.youtube.com/channel/UCmUCPmvMLL3IaXRBtx7-J7Q', 'instagram':'https://www.instagram.com/rossmann_hu/', 'payment:cash': 'yes', 'payment:debit_cards': 'yes'}",https://www.rossmann.hu,hurossmche,,,,,,,
5088,5230,20,,1186,3200,Gyöngyös,Kossuth Lajos utca,27,,POINT (47.784748 19.930381),Kossuth L. utca 27.,,,,,False,08:00:00,08:00:00,08:00:00,08:00:00,08:00:00,08:00:00,,19:00:00,19:00:00,19:00:00,19:00:00,19:00:00,14:00:00,,,2018-06-25 10:09:58.974918+00:00,,,47.784748,19.930381,20,Rossmann,chemist,"{'shop': 'chemist', 'operator': 'Rossmann Magyarország Kft.', 'brand':'Rossmann', 'facebook':'https://www.facebook.com/Rossmann.hu', 'youtube': 'https://www.youtube.com/channel/UCmUCPmvMLL3IaXRBtx7-J7Q', 'instagram':'https://www.instagram.com/rossmann_hu/', 'payment:cash': 'yes', 'payment:debit_cards': 'yes'}",https://www.rossmann.hu,hurossmche,,,,,,,
5089,5231,20,,4039,9021,Győr,Baross Gábor utca,25,,POINT (47.685838 17.634363),Baross Gábor u. 25.,,,,,False,08:00:00,08:00:00,08:00:00,08:00:00,08:00:00,08:00:00,,19:00:00,19:00:00,19:00:00,19:00:00,19:00:00,16:00:00,,,2018-06-25 10:09:58.974918+00:00,,,47.685838,17.634363,20,Rossmann,chemist,"{'shop': 'chemist', 'operator': 'Rossmann Magyarország Kft.', 'brand':'Rossmann', 'facebook':'https://www.facebook.com/Rossmann.hu', 'youtube': 'https://www.youtube.com/channel/UCmUCPmvMLL3IaXRBtx7-J7Q', 'instagram':'https://www.instagram.com/rossmann_hu/', 'payment:cash': 'yes', 'payment:debit_cards': 'yes'}",https://www.rossmann.hu,hurossmche,2509606594,True,5,0,2015-09-01T08:5801Z,"{'addr:housenumber': '25', 'shop': 'chemist', 'addr:city': 'Győr', 'wheelchair': 'yes', 'name': 'Rossmann', 'addr:postcode': '9021', 'addr:street': 'Baross Gábor út'}",
5090,5232,20,,2311,5700,Gyula,Kossuth Lajos tér,27,,POINT (46.643186 21.272461),Kossuth Lajos tér 27.,,,,,False,08:00:00,08:00:00,08:00:00,08:00:00,08:00:00,08:00:00,,19:00:00,19:00:00,19:00:00,19:00:00,19:00:00,15:00:00,,,2018-06-25 10:09:58.974918+00:00,,,46.643186,21.272461,20,Rossmann,chemist,"{'shop': 'chemist', 'operator': 'Rossmann Magyarország Kft.', 'brand':'Rossmann', 'facebook':'https://www.facebook.com/Rossmann.hu', 'youtube': 'https://www.youtube.com/channel/UCmUCPmvMLL3IaXRBtx7-J7Q', 'instagram':'https://www.instagram.com/rossmann_hu/', 'payment:cash': 'yes', 'payment:debit_cards': 'yes'}",https://www.rossmann.hu,hurossmche,,,,,,,
5091,5233,20,,1847,4220,Hajdúböszörmény,Kossuth Lajos utca,3,,POINT (47.672115 21.507765),Kossuth Lajos u. 3,,,,,False,08:00:00,08:00:00,08:00:00,08:00:00,08:00:00,08:00:00,,19:00:00,19:00:00,19:00:00,19:00:00,19:00:00,15:00:00,,,2018-06-25 10:09:58.974918+00:00,,,47.672115,21.507765,20,Rossmann,chemist,"{'shop': 'chemist', 'operator': 'Rossmann Magyarország Kft.', 'brand':'Rossmann', 'facebook':'https://www.facebook.com/Rossmann.hu', 'youtube': 'https://www.youtube.com/channel/UCmUCPmvMLL3IaXRBtx7-J7Q', 'instagram':'https://www.instagram.com/rossmann_hu/', 'payment:cash': 'yes', 'payment:debit_cards': 'yes'}",https://www.rossmann.hu,hurossmche,,,,,,,
5092,5234,20,,1782,4080,Hajdúnánás,Kossuth utca,12-15,,POINT (47.845904 21.429397),Kossuth u. 12-15,,,,,False,08:00:00,08:00:00,08:00:00,08:00:00,08:00:00,08:00:00,,18:00:00,18:00:00,18:00:00,18:00:00,18:00:00,16:00:00,,,2018-06-25 10:09:58.974918+00:00,,,47.845904,21.429397,20,Rossmann,chemist,"{'shop': 'chemist', 'operator': 'Rossmann Magyarország Kft.', 'brand':'Rossmann', 'facebook':'https://www.facebook.com/Rossmann.hu', 'youtube': 'https://www.youtube.com/channel/UCmUCPmvMLL3IaXRBtx7-J7Q', 'instagram':'https://www.instagram.com/rossmann_hu/', 'payment:cash': 'yes', 'payment:debit_cards': 'yes'}",https://www.rossmann.hu,hurossmche,,,,,,,
5093,5235,20,,1842,4200,Hajdúszoboszló,Hősök tere,9-11,,POINT (47.445003 21.391382),Hősök tere 9-11.,,,,,False,08:00:00,08:00:00,08:00:00,08:00:00,08:00:00,08:00:00,,18:00:00,18:00:00,18:00:00,18:00:00,18:00:00,15:00:00,,,2018-06-25 10:09:58.974918+00:00,,,47.445003,21.391382,20,Rossmann,chemist,"{'shop': 'chemist', 'operator': 'Rossmann Magyarország Kft.', 'brand':'Rossmann', 'facebook':'https://www.facebook.com/Rossmann.hu', 'youtube': 'https://www.youtube.com/channel/UCmUCPmvMLL3IaXRBtx7-J7Q', 'instagram':'https://www.instagram.com/rossmann_hu/', 'payment:cash': 'yes', 'payment:debit_cards': 'yes'}",https://www.rossmann.hu,hurossmche,,,,,,,
5094,5236,20,,1072,3000,Hatvan,Grassalkovich út,3-5,,POINT (47.668187 19.681445),Grassalkovich út 3-5.,,,,,False,08:00:00,08:00:00,08:00:00,08:00:00,08:00:00,08:00:00,,18:00:00,18:00:00,18:00:00,18:00:00,18:00:00,13:00:00,,,2018-06-25 10:09:58.974918+00:00,,,47.668187,19.681445,20,Rossmann,chemist,"{'shop': 'chemist', 'operator': 'Rossmann Magyarország Kft.', 'brand':'Rossmann', 'facebook':'https://www.facebook.com/Rossmann.hu', 'youtube': 'https://www.youtube.com/channel/UCmUCPmvMLL3IaXRBtx7-J7Q', 'instagram':'https://www.instagram.com/rossmann_hu/', 'payment:cash': 'yes', 'payment:debit_cards': 'yes'}",https://www.rossmann.hu,hurossmche,,,,,,,
5095,5237,20,,1277,3360,Heves,Hősök tere,15,,POINT (47.594698 20.289131),Hősök tere 15.,,,,,False,08:00:00,08:00:00,08:00:00,08:00:00,08:00:00,08:00:00,,18:00:00,18:00:00,18:00:00,18:00:00,18:00:00,14:00:00,,,2018-06-25 10:09:58.974918+00:00,,,47.594698,20.289131,20,Rossmann,chemist,"{'shop': 'chemist', 'operator': 'Rossmann Magyarország Kft.', 'brand':'Rossmann', 'facebook':'https://www.facebook.com/Rossmann.hu', 'youtube': 'https://www.youtube.com/channel/UCmUCPmvMLL3IaXRBtx7-J7Q', 'instagram':'https://www.instagram.com/rossmann_hu/', 'payment:cash': 'yes', 'payment:debit_cards': 'yes'}",https://www.rossmann.hu,hurossmche,3195712471,True,6,0,2016-04-26T14:2723Z,"{'addr:housenumber': '15', 'shop': 'chemist', 'addr:city': 'Heves', 'wheelchair': 'no', 'name': 'Rossmann drogéria', 'addr:postcode': '3360', 'addr:street': 'Hősök tere'}",
5096,5238,20,,2591,6800,Hódmezővásárhely,Andrássy út,4,,POINT (46.414593 20.318441),Andrássy út 4.,,,,,False,08:00:00,08:00:00,08:00:00,08:00:00,08:00:00,08:00:00,,18:00:00,18:00:00,18:00:00,18:00:00,18:00:00,14:00:00,,,2018-06-25 10:09:58.974918+00:00,,,46.414593,20.318441,20,Rossmann,chemist,"{'shop': 'chemist', 'operator': 'Rossmann Magyarország Kft.', 'brand':'Rossmann', 'facebook':'https://www.facebook.com/Rossmann.hu', 'youtube': 'https://www.youtube.com/channel/UCmUCPmvMLL3IaXRBtx7-J7Q', 'instagram':'https://www.instagram.com/rossmann_hu/', 'payment:cash': 'yes', 'payment:debit_cards': 'yes'}",https://www.rossmann.hu,hurossmche,,,,,,,
5097,5239,20,,2171,5100,Jászberény,Lehel Vezér tér,19,,POINT (47.501687 19.914114),Lehel Vezér tér 19.,,,,,False,08:00:00,08:00:00,08:00:00,08:00:00,08:00:00,08:00:00,,19:00:00,19:00:00,19:00:00,19:00:00,19:00:00,13:00:00,,,2018-06-25 10:09:58.974918+00:00,,,47.501687,19.914114,20,Rossmann,chemist,"{'shop': 'chemist', 'operator': 'Rossmann Magyarország Kft.', 'brand':'Rossmann', 'facebook':'https://www.facebook.com/Rossmann.hu', 'youtube': 'https://www.youtube.com/channel/UCmUCPmvMLL3IaXRBtx7-J7Q', 'instagram':'https://www.instagram.com/rossmann_hu/', 'payment:cash': 'yes', 'payment:debit_cards': 'yes'}",https://www.rossmann.hu,hurossmche,,,,,,,
5098,5240,20,,2434,6300,Kalocsa,Szent István király utca,59,,POINT (46.524958 18.979737),Szent István király u. 59.,,,,,False,08:00:00,08:00:00,08:00:00,08:00:00,08:00:00,08:00:00,,18:00:00,18:00:00,18:00:00,18:00:00,18:00:00,13:00:00,,,2018-06-25 10:09:58.974918+00:00,,,46.524958,18.979737,20,Rossmann,chemist,"{'shop': 'chemist', 'operator': 'Rossmann Magyarország Kft.', 'brand':'Rossmann', 'facebook':'https://www.facebook.com/Rossmann.hu', 'youtube': 'https://www.youtube.com/channel/UCmUCPmvMLL3IaXRBtx7-J7Q', 'instagram':'https://www.instagram.com/rossmann_hu/', 'payment:cash': 'yes', 'payment:debit_cards': 'yes'}",https://www.rossmann.hu,hurossmche,,,,,,,
5099,5241,20,,2831,7400,Kaposvár,Irányi Dániel utca,2,,POINT (46.356716 17.792134),Irányi Dániel u. 2.,,,,,False,08:00:00,08:00:00,08:00:00,08:00:00,08:00:00,08:00:00,,19:00:00,19:00:00,19:00:00,19:00:00,19:00:00,13:00:00,,,2018-06-25 10:09:58.974918+00:00,,,46.356716,17.792134,20,Rossmann,chemist,"{'shop': 'chemist', 'operator': 'Rossmann Magyarország Kft.', 'brand':'Rossmann', 'facebook':'https://www.facebook.com/Rossmann.hu', 'youtube': 'https://www.youtube.com/channel/UCmUCPmvMLL3IaXRBtx7-J7Q', 'instagram':'https://www.instagram.com/rossmann_hu/', 'payment:cash': 'yes', 'payment:debit_cards': 'yes'}",https://www.rossmann.hu,hurossmche,,,,,,,
5100,5242,20,,4179,9330,Kapuvár,Fő tér,27,,POINT (47.593351 17.025969),Fő tér 27,,,,,False,08:00:00,08:00:00,08:00:00,08:00:00,08:00:00,08:00:00,,18:00:00,18:00:00,18:00:00,18:00:00,18:00:00,13:00:00,,,2018-06-25 10:09:58.974918+00:00,,,47.593351,17.025969,20,Rossmann,chemist,"{'shop': 'chemist', 'operator': 'Rossmann Magyarország Kft.', 'brand':'Rossmann', 'facebook':'https://www.facebook.com/Rossmann.hu', 'youtube': 'https://www.youtube.com/channel/UCmUCPmvMLL3IaXRBtx7-J7Q', 'instagram':'https://www.instagram.com/rossmann_hu/', 'payment:cash': 'yes', 'payment:debit_cards': 'yes'}",https://www.rossmann.hu,hurossmche,,,,,,,
5101,5243,20,,2206,5300,Karcag,Kossuth Lajos tér,10,,POINT (47.320483 20.928531),Kossuth Lajos tér 10.,,,,,False,08:00:00,08:00:00,08:00:00,08:00:00,08:00:00,08:00:00,,18:00:00,18:00:00,18:00:00,18:00:00,18:00:00,15:00:00,,,2018-06-25 10:09:58.974918+00:00,,,47.320483,20.928531,20,Rossmann,chemist,"{'shop': 'chemist', 'operator': 'Rossmann Magyarország Kft.', 'brand':'Rossmann', 'facebook':'https://www.facebook.com/Rossmann.hu', 'youtube': 'https://www.youtube.com/channel/UCmUCPmvMLL3IaXRBtx7-J7Q', 'instagram':'https://www.instagram.com/rossmann_hu/', 'payment:cash': 'yes', 'payment:debit_cards': 'yes'}",https://www.rossmann.hu,hurossmche,,,,,,,
5102,5244,20,,1459,3700,Kazincbarcika,Fő tér,2,,POINT (48.254463 20.624072),Fő tér 2.,,,,,False,08:00:00,08:00:00,08:00:00,08:00:00,08:00:00,08:00:00,,18:00:00,18:00:00,18:00:00,18:00:00,18:00:00,15:00:00,,,2018-06-25 10:09:58.974918+00:00,,,48.254463,20.624072,20,Rossmann,chemist,"{'shop': 'chemist', 'operator': 'Rossmann Magyarország Kft.', 'brand':'Rossmann', 'facebook':'https://www.facebook.com/Rossmann.hu', 'youtube': 'https://www.youtube.com/channel/UCmUCPmvMLL3IaXRBtx7-J7Q', 'instagram':'https://www.instagram.com/rossmann_hu/', 'payment:cash': 'yes', 'payment:debit_cards': 'yes'}",https://www.rossmann.hu,hurossmche,,,,,,,
5103,5245,20,,2356,6000,Kecskemét,Deák Ferenc tér,6,,POINT (46.906208 19.689436),Deák Ferenc tér 6.,,,,,False,08:00:00,08:00:00,08:00:00,08:00:00,08:00:00,08:00:00,,19:00:00,19:00:00,19:00:00,19:00:00,19:00:00,17:00:00,,,2018-06-25 10:09:58.974918+00:00,,,46.906208,19.689436,20,Rossmann,chemist,"{'shop': 'chemist', 'operator': 'Rossmann Magyarország Kft.', 'brand':'Rossmann', 'facebook':'https://www.facebook.com/Rossmann.hu', 'youtube': 'https://www.youtube.com/channel/UCmUCPmvMLL3IaXRBtx7-J7Q', 'instagram':'https://www.instagram.com/rossmann_hu/', 'payment:cash': 'yes', 'payment:debit_cards': 'yes'}",https://www.rossmann.hu,hurossmche,3272865461,True,2,0,2015-11-19T21:0342Z,"{'website': 'http://www.rossmann.hu/', 'addr:housenumber': '6', 'opening_hours': 'Mo-Fr 08:00-19:00;Sa 08:00-14:00', 'shop': 'chemist', 'addr:city': 'Kecskemét', 'wheelchair': 'yes', 'name': 'Rossmann', 'source': 'http://www.rossmann.hu/uzletkereso?q=Kecskem%C3%A9t%20De%C3%A1k%20Ferenc%20t%C3%A9r%206.', 'addr:postcode': '6000', 'addr:street': 'Deák Ferenc tér'}",
5104,5246,20,,3481,8360,Keszthely,Kossuth Lajos utca,35,,POINT (46.765714 17.242837),Kossuth L. u. 35.,,,,,False,08:00:00,08:00:00,08:00:00,08:00:00,08:00:00,08:00:00,08:00:00,20:00:00,20:00:00,20:00:00,20:00:00,20:00:00,18:00:00,18:00:00,,2018-06-25 10:09:58.974918+00:00,,,46.765714,17.242837,20,Rossmann,chemist,"{'shop': 'chemist', 'operator': 'Rossmann Magyarország Kft.', 'brand':'Rossmann', 'facebook':'https://www.facebook.com/Rossmann.hu', 'youtube': 'https://www.youtube.com/channel/UCmUCPmvMLL3IaXRBtx7-J7Q', 'instagram':'https://www.instagram.com/rossmann_hu/', 'payment:cash': 'yes', 'payment:debit_cards': 'yes'}",https://www.rossmann.hu,hurossmche,4618386989,True,2,0,2017-08-05T11:2503Z,"{'name': 'Rossmann', 'name:hu': 'Rossmann', 'shop': 'chemist'}",
5105,5247,20,,1032,2870,Kisbér,Városház tér,1,,POINT (47.501322 18.025425),Városház tér 1.,,,,,False,08:00:00,08:00:00,08:00:00,08:00:00,08:00:00,08:00:00,,18:00:00,18:00:00,18:00:00,18:00:00,18:00:00,14:00:00,,,2018-06-25 10:09:58.974918+00:00,,,47.501322,18.025425,20,Rossmann,chemist,"{'shop': 'chemist', 'operator': 'Rossmann Magyarország Kft.', 'brand':'Rossmann', 'facebook':'https://www.facebook.com/Rossmann.hu', 'youtube': 'https://www.youtube.com/channel/UCmUCPmvMLL3IaXRBtx7-J7Q', 'instagram':'https://www.instagram.com/rossmann_hu/', 'payment:cash': 'yes', 'payment:debit_cards': 'yes'}",https://www.rossmann.hu,hurossmche,,,,,,,
5106,5248,20,,2420,6200,Kiskőrös,Petőfi tér,8,,POINT (46.620691 19.284715),Petőfi tér 8.,,,,,False,08:00:00,08:00:00,08:00:00,08:00:00,08:00:00,08:00:00,,19:00:00,19:00:00,19:00:00,19:00:00,19:00:00,14:00:00,,,2018-06-25 10:09:58.974918+00:00,,,46.620691,19.284715,20,Rossmann,chemist,"{'shop': 'chemist', 'operator': 'Rossmann Magyarország Kft.', 'brand':'Rossmann', 'facebook':'https://www.facebook.com/Rossmann.hu', 'youtube': 'https://www.youtube.com/channel/UCmUCPmvMLL3IaXRBtx7-J7Q', 'instagram':'https://www.instagram.com/rossmann_hu/', 'payment:cash': 'yes', 'payment:debit_cards': 'yes'}",https://www.rossmann.hu,hurossmche,,,,,,,
5107,5249,20,,2403,6100,Kiskunfélegyháza,Kossuth Lajos utca,1,,POINT (46.712101 19.849686),Kossuth L. u. 1.,,,,,False,08:00:00,08:00:00,08:00:00,08:00:00,08:00:00,08:00:00,,18:00:00,18:00:00,18:00:00,18:00:00,18:00:00,14:00:00,,,2018-06-25 10:09:58.974918+00:00,,,46.712101,19.849686,20,Rossmann,chemist,"{'shop': 'chemist', 'operator': 'Rossmann Magyarország Kft.', 'brand':'Rossmann', 'facebook':'https://www.facebook.com/Rossmann.hu', 'youtube': 'https://www.youtube.com/channel/UCmUCPmvMLL3IaXRBtx7-J7Q', 'instagram':'https://www.instagram.com/rossmann_hu/', 'payment:cash': 'yes', 'payment:debit_cards': 'yes'}",https://www.rossmann.hu,hurossmche,,,,,,,
5108,5250,20,,2462,6400,Kiskunhalas,Bethlen Gábor tér,5,,POINT (46.430816 19.480696),Bethlen G. tér 5.,,,,,False,08:00:00,08:00:00,08:00:00,08:00:00,08:00:00,08:00:00,,18:00:00,18:00:00,18:00:00,18:00:00,18:00:00,13:00:00,,,2018-06-25 10:09:58.974918+00:00,,,46.430816,19.480696,20,Rossmann,chemist,"{'shop': 'chemist', 'operator': 'Rossmann Magyarország Kft.', 'brand':'Rossmann', 'facebook':'https://www.facebook.com/Rossmann.hu', 'youtube': 'https://www.youtube.com/channel/UCmUCPmvMLL3IaXRBtx7-J7Q', 'instagram':'https://www.instagram.com/rossmann_hu/', 'payment:cash': 'yes', 'payment:debit_cards': 'yes'}",https://www.rossmann.hu,hurossmche,4108448873,True,1,0,2016-04-08T21:1142Z,"{'name': 'Rossmann', 'shop': 'chemist'}",
5109,5251,20,,2413,6120,Kiskunmajsa,Fő utca,67,,POINT (46.492409 19.736465),Fő u. 67.,,,,,False,08:00:00,08:00:00,08:00:00,08:00:00,08:00:00,08:00:00,,18:00:00,18:00:00,18:00:00,18:00:00,18:00:00,13:00:00,,,2018-06-25 10:09:58.974918+00:00,,,46.492409,19.736465,20,Rossmann,chemist,"{'shop': 'chemist', 'operator': 'Rossmann Magyarország Kft.', 'brand':'Rossmann', 'facebook':'https://www.facebook.com/Rossmann.hu', 'youtube': 'https://www.youtube.com/channel/UCmUCPmvMLL3IaXRBtx7-J7Q', 'instagram':'https://www.instagram.com/rossmann_hu/', 'payment:cash': 'yes', 'payment:debit_cards': 'yes'}",https://www.rossmann.hu,hurossmche,1134418954,True,2,0,2015-11-16T14:0601Z,"{'wheelchair': 'yes', 'name': 'Rossmann', 'shop': 'chemist'}",
5110,5252,20,,2210,5310,Kisújszállás,Szabadság tér,2,,POINT (47.218058 20.75717),Szabadság tér 2.,,,,,False,08:00:00,08:00:00,08:00:00,08:00:00,08:00:00,08:00:00,,18:00:00,18:00:00,18:00:00,18:00:00,18:00:00,14:00:00,,,2018-06-25 10:09:58.974918+00:00,,,47.218058,20.75717,20,Rossmann,chemist,"{'shop': 'chemist', 'operator': 'Rossmann Magyarország Kft.', 'brand':'Rossmann', 'facebook':'https://www.facebook.com/Rossmann.hu', 'youtube': 'https://www.youtube.com/channel/UCmUCPmvMLL3IaXRBtx7-J7Q', 'instagram':'https://www.instagram.com/rossmann_hu/', 'payment:cash': 'yes', 'payment:debit_cards': 'yes'}",https://www.rossmann.hu,hurossmche,,,,,,,
5111,5253,20,,2010,4600,Kisvárda,Szent László út,26,,POINT (48.224528 22.078706),Szent László út 26.,,,,,False,08:00:00,08:00:00,08:00:00,08:00:00,08:00:00,08:00:00,,18:00:00,18:00:00,18:00:00,18:00:00,18:00:00,14:00:00,,,2018-06-25 10:09:58.974918+00:00,,,48.224528,22.078706,20,Rossmann,chemist,"{'shop': 'chemist', 'operator': 'Rossmann Magyarország Kft.', 'brand':'Rossmann', 'facebook':'https://www.facebook.com/Rossmann.hu', 'youtube': 'https://www.youtube.com/channel/UCmUCPmvMLL3IaXRBtx7-J7Q', 'instagram':'https://www.instagram.com/rossmann_hu/', 'payment:cash': 'yes', 'payment:debit_cards': 'yes'}",https://www.rossmann.hu,hurossmche,,,,,,,
5112,5254,20,,1052,2900,Komárom,Igmándi út,14/a,,POINT (47.744335 18.119454),Igmándi út 14/a,,,,,False,08:00:00,08:00:00,08:00:00,08:00:00,08:00:00,08:00:00,,19:00:00,19:00:00,19:00:00,19:00:00,19:00:00,14:00:00,,,2018-06-25 10:09:58.974918+00:00,,,47.744335,18.119454,20,Rossmann,chemist,"{'shop': 'chemist', 'operator': 'Rossmann Magyarország Kft.', 'brand':'Rossmann', 'facebook':'https://www.facebook.com/Rossmann.hu', 'youtube': 'https://www.youtube.com/channel/UCmUCPmvMLL3IaXRBtx7-J7Q', 'instagram':'https://www.instagram.com/rossmann_hu/', 'payment:cash': 'yes', 'payment:debit_cards': 'yes'}",https://www.rossmann.hu,hurossmche,,,,,,,
5113,5255,20,,2772,7300,Komló,Kossuth Lajos utca,87,,POINT (46.18985 18.266099),Kossuth L. u. 87.,,,,,False,08:00:00,08:00:00,08:00:00,08:00:00,08:00:00,08:00:00,,18:00:00,18:00:00,18:00:00,18:00:00,18:00:00,13:00:00,,,2018-06-25 10:09:58.974918+00:00,,,46.18985,18.266099,20,Rossmann,chemist,"{'shop': 'chemist', 'operator': 'Rossmann Magyarország Kft.', 'brand':'Rossmann', 'facebook':'https://www.facebook.com/Rossmann.hu', 'youtube': 'https://www.youtube.com/channel/UCmUCPmvMLL3IaXRBtx7-J7Q', 'instagram':'https://www.instagram.com/rossmann_hu/', 'payment:cash': 'yes', 'payment:debit_cards': 'yes'}",https://www.rossmann.hu,hurossmche,,,,,,,
5114,5256,20,,4364,9730,Kőszeg,Rákóczi Ferenc utca,23,,POINT (47.385977 16.543532),Rákóczi Ferenc utca 23.,,,,,False,08:00:00,08:00:00,08:00:00,08:00:00,08:00:00,08:00:00,,18:00:00,18:00:00,18:00:00,18:00:00,18:00:00,13:00:00,,,2018-06-25 10:09:58.974918+00:00,,,47.385977,16.543532,20,Rossmann,chemist,"{'shop': 'chemist', 'operator': 'Rossmann Magyarország Kft.', 'brand':'Rossmann', 'facebook':'https://www.facebook.com/Rossmann.hu', 'youtube': 'https://www.youtube.com/channel/UCmUCPmvMLL3IaXRBtx7-J7Q', 'instagram':'https://www.instagram.com/rossmann_hu/', 'payment:cash': 'yes', 'payment:debit_cards': 'yes'}",https://www.rossmann.hu,hurossmche,,,,,,,
5115,5291,20,,2541,6720,Szeged,Jókai utca,7-9,,POINT (46.248942 20.146204),Jókai u. 7-9.,,,,,False,08:00:00,08:00:00,08:00:00,08:00:00,08:00:00,08:00:00,,19:00:00,19:00:00,19:00:00,19:00:00,19:00:00,15:00:00,,,2018-06-25 10:09:58.974918+00:00,,,46.248942,20.146204,20,Rossmann,chemist,"{'shop': 'chemist', 'operator': 'Rossmann Magyarország Kft.', 'brand':'Rossmann', 'facebook':'https://www.facebook.com/Rossmann.hu', 'youtube': 'https://www.youtube.com/channel/UCmUCPmvMLL3IaXRBtx7-J7Q', 'instagram':'https://www.instagram.com/rossmann_hu/', 'payment:cash': 'yes', 'payment:debit_cards': 'yes'}",https://www.rossmann.hu,hurossmche,1217211529,True,5,0,2018-03-15T09:0124Z,"{'website': 'http://rossmann.hu/fooldal', 'addr:housenumber': '7-9', 'opening_hours': 'Mo-Fr 08:00-19:00; Sa 08:00-15:00; PH off', 'shop': 'chemist', 'addr:city': 'Szeged', 'wheelchair': 'yes', 'name': 'Rossmann', 'addr:postcode': '6720', 'addr:street': 'Jókai utca'}",
5116,5257,20,,2237,5440,Kunszentmárton,Köztársaság tér,11,,POINT (46.839614 20.283384),Köztársaság tér 11.,,,,,False,08:00:00,08:00:00,08:00:00,08:00:00,08:00:00,08:00:00,,19:00:00,19:00:00,19:00:00,19:00:00,19:00:00,14:00:00,,,2018-06-25 10:09:58.974918+00:00,,,46.839614,20.283384,20,Rossmann,chemist,"{'shop': 'chemist', 'operator': 'Rossmann Magyarország Kft.', 'brand':'Rossmann', 'facebook':'https://www.facebook.com/Rossmann.hu', 'youtube': 'https://www.youtube.com/channel/UCmUCPmvMLL3IaXRBtx7-J7Q', 'instagram':'https://www.instagram.com/rossmann_hu/', 'payment:cash': 'yes', 'payment:debit_cards': 'yes'}",https://www.rossmann.hu,hurossmche,,,,,,,
5117,5258,20,,2379,6050,Lajosmizse,Dózsa György út,98,,POINT (47.025501 19.559553),Dózsa György út 98.,,,,,False,08:00:00,08:00:00,08:00:00,08:00:00,08:00:00,08:00:00,,18:00:00,18:00:00,18:00:00,18:00:00,18:00:00,13:00:00,,,2018-06-25 10:09:58.974918+00:00,,,47.025501,19.559553,20,Rossmann,chemist,"{'shop': 'chemist', 'operator': 'Rossmann Magyarország Kft.', 'brand':'Rossmann', 'facebook':'https://www.facebook.com/Rossmann.hu', 'youtube': 'https://www.youtube.com/channel/UCmUCPmvMLL3IaXRBtx7-J7Q', 'instagram':'https://www.instagram.com/rossmann_hu/', 'payment:cash': 'yes', 'payment:debit_cards': 'yes'}",https://www.rossmann.hu,hurossmche,,,,,,,
5118,5259,20,,3961,8960,Lenti,Zrínyi Miklós utca,2,,POINT (46.623725 16.542147),Zrínyi Miklós u. 2.,,,,,False,08:00:00,08:00:00,08:00:00,08:00:00,08:00:00,08:00:00,,18:00:00,18:00:00,18:00:00,18:00:00,18:00:00,14:00:00,,,2018-06-25 10:09:58.974918+00:00,,,46.623725,16.542147,20,Rossmann,chemist,"{'shop': 'chemist', 'operator': 'Rossmann Magyarország Kft.', 'brand':'Rossmann', 'facebook':'https://www.facebook.com/Rossmann.hu', 'youtube': 'https://www.youtube.com/channel/UCmUCPmvMLL3IaXRBtx7-J7Q', 'instagram':'https://www.instagram.com/rossmann_hu/', 'payment:cash': 'yes', 'payment:debit_cards': 'yes'}",https://www.rossmann.hu,hurossmche,282238688,False,2,0,2014-08-25T19:5001Z,"{'name': 'Rossmann', 'building': 'yes', 'shop': 'chemist'}","[2861806179, 2861806180, 2861806181, 2861806182, 2861806183, 2861806178, 2861806179]"
5119,5260,20,,2600,6900,Makó,Széchenyi tér,14-16,,POINT (46.215599 20.476327),Széchenyi tér 14-16.,,,,,False,08:00:00,08:00:00,08:00:00,08:00:00,08:00:00,08:00:00,,19:00:00,19:00:00,19:00:00,19:00:00,19:00:00,16:00:00,,,2018-06-25 10:09:58.974918+00:00,,,46.215599,20.476327,20,Rossmann,chemist,"{'shop': 'chemist', 'operator': 'Rossmann Magyarország Kft.', 'brand':'Rossmann', 'facebook':'https://www.facebook.com/Rossmann.hu', 'youtube': 'https://www.youtube.com/channel/UCmUCPmvMLL3IaXRBtx7-J7Q', 'instagram':'https://www.instagram.com/rossmann_hu/', 'payment:cash': 'yes', 'payment:debit_cards': 'yes'}",https://www.rossmann.hu,hurossmche,,,,,,,
5120,5261,20,,2033,4700,Mátészalka,Bajcsy-Zs. utca,25,,POINT (47.954649 22.324161),Bajcsy-Zs. utca 25.,,,,,False,08:00:00,08:00:00,08:00:00,08:00:00,08:00:00,08:00:00,,18:00:00,18:00:00,18:00:00,18:00:00,18:00:00,13:00:00,,,2018-06-25 10:09:58.974918+00:00,,,47.954649,22.324161,20,Rossmann,chemist,"{'shop': 'chemist', 'operator': 'Rossmann Magyarország Kft.', 'brand':'Rossmann', 'facebook':'https://www.facebook.com/Rossmann.hu', 'youtube': 'https://www.youtube.com/channel/UCmUCPmvMLL3IaXRBtx7-J7Q', 'instagram':'https://www.instagram.com/rossmann_hu/', 'payment:cash': 'yes', 'payment:debit_cards': 'yes'}",https://www.rossmann.hu,hurossmche,,,,,,,
5121,5262,20,,1306,3400,Mezőkövesd,Mátyás király utca,100,,POINT (47.809114 20.569259),Mátyás király u. 100.,,,,,False,08:00:00,08:00:00,08:00:00,08:00:00,08:00:00,08:00:00,,18:00:00,18:00:00,18:00:00,18:00:00,18:00:00,13:00:00,,,2018-06-25 10:09:58.974918+00:00,,,47.809114,20.569259,20,Rossmann,chemist,"{'shop': 'chemist', 'operator': 'Rossmann Magyarország Kft.', 'brand':'Rossmann', 'facebook':'https://www.facebook.com/Rossmann.hu', 'youtube': 'https://www.youtube.com/channel/UCmUCPmvMLL3IaXRBtx7-J7Q', 'instagram':'https://www.instagram.com/rossmann_hu/', 'payment:cash': 'yes', 'payment:debit_cards': 'yes'}",https://www.rossmann.hu,hurossmche,3532740000,True,3,0,2015-11-27T11:5334Z,"{'wheelchair': 'yes', 'name': 'Rossmann', 'shop': 'chemist'}",
5122,5263,20,,2227,5400,Mezőtúr,Kossuth Lajos tér,7-9,,POINT (47 20.630566),Kossuth L. tér 7-9.,,,,,False,08:00:00,08:00:00,08:00:00,08:00:00,08:00:00,08:00:00,,19:00:00,19:00:00,19:00:00,19:00:00,19:00:00,15:00:00,,,2018-06-25 10:09:58.974918+00:00,,,47.0,20.630566,20,Rossmann,chemist,"{'shop': 'chemist', 'operator': 'Rossmann Magyarország Kft.', 'brand':'Rossmann', 'facebook':'https://www.facebook.com/Rossmann.hu', 'youtube': 'https://www.youtube.com/channel/UCmUCPmvMLL3IaXRBtx7-J7Q', 'instagram':'https://www.instagram.com/rossmann_hu/', 'payment:cash': 'yes', 'payment:debit_cards': 'yes'}",https://www.rossmann.hu,hurossmche,,,,,,,
5123,5264,20,,1362,3525,Miskolc,Széchenyi út,11-13,,POINT (48.102947 20.781797),Széchenyi út 11-13.,,,,,False,08:00:00,08:00:00,08:00:00,08:00:00,08:00:00,08:00:00,,19:00:00,19:00:00,19:00:00,19:00:00,19:00:00,14:00:00,,,2018-06-25 10:09:58.974918+00:00,,,48.102947,20.781797,20,Rossmann,chemist,"{'shop': 'chemist', 'operator': 'Rossmann Magyarország Kft.', 'brand':'Rossmann', 'facebook':'https://www.facebook.com/Rossmann.hu', 'youtube': 'https://www.youtube.com/channel/UCmUCPmvMLL3IaXRBtx7-J7Q', 'instagram':'https://www.instagram.com/rossmann_hu/', 'payment:cash': 'yes', 'payment:debit_cards': 'yes'}",https://www.rossmann.hu,hurossmche,,,,,,,
5124,5265,20,,3021,7700,Mohács,Dózsa György utca,8,,POINT (45.990468 18.685089),Dózsa György u. 8.,,,,,False,08:00:00,08:00:00,08:00:00,08:00:00,08:00:00,08:00:00,,18:00:00,18:00:00,18:00:00,18:00:00,18:00:00,13:00:00,,,2018-06-25 10:09:58.974918+00:00,,,45.990468,18.685089,20,Rossmann,chemist,"{'shop': 'chemist', 'operator': 'Rossmann Magyarország Kft.', 'brand':'Rossmann', 'facebook':'https://www.facebook.com/Rossmann.hu', 'youtube': 'https://www.youtube.com/channel/UCmUCPmvMLL3IaXRBtx7-J7Q', 'instagram':'https://www.instagram.com/rossmann_hu/', 'payment:cash': 'yes', 'payment:debit_cards': 'yes'}",https://www.rossmann.hu,hurossmche,3912807160,True,2,0,2015-12-28T19:5024Z,"{'name': 'Rossmann', 'shop': 'chemist'}",
5125,5266,20,,725,2200,Monor,Kossuth Lajos utca,77,,POINT (47.350412 19.446224),Kossuth L. u. 77.,,,,,False,08:00:00,08:00:00,08:00:00,08:00:00,08:00:00,08:00:00,,18:00:00,18:00:00,18:00:00,18:00:00,18:00:00,13:00:00,,,2018-06-25 10:09:58.974918+00:00,,,47.350412,19.446224,20,Rossmann,chemist,"{'shop': 'chemist', 'operator': 'Rossmann Magyarország Kft.', 'brand':'Rossmann', 'facebook':'https://www.facebook.com/Rossmann.hu', 'youtube': 'https://www.youtube.com/channel/UCmUCPmvMLL3IaXRBtx7-J7Q', 'instagram':'https://www.instagram.com/rossmann_hu/', 'payment:cash': 'yes', 'payment:debit_cards': 'yes'}",https://www.rossmann.hu,hurossmche,,,,,,,
5126,5267,20,,4136,9200,Mosonmagyaróvár,Erkel Ferenc utca,5,,POINT (47.867107 17.273279),Erkel F. u. 5.,,,,,False,08:00:00,08:00:00,08:00:00,08:00:00,08:00:00,08:00:00,,19:00:00,19:00:00,19:00:00,19:00:00,19:00:00,16:00:00,,,2018-06-25 10:09:58.974918+00:00,,,47.867107,17.273279,20,Rossmann,chemist,"{'shop': 'chemist', 'operator': 'Rossmann Magyarország Kft.', 'brand':'Rossmann', 'facebook':'https://www.facebook.com/Rossmann.hu', 'youtube': 'https://www.youtube.com/channel/UCmUCPmvMLL3IaXRBtx7-J7Q', 'instagram':'https://www.instagram.com/rossmann_hu/', 'payment:cash': 'yes', 'payment:debit_cards': 'yes'}",https://www.rossmann.hu,hurossmche,,,,,,,
5127,5268,20,,2886,7500,Nagyatád,Aradi út,2,,POINT (46.22946 17.360787),Aradi út 2.,,,,,False,08:00:00,08:00:00,08:00:00,08:00:00,08:00:00,08:00:00,,18:00:00,18:00:00,18:00:00,18:00:00,18:00:00,14:00:00,,,2018-06-25 10:09:58.974918+00:00,,,46.22946,17.360787,20,Rossmann,chemist,"{'shop': 'chemist', 'operator': 'Rossmann Magyarország Kft.', 'brand':'Rossmann', 'facebook':'https://www.facebook.com/Rossmann.hu', 'youtube': 'https://www.youtube.com/channel/UCmUCPmvMLL3IaXRBtx7-J7Q', 'instagram':'https://www.instagram.com/rossmann_hu/', 'payment:cash': 'yes', 'payment:debit_cards': 'yes'}",https://www.rossmann.hu,hurossmche,,,,,,,
5128,5269,20,,1886,4320,Nagykálló,Árpád utca,10,,POINT (47.874963 21.848238),Árpád u. 10. ,,,,,False,08:00:00,08:00:00,08:00:00,08:00:00,08:00:00,08:00:00,,18:00:00,18:00:00,18:00:00,18:00:00,18:00:00,16:00:00,,,2018-06-25 10:09:58.974918+00:00,,,47.874963,21.848238,20,Rossmann,chemist,"{'shop': 'chemist', 'operator': 'Rossmann Magyarország Kft.', 'brand':'Rossmann', 'facebook':'https://www.facebook.com/Rossmann.hu', 'youtube': 'https://www.youtube.com/channel/UCmUCPmvMLL3IaXRBtx7-J7Q', 'instagram':'https://www.instagram.com/rossmann_hu/', 'payment:cash': 'yes', 'payment:debit_cards': 'yes'}",https://www.rossmann.hu,hurossmche,3999812826,True,1,0,2016-02-10T21:2119Z,"{'name': 'Rossmann', 'shop': 'chemist'}",
5129,5270,20,,3819,8800,Nagykanizsa,Erzsébet tér,2,,POINT (46.45526 16.988531),Erzsébet tér 2.,,,,,False,08:00:00,08:00:00,08:00:00,08:00:00,08:00:00,08:00:00,,18:00:00,18:00:00,18:00:00,18:00:00,18:00:00,14:00:00,,,2018-06-25 10:09:58.974918+00:00,,,46.45526,16.988531,20,Rossmann,chemist,"{'shop': 'chemist', 'operator': 'Rossmann Magyarország Kft.', 'brand':'Rossmann', 'facebook':'https://www.facebook.com/Rossmann.hu', 'youtube': 'https://www.youtube.com/channel/UCmUCPmvMLL3IaXRBtx7-J7Q', 'instagram':'https://www.instagram.com/rossmann_hu/', 'payment:cash': 'yes', 'payment:debit_cards': 'yes'}",https://www.rossmann.hu,hurossmche,,,,,,,
5130,5271,20,,993,2760,Nagykáta,István Király utca,1,,POINT (47.417635 19.740791),István Király u. 1. ,,,,,False,08:00:00,08:00:00,08:00:00,08:00:00,08:00:00,08:00:00,,18:00:00,18:00:00,18:00:00,18:00:00,18:00:00,16:00:00,,,2018-06-25 10:09:58.974918+00:00,,,47.417635,19.740791,20,Rossmann,chemist,"{'shop': 'chemist', 'operator': 'Rossmann Magyarország Kft.', 'brand':'Rossmann', 'facebook':'https://www.facebook.com/Rossmann.hu', 'youtube': 'https://www.youtube.com/channel/UCmUCPmvMLL3IaXRBtx7-J7Q', 'instagram':'https://www.instagram.com/rossmann_hu/', 'payment:cash': 'yes', 'payment:debit_cards': 'yes'}",https://www.rossmann.hu,hurossmche,,,,,,,
5131,5272,20,,1883,4300,Nyírbátor,Kossuth Lajos utca,11,,POINT (47.836405 22.132393),Kossuth L. u. 11.,,,,,False,08:00:00,08:00:00,08:00:00,08:00:00,08:00:00,08:00:00,,18:00:00,18:00:00,18:00:00,18:00:00,18:00:00,13:00:00,,,2018-06-25 10:09:58.974918+00:00,,,47.836405,22.132393,20,Rossmann,chemist,"{'shop': 'chemist', 'operator': 'Rossmann Magyarország Kft.', 'brand':'Rossmann', 'facebook':'https://www.facebook.com/Rossmann.hu', 'youtube': 'https://www.youtube.com/channel/UCmUCPmvMLL3IaXRBtx7-J7Q', 'instagram':'https://www.instagram.com/rossmann_hu/', 'payment:cash': 'yes', 'payment:debit_cards': 'yes'}",https://www.rossmann.hu,hurossmche,3273474521,True,2,0,2015-12-06T15:2056Z,"{'addr:housenumber': '11', 'shop': 'chemist', 'addr:city': 'Nyírbátor', 'wheelchair': 'yes', 'name': 'Rossmann', 'addr:postcode': '4300', 'addr:street': 'Kossuth Lajos utca'}",
5132,5273,20,,1918,4400,Nyíregyháza,Zrínyi Ilona utca,3-5,,POINT (47.955033 21.715784),Zrínyi Ilona u. 3-5.,,,,,False,08:00:00,08:00:00,08:00:00,08:00:00,08:00:00,08:00:00,,19:00:00,19:00:00,19:00:00,19:00:00,19:00:00,16:00:00,,,2018-06-25 10:09:58.974918+00:00,,,47.955033,21.715784,20,Rossmann,chemist,"{'shop': 'chemist', 'operator': 'Rossmann Magyarország Kft.', 'brand':'Rossmann', 'facebook':'https://www.facebook.com/Rossmann.hu', 'youtube': 'https://www.youtube.com/channel/UCmUCPmvMLL3IaXRBtx7-J7Q', 'instagram':'https://www.instagram.com/rossmann_hu/', 'payment:cash': 'yes', 'payment:debit_cards': 'yes'}",https://www.rossmann.hu,hurossmche,3982569056,True,1,0,2016-02-01T18:1210Z,"{'name': 'Rossmann', 'shop': 'chemist'}",
5133,5274,20,,2341,5900,Orosháza,Győry Vilmos tér,2,,POINT (46.559179 20.670499),Győry Vilmos tér 2.,,,,,False,08:00:00,08:00:00,08:00:00,08:00:00,08:00:00,08:00:00,,19:00:00,19:00:00,19:00:00,19:00:00,19:00:00,14:00:00,,,2018-06-25 10:09:58.974918+00:00,,,46.559179,20.670499,20,Rossmann,chemist,"{'shop': 'chemist', 'operator': 'Rossmann Magyarország Kft.', 'brand':'Rossmann', 'facebook':'https://www.facebook.com/Rossmann.hu', 'youtube': 'https://www.youtube.com/channel/UCmUCPmvMLL3IaXRBtx7-J7Q', 'instagram':'https://www.instagram.com/rossmann_hu/', 'payment:cash': 'yes', 'payment:debit_cards': 'yes'}",https://www.rossmann.hu,hurossmche,5346384771,True,1,0,2018-01-18T07:2009Z,"{'name': 'Rossmann', 'shop': 'chemist'}",
5134,5275,20,,1416,3600,Ózd,Vasvár út,54,,POINT (48.21922 20.279771),Vasvár út 54.,,,,,False,08:00:00,08:00:00,08:00:00,08:00:00,08:00:00,08:00:00,,18:00:00,18:00:00,18:00:00,18:00:00,18:00:00,13:00:00,,,2018-06-25 10:09:58.974918+00:00,,,48.21922,20.279771,20,Rossmann,chemist,"{'shop': 'chemist', 'operator': 'Rossmann Magyarország Kft.', 'brand':'Rossmann', 'facebook':'https://www.facebook.com/Rossmann.hu', 'youtube': 'https://www.youtube.com/channel/UCmUCPmvMLL3IaXRBtx7-J7Q', 'instagram':'https://www.instagram.com/rossmann_hu/', 'payment:cash': 'yes', 'payment:debit_cards': 'yes'}",https://www.rossmann.hu,hurossmche,,,,,,,
5135,5276,20,,3587,8500,Pápa,Kossuth Lajos utca,13,,POINT (47.329285 17.466463),Kossuth L. u 13.,,,,,False,08:00:00,08:00:00,08:00:00,08:00:00,08:00:00,08:00:00,,19:00:00,19:00:00,19:00:00,19:00:00,19:00:00,16:00:00,,,2018-06-25 10:09:58.974918+00:00,,,47.329285,17.466463,20,Rossmann,chemist,"{'shop': 'chemist', 'operator': 'Rossmann Magyarország Kft.', 'brand':'Rossmann', 'facebook':'https://www.facebook.com/Rossmann.hu', 'youtube': 'https://www.youtube.com/channel/UCmUCPmvMLL3IaXRBtx7-J7Q', 'instagram':'https://www.instagram.com/rossmann_hu/', 'payment:cash': 'yes', 'payment:debit_cards': 'yes'}",https://www.rossmann.hu,hurossmche,3543320815,True,4,0,2017-08-05T13:2331Z,"{'phone': '+36 29 889 800', 'wheelchair': 'yes', 'operator': 'Rossman', 'name': 'Rossmann', 'addr:postcode': '8500', 'opening_hours': 'Mo-Fr 08:00-19:00; Sa 08:00-17:00', 'website': 'http://www.rossmann.hu/', 'addr:housenumber': '13', 'addr:city': 'Pápa', 'shop': 'chemist', 'source': 'local knowledge, website', 'addr:street': 'Kossuth Lajos utca'}",
5136,5277,20,,1107,3060,Pásztó,Fő út,73,,POINT (47.918954 19.698148),Fő út 73.,,,,,False,08:00:00,08:00:00,08:00:00,08:00:00,08:00:00,08:00:00,,18:00:00,18:00:00,18:00:00,18:00:00,18:00:00,14:00:00,,,2018-06-25 10:09:58.974918+00:00,,,47.918954,19.698148,20,Rossmann,chemist,"{'shop': 'chemist', 'operator': 'Rossmann Magyarország Kft.', 'brand':'Rossmann', 'facebook':'https://www.facebook.com/Rossmann.hu', 'youtube': 'https://www.youtube.com/channel/UCmUCPmvMLL3IaXRBtx7-J7Q', 'instagram':'https://www.instagram.com/rossmann_hu/', 'payment:cash': 'yes', 'payment:debit_cards': 'yes'}",https://www.rossmann.hu,hurossmche,,,,,,,
5137,5278,20,,2962,7622,Pécs,Rákóczi út,50,,POINT (46.073031 18.229164),Rákóczi út 50.,,,,,False,08:00:00,08:00:00,08:00:00,08:00:00,08:00:00,08:00:00,,19:00:00,19:00:00,19:00:00,19:00:00,19:00:00,15:00:00,,,2018-06-25 10:09:58.974918+00:00,,,46.073031,18.229164,20,Rossmann,chemist,"{'shop': 'chemist', 'operator': 'Rossmann Magyarország Kft.', 'brand':'Rossmann', 'facebook':'https://www.facebook.com/Rossmann.hu', 'youtube': 'https://www.youtube.com/channel/UCmUCPmvMLL3IaXRBtx7-J7Q', 'instagram':'https://www.instagram.com/rossmann_hu/', 'payment:cash': 'yes', 'payment:debit_cards': 'yes'}",https://www.rossmann.hu,hurossmche,3440860202,True,3,0,2017-09-27T07:2247Z,"{'name': 'Rossmann drogéria', 'url': 'http://turistautak.hu/poi.php?id=15479', 'description': 'Az országos Rossmann drogériahálózat egyik pécsi boltja a Bajcsy-Zsilinszky út és a Rákóczi út kereszteződésében.', 'source': 'local knowledge', 'shop': 'chemist'}",
5138,5279,20,,977,2721,Pilis,Rákóczi utca,19,,POINT (47.284488 19.54464),Rákóczi u. 19.,,,,,False,08:00:00,08:00:00,08:00:00,08:00:00,08:00:00,08:00:00,,18:00:00,18:00:00,18:00:00,18:00:00,18:00:00,13:00:00,,,2018-06-25 10:09:58.974918+00:00,,,47.284488,19.54464,20,Rossmann,chemist,"{'shop': 'chemist', 'operator': 'Rossmann Magyarország Kft.', 'brand':'Rossmann', 'facebook':'https://www.facebook.com/Rossmann.hu', 'youtube': 'https://www.youtube.com/channel/UCmUCPmvMLL3IaXRBtx7-J7Q', 'instagram':'https://www.instagram.com/rossmann_hu/', 'payment:cash': 'yes', 'payment:debit_cards': 'yes'}",https://www.rossmann.hu,hurossmche,,,,,,,
5139,5280,20,,1530,3770,Sajószentpéter,Kossuth út,222,,POINT (48.219983 20.705821),Kossuth út 222.,,,,,False,08:00:00,08:00:00,08:00:00,08:00:00,08:00:00,08:00:00,,18:00:00,18:00:00,18:00:00,18:00:00,18:00:00,14:00:00,,,2018-06-25 10:09:58.974918+00:00,,,48.219983,20.705821,20,Rossmann,chemist,"{'shop': 'chemist', 'operator': 'Rossmann Magyarország Kft.', 'brand':'Rossmann', 'facebook':'https://www.facebook.com/Rossmann.hu', 'youtube': 'https://www.youtube.com/channel/UCmUCPmvMLL3IaXRBtx7-J7Q', 'instagram':'https://www.instagram.com/rossmann_hu/', 'payment:cash': 'yes', 'payment:debit_cards': 'yes'}",https://www.rossmann.hu,hurossmche,306027276,False,2,0,2015-01-06T08:1456Z,"{'addr:housenumber': '220', 'building': 'yes', 'addr:city': 'Sajószentpéter', 'name': 'Rossmann', 'shop': 'chemist', 'addr:postcode': '3770', 'addr:street': 'Kossuth Lajos út'}","[3107931300, 3107931306, 3107931307, 3107931301, 3107931300]"
5140,5281,20,,1130,3100,Salgótarján,Rákóczi út,18,,POINT (48.105919 19.809085),Rákóczi út 18.,,,,,False,08:00:00,08:00:00,08:00:00,08:00:00,08:00:00,08:00:00,,18:00:00,18:00:00,18:00:00,18:00:00,18:00:00,14:00:00,,,2018-06-25 10:09:58.974918+00:00,,,48.105919,19.809085,20,Rossmann,chemist,"{'shop': 'chemist', 'operator': 'Rossmann Magyarország Kft.', 'brand':'Rossmann', 'facebook':'https://www.facebook.com/Rossmann.hu', 'youtube': 'https://www.youtube.com/channel/UCmUCPmvMLL3IaXRBtx7-J7Q', 'instagram':'https://www.instagram.com/rossmann_hu/', 'payment:cash': 'yes', 'payment:debit_cards': 'yes'}",https://www.rossmann.hu,hurossmche,3687048194,True,3,0,2017-12-16T01:3807Z,"{'wheelchair': 'yes', 'name': 'DM', 'shop': 'chemist'}",
5141,5282,20,,2619,7000,Sárbogárd,Ady Endre utca,119,,POINT (46.885594 18.620167),Ady E. u. 119.,,,,,False,08:00:00,08:00:00,08:00:00,08:00:00,08:00:00,08:00:00,,18:00:00,18:00:00,18:00:00,18:00:00,18:00:00,13:00:00,,,2018-06-25 10:09:58.974918+00:00,,,46.885594,18.620167,20,Rossmann,chemist,"{'shop': 'chemist', 'operator': 'Rossmann Magyarország Kft.', 'brand':'Rossmann', 'facebook':'https://www.facebook.com/Rossmann.hu', 'youtube': 'https://www.youtube.com/channel/UCmUCPmvMLL3IaXRBtx7-J7Q', 'instagram':'https://www.instagram.com/rossmann_hu/', 'payment:cash': 'yes', 'payment:debit_cards': 'yes'}",https://www.rossmann.hu,hurossmche,,,,,,,
5142,5283,20,,4296,9600,Sárvár,Batthyány utca,38,,POINT (47.252638 16.931226),Batthyány u. 38.,,,,,False,08:00:00,08:00:00,08:00:00,08:00:00,08:00:00,08:00:00,,18:00:00,18:00:00,18:00:00,18:00:00,18:00:00,13:00:00,,,2018-06-25 10:09:58.974918+00:00,,,47.252638,16.931226,20,Rossmann,chemist,"{'shop': 'chemist', 'operator': 'Rossmann Magyarország Kft.', 'brand':'Rossmann', 'facebook':'https://www.facebook.com/Rossmann.hu', 'youtube': 'https://www.youtube.com/channel/UCmUCPmvMLL3IaXRBtx7-J7Q', 'instagram':'https://www.instagram.com/rossmann_hu/', 'payment:cash': 'yes', 'payment:debit_cards': 'yes'}",https://www.rossmann.hu,hurossmche,1806426769,True,4,0,2015-11-28T19:0108Z,"{'wheelchair': 'yes', 'name': 'Rossmann', 'shop': 'chemist'}",
5143,5284,20,,3107,7800,Siklós,Felszabadulás utca,29,,POINT (45.854117 18.297685),Felszabadulás u. 29.,,,,,False,08:00:00,08:00:00,08:00:00,08:00:00,08:00:00,08:00:00,,18:00:00,18:00:00,18:00:00,18:00:00,18:00:00,13:00:00,,,2018-06-25 10:09:58.974918+00:00,,,45.854117,18.297685,20,Rossmann,chemist,"{'shop': 'chemist', 'operator': 'Rossmann Magyarország Kft.', 'brand':'Rossmann', 'facebook':'https://www.facebook.com/Rossmann.hu', 'youtube': 'https://www.youtube.com/channel/UCmUCPmvMLL3IaXRBtx7-J7Q', 'instagram':'https://www.instagram.com/rossmann_hu/', 'payment:cash': 'yes', 'payment:debit_cards': 'yes'}",https://www.rossmann.hu,hurossmche,,,,,,,
5144,5285,20,,3641,8600,Siófok,Fő út,174-176,,POINT (46.906045 18.053043),Fő út 174-176.,,,,,False,08:00:00,08:00:00,08:00:00,08:00:00,08:00:00,08:00:00,,19:00:00,19:00:00,19:00:00,19:00:00,19:00:00,14:00:00,,,2018-06-25 10:09:58.974918+00:00,,,46.906045,18.053043,20,Rossmann,chemist,"{'shop': 'chemist', 'operator': 'Rossmann Magyarország Kft.', 'brand':'Rossmann', 'facebook':'https://www.facebook.com/Rossmann.hu', 'youtube': 'https://www.youtube.com/channel/UCmUCPmvMLL3IaXRBtx7-J7Q', 'instagram':'https://www.instagram.com/rossmann_hu/', 'payment:cash': 'yes', 'payment:debit_cards': 'yes'}",https://www.rossmann.hu,hurossmche,,,,,,,
5145,5286,20,,4212,9400,Sopron,Kodály tér,16,,POINT (47.690776 16.576482),Kodály tér 16.,,,,,False,08:00:00,08:00:00,08:00:00,08:00:00,08:00:00,08:00:00,,19:00:00,19:00:00,19:00:00,19:00:00,19:00:00,16:00:00,,,2018-06-25 10:09:58.974918+00:00,,,47.690776,16.576482,20,Rossmann,chemist,"{'shop': 'chemist', 'operator': 'Rossmann Magyarország Kft.', 'brand':'Rossmann', 'facebook':'https://www.facebook.com/Rossmann.hu', 'youtube': 'https://www.youtube.com/channel/UCmUCPmvMLL3IaXRBtx7-J7Q', 'instagram':'https://www.instagram.com/rossmann_hu/', 'payment:cash': 'yes', 'payment:debit_cards': 'yes'}",https://www.rossmann.hu,hurossmche,3056222701,True,1,0,2014-09-02T19:4753Z,"{'addr:housenumber': '16', 'opening_hours': 'Mo-Fr 08:00-19:00;Sa 08:00-14:00', 'shop': 'chemist', 'addr:city': 'Sopron', 'name': 'Rossmann', 'addr:postcode': '9400', 'addr:street': 'Kodály Zoltán tér'}",
5146,5287,20,,3454,8330,Sümeg,Kossuth Lajos utca,3,,POINT (46.977964 17.281796),Kossuth Lajos u. 3.,,,,,False,08:00:00,08:00:00,08:00:00,08:00:00,08:00:00,08:00:00,,18:00:00,18:00:00,18:00:00,18:00:00,18:00:00,14:00:00,,,2018-06-25 10:09:58.974918+00:00,,,46.977964,17.281796,20,Rossmann,chemist,"{'shop': 'chemist', 'operator': 'Rossmann Magyarország Kft.', 'brand':'Rossmann', 'facebook':'https://www.facebook.com/Rossmann.hu', 'youtube': 'https://www.youtube.com/channel/UCmUCPmvMLL3IaXRBtx7-J7Q', 'instagram':'https://www.instagram.com/rossmann_hu/', 'payment:cash': 'yes', 'payment:debit_cards': 'yes'}",https://www.rossmann.hu,hurossmche,,,,,,,
5147,5288,20,,3654,8622,Szántód,Május 1. utca,10,,POINT (46.861648 17.903396),Május 1. u. 10.,,,,,False,08:00:00,08:00:00,08:00:00,08:00:00,08:00:00,08:00:00,08:00:00,20:00:00,20:00:00,20:00:00,20:00:00,20:00:00,20:00:00,18:00:00,,2018-06-25 10:09:58.974918+00:00,,,46.861648,17.903396,20,Rossmann,chemist,"{'shop': 'chemist', 'operator': 'Rossmann Magyarország Kft.', 'brand':'Rossmann', 'facebook':'https://www.facebook.com/Rossmann.hu', 'youtube': 'https://www.youtube.com/channel/UCmUCPmvMLL3IaXRBtx7-J7Q', 'instagram':'https://www.instagram.com/rossmann_hu/', 'payment:cash': 'yes', 'payment:debit_cards': 'yes'}",https://www.rossmann.hu,hurossmche,,,,,,,
5148,5289,20,,823,2440,Százhalombatta,Damjanich utca,16,,POINT (47.318077 18.909189),Damjanich u. 16.,,,,,False,08:00:00,08:00:00,08:00:00,08:00:00,08:00:00,08:00:00,,18:00:00,18:00:00,18:00:00,18:00:00,18:00:00,14:00:00,,,2018-06-25 10:09:58.974918+00:00,,,47.318077,18.909189,20,Rossmann,chemist,"{'shop': 'chemist', 'operator': 'Rossmann Magyarország Kft.', 'brand':'Rossmann', 'facebook':'https://www.facebook.com/Rossmann.hu', 'youtube': 'https://www.youtube.com/channel/UCmUCPmvMLL3IaXRBtx7-J7Q', 'instagram':'https://www.instagram.com/rossmann_hu/', 'payment:cash': 'yes', 'payment:debit_cards': 'yes'}",https://www.rossmann.hu,hurossmche,2089385707,True,2,0,2015-11-20T21:3614Z,"{'wheelchair': 'yes', 'name': 'Rossmann', 'shop': 'chemist'}",
5149,5290,20,,1172,3170,Szécsény,Rákóczi út,91,,POINT (48.081584 19.520912),Rákóczi út 91.,,,,,False,08:00:00,08:00:00,08:00:00,08:00:00,08:00:00,08:00:00,,18:00:00,18:00:00,18:00:00,18:00:00,18:00:00,15:00:00,,,2018-06-25 10:09:58.974918+00:00,,,48.081584,19.520912,20,Rossmann,chemist,"{'shop': 'chemist', 'operator': 'Rossmann Magyarország Kft.', 'brand':'Rossmann', 'facebook':'https://www.facebook.com/Rossmann.hu', 'youtube': 'https://www.youtube.com/channel/UCmUCPmvMLL3IaXRBtx7-J7Q', 'instagram':'https://www.instagram.com/rossmann_hu/', 'payment:cash': 'yes', 'payment:debit_cards': 'yes'}",https://www.rossmann.hu,hurossmche,,,,,,,
5150,5292,20,,3256,8000,Székesfehérvár,Palotai út,1,,POINT (47.19004 18.406682),Palotai út 1.,,,,,False,09:00:00,09:00:00,09:00:00,09:00:00,09:00:00,09:00:00,10:00:00,20:00:00,20:00:00,20:00:00,20:00:00,20:00:00,20:00:00,18:00:00,,2018-06-25 10:09:58.974918+00:00,,,47.19004,18.406682,20,Rossmann,chemist,"{'shop': 'chemist', 'operator': 'Rossmann Magyarország Kft.', 'brand':'Rossmann', 'facebook':'https://www.facebook.com/Rossmann.hu', 'youtube': 'https://www.youtube.com/channel/UCmUCPmvMLL3IaXRBtx7-J7Q', 'instagram':'https://www.instagram.com/rossmann_hu/', 'payment:cash': 'yes', 'payment:debit_cards': 'yes'}",https://www.rossmann.hu,hurossmche,,,,,,,
5151,5293,20,,2678,7100,Szekszárd,Széchenyi út,1-7,,POINT (46.351533 18.701946),Széchenyi út 1-7.,,,,,False,08:00:00,08:00:00,08:00:00,08:00:00,08:00:00,08:00:00,,19:00:00,19:00:00,19:00:00,19:00:00,19:00:00,14:00:00,,,2018-06-25 10:09:58.974918+00:00,,,46.351533,18.701946,20,Rossmann,chemist,"{'shop': 'chemist', 'operator': 'Rossmann Magyarország Kft.', 'brand':'Rossmann', 'facebook':'https://www.facebook.com/Rossmann.hu', 'youtube': 'https://www.youtube.com/channel/UCmUCPmvMLL3IaXRBtx7-J7Q', 'instagram':'https://www.instagram.com/rossmann_hu/', 'payment:cash': 'yes', 'payment:debit_cards': 'yes'}",https://www.rossmann.hu,hurossmche,3462181511,True,2,0,2015-11-21T20:4518Z,"{'source:date': '2011-11-24', 'url': 'http://turistautak.hu/poi.php?id=129572', 'shop': 'chemist', 'wheelchair': 'yes', 'name': 'Rossmann', 'source': 'turistautak.hu'}",
5152,5294,20,,590,2000,Szentendre,Dózsa György út,20,,POINT (47.650778 19.071118),Dózsa György út 20.,,,,,False,08:00:00,08:00:00,08:00:00,08:00:00,08:00:00,08:00:00,,20:00:00,20:00:00,20:00:00,20:00:00,20:00:00,16:00:00,,,2018-06-25 10:09:58.974918+00:00,,,47.650778,19.071118,20,Rossmann,chemist,"{'shop': 'chemist', 'operator': 'Rossmann Magyarország Kft.', 'brand':'Rossmann', 'facebook':'https://www.facebook.com/Rossmann.hu', 'youtube': 'https://www.youtube.com/channel/UCmUCPmvMLL3IaXRBtx7-J7Q', 'instagram':'https://www.instagram.com/rossmann_hu/', 'payment:cash': 'yes', 'payment:debit_cards': 'yes'}",https://www.rossmann.hu,hurossmche,,,,,,,
5153,5295,20,,2504,6600,Szentes,Kossuth út,11-13,,POINT (46.651486 20.260533),Kossuth út 11-13.,,,,,False,08:00:00,08:00:00,08:00:00,08:00:00,08:00:00,08:00:00,,19:00:00,19:00:00,19:00:00,19:00:00,19:00:00,14:00:00,,,2018-06-25 10:09:58.974918+00:00,,,46.651486,20.260533,20,Rossmann,chemist,"{'shop': 'chemist', 'operator': 'Rossmann Magyarország Kft.', 'brand':'Rossmann', 'facebook':'https://www.facebook.com/Rossmann.hu', 'youtube': 'https://www.youtube.com/channel/UCmUCPmvMLL3IaXRBtx7-J7Q', 'instagram':'https://www.instagram.com/rossmann_hu/', 'payment:cash': 'yes', 'payment:debit_cards': 'yes'}",https://www.rossmann.hu,hurossmche,3212962690,True,3,0,2017-05-10T16:0204Z,"{'website': 'http://www.rossmann.hu/', 'operator': 'Rossmann Magyarország Kft.', 'addr:housenumber': '11-13', 'opening_hours': 'Mo-Fr 08:00-19:00; Sa 08:00-14:00; PH off', 'shop': 'chemist', 'addr:city': 'Szentes', 'name': 'Rossmann', 'level': '0', 'addr:street': 'Kossuth Lajos utca', 'addr:postcode': '6600'}",
5154,5296,20,,1647,3900,Szerencs,Rákóczi utca,118,,POINT (48.159761 21.208234),Rákóczi u. 118.,,,,,False,08:00:00,08:00:00,08:00:00,08:00:00,08:00:00,08:00:00,,18:00:00,18:00:00,18:00:00,18:00:00,18:00:00,14:00:00,,,2018-06-25 10:09:58.974918+00:00,,,48.159761,21.208234,20,Rossmann,chemist,"{'shop': 'chemist', 'operator': 'Rossmann Magyarország Kft.', 'brand':'Rossmann', 'facebook':'https://www.facebook.com/Rossmann.hu', 'youtube': 'https://www.youtube.com/channel/UCmUCPmvMLL3IaXRBtx7-J7Q', 'instagram':'https://www.instagram.com/rossmann_hu/', 'payment:cash': 'yes', 'payment:debit_cards': 'yes'}",https://www.rossmann.hu,hurossmche,,,,,,,
5155,5297,20,,758,2310,Szigetszentmiklós,Lordok Háza üzletház,,,POINT (47.332137 19.003309),Lordok Háza Üzletház,,,,,False,08:00:00,08:00:00,08:00:00,08:00:00,08:00:00,08:00:00,,19:00:00,19:00:00,19:00:00,19:00:00,19:00:00,15:00:00,,,2018-06-25 10:09:58.974918+00:00,,,47.332137,19.003309,20,Rossmann,chemist,"{'shop': 'chemist', 'operator': 'Rossmann Magyarország Kft.', 'brand':'Rossmann', 'facebook':'https://www.facebook.com/Rossmann.hu', 'youtube': 'https://www.youtube.com/channel/UCmUCPmvMLL3IaXRBtx7-J7Q', 'instagram':'https://www.instagram.com/rossmann_hu/', 'payment:cash': 'yes', 'payment:debit_cards': 'yes'}",https://www.rossmann.hu,hurossmche,,,,,,,
5156,5298,20,,3175,7900,Szigetvár,József A. utca,4,,POINT (46.047495 17.799901),József A. u. 4.,,,,,False,08:00:00,08:00:00,08:00:00,08:00:00,08:00:00,08:00:00,,18:00:00,18:00:00,18:00:00,18:00:00,18:00:00,13:00:00,,,2018-06-25 10:09:58.974918+00:00,,,46.047495,17.799901,20,Rossmann,chemist,"{'shop': 'chemist', 'operator': 'Rossmann Magyarország Kft.', 'brand':'Rossmann', 'facebook':'https://www.facebook.com/Rossmann.hu', 'youtube': 'https://www.youtube.com/channel/UCmUCPmvMLL3IaXRBtx7-J7Q', 'instagram':'https://www.instagram.com/rossmann_hu/', 'payment:cash': 'yes', 'payment:debit_cards': 'yes'}",https://www.rossmann.hu,hurossmche,,,,,,,
5157,5299,20,,2138,5000,Szolnok,Boldog Sándor István körút,13,,POINT (47.176952 20.194703),Boldog Sándor István krt. 13,,,,,False,08:00:00,08:00:00,08:00:00,08:00:00,08:00:00,08:00:00,,19:00:00,19:00:00,19:00:00,19:00:00,19:00:00,14:00:00,,,2018-06-25 10:09:58.974918+00:00,,,47.176952,20.194703,20,Rossmann,chemist,"{'shop': 'chemist', 'operator': 'Rossmann Magyarország Kft.', 'brand':'Rossmann', 'facebook':'https://www.facebook.com/Rossmann.hu', 'youtube': 'https://www.youtube.com/channel/UCmUCPmvMLL3IaXRBtx7-J7Q', 'instagram':'https://www.instagram.com/rossmann_hu/', 'payment:cash': 'yes', 'payment:debit_cards': 'yes'}",https://www.rossmann.hu,hurossmche,4566712990,True,4,0,2017-08-05T11:2503Z,"{'wheelchair': 'yes', 'name': 'Rossmann', 'toilets:wheelchair': 'no', 'shop': 'chemist'}",
5158,5300,20,,4342,9700,Szombathely,Fő tér,23,,POINT (47.231297 16.622913),Fő tér 23.,,,,,False,08:00:00,08:00:00,08:00:00,08:00:00,08:00:00,08:00:00,,19:00:00,19:00:00,19:00:00,19:00:00,19:00:00,15:00:00,,,2018-06-25 10:09:58.974918+00:00,,,47.231297,16.622913,20,Rossmann,chemist,"{'shop': 'chemist', 'operator': 'Rossmann Magyarország Kft.', 'brand':'Rossmann', 'facebook':'https://www.facebook.com/Rossmann.hu', 'youtube': 'https://www.youtube.com/channel/UCmUCPmvMLL3IaXRBtx7-J7Q', 'instagram':'https://www.instagram.com/rossmann_hu/', 'payment:cash': 'yes', 'payment:debit_cards': 'yes'}",https://www.rossmann.hu,hurossmche,3177333065,True,4,0,2016-12-30T13:4008Z,"{'addr:housenumber': '22', 'opening_hours': 'Mo-Fr 08:00-19:00; Sa 08:00-15:00', 'shop': 'chemist', 'addr:city': 'Szombathely', 'wheelchair': 'yes', 'name': 'Rossmann', 'addr:postcode': '9700', 'addr:street': 'Fő tér'}",
5159,5301,20,,606,2022,Tahitótfalu,Szentendrei út,5-15,,POINT (47.751331 19.078293),Szentendrei út 5-15.,,,,,False,08:00:00,08:00:00,08:00:00,08:00:00,08:00:00,08:00:00,,19:00:00,19:00:00,19:00:00,19:00:00,19:00:00,16:00:00,,,2018-06-25 10:09:58.974918+00:00,,,47.751331,19.078293,20,Rossmann,chemist,"{'shop': 'chemist', 'operator': 'Rossmann Magyarország Kft.', 'brand':'Rossmann', 'facebook':'https://www.facebook.com/Rossmann.hu', 'youtube': 'https://www.youtube.com/channel/UCmUCPmvMLL3IaXRBtx7-J7Q', 'instagram':'https://www.instagram.com/rossmann_hu/', 'payment:cash': 'yes', 'payment:debit_cards': 'yes'}",https://www.rossmann.hu,hurossmche,285803230,False,7,0,2017-09-12T08:0505Z,"{'addr:housenumber': '5-15', 'building': 'yes', 'addr:city': 'Tahitótfalu', 'wheelchair': 'yes', 'name': 'Rossmann', 'shop': 'chemist', 'addr:postcode': '2022', 'addr:street': 'Szentendrei út'}","[2894324326, 2894324325, 5002210267, 4991216212, 4991093995, 2894324328, 2894324326]"
5160,5302,20,,3433,8300,Tapolca,Deák Ferenc utca,2-4,,POINT (46.882556 17.439465),Deák Ferenc u. 2-4.,,,,,False,08:00:00,08:00:00,08:00:00,08:00:00,08:00:00,08:00:00,,18:00:00,18:00:00,18:00:00,18:00:00,18:00:00,14:00:00,,,2018-06-25 10:09:58.974918+00:00,,,46.882556,17.439465,20,Rossmann,chemist,"{'shop': 'chemist', 'operator': 'Rossmann Magyarország Kft.', 'brand':'Rossmann', 'facebook':'https://www.facebook.com/Rossmann.hu', 'youtube': 'https://www.youtube.com/channel/UCmUCPmvMLL3IaXRBtx7-J7Q', 'instagram':'https://www.instagram.com/rossmann_hu/', 'payment:cash': 'yes', 'payment:debit_cards': 'yes'}",https://www.rossmann.hu,hurossmche,4008274660,True,2,0,2016-04-07T05:2715Z,"{'name': 'DM', 'shop': 'chemist'}",
5161,5303,20,,1043,2890,Tata,Ady Endre út,3,,POINT (47.651231 18.324779),Ady E. út 3.,,,,,False,08:00:00,08:00:00,08:00:00,08:00:00,08:00:00,08:00:00,,19:00:00,19:00:00,19:00:00,19:00:00,19:00:00,14:00:00,,,2018-06-25 10:09:58.974918+00:00,,,47.651231,18.324779,20,Rossmann,chemist,"{'shop': 'chemist', 'operator': 'Rossmann Magyarország Kft.', 'brand':'Rossmann', 'facebook':'https://www.facebook.com/Rossmann.hu', 'youtube': 'https://www.youtube.com/channel/UCmUCPmvMLL3IaXRBtx7-J7Q', 'instagram':'https://www.instagram.com/rossmann_hu/', 'payment:cash': 'yes', 'payment:debit_cards': 'yes'}",https://www.rossmann.hu,hurossmche,,,,,,,
5162,5304,20,,1001,2800,Tatabánya,Fő tér,10,,POINT (47.584767 18.397651),Fő tér 10.,,,,,False,08:00:00,08:00:00,08:00:00,08:00:00,08:00:00,08:00:00,,19:00:00,19:00:00,19:00:00,19:00:00,19:00:00,15:00:00,,,2018-06-25 10:09:58.974918+00:00,,,47.584767,18.397651,20,Rossmann,chemist,"{'shop': 'chemist', 'operator': 'Rossmann Magyarország Kft.', 'brand':'Rossmann', 'facebook':'https://www.facebook.com/Rossmann.hu', 'youtube': 'https://www.youtube.com/channel/UCmUCPmvMLL3IaXRBtx7-J7Q', 'instagram':'https://www.instagram.com/rossmann_hu/', 'payment:cash': 'yes', 'payment:debit_cards': 'yes'}",https://www.rossmann.hu,hurossmche,,,,,,,
5163,5305,20,,2220,5350,Tiszafüred,Fő út,35,,POINT (47.61785 20.75761),Fő út 35.,,,,,False,08:00:00,08:00:00,08:00:00,08:00:00,08:00:00,08:00:00,,18:00:00,18:00:00,18:00:00,18:00:00,18:00:00,14:00:00,,,2018-06-25 10:09:58.974918+00:00,,,47.61785,20.75761,20,Rossmann,chemist,"{'shop': 'chemist', 'operator': 'Rossmann Magyarország Kft.', 'brand':'Rossmann', 'facebook':'https://www.facebook.com/Rossmann.hu', 'youtube': 'https://www.youtube.com/channel/UCmUCPmvMLL3IaXRBtx7-J7Q', 'instagram':'https://www.instagram.com/rossmann_hu/', 'payment:cash': 'yes', 'payment:debit_cards': 'yes'}",https://www.rossmann.hu,hurossmche,3342609682,True,2,0,2015-12-06T17:1326Z,"{'wheelchair': 'yes', 'name': 'Rossmann', 'shop': 'chemist'}",
5164,5306,20,,1400,3580,Tiszaújváros,Szent István út,11/b,,POINT (47.931258 21.033814),Szent István út 11/b,,,,,False,08:00:00,08:00:00,08:00:00,08:00:00,08:00:00,08:00:00,,18:00:00,18:00:00,18:00:00,18:00:00,18:00:00,14:00:00,,,2018-06-25 10:09:58.974918+00:00,,,47.931258,21.033814,20,Rossmann,chemist,"{'shop': 'chemist', 'operator': 'Rossmann Magyarország Kft.', 'brand':'Rossmann', 'facebook':'https://www.facebook.com/Rossmann.hu', 'youtube': 'https://www.youtube.com/channel/UCmUCPmvMLL3IaXRBtx7-J7Q', 'instagram':'https://www.instagram.com/rossmann_hu/', 'payment:cash': 'yes', 'payment:debit_cards': 'yes'}",https://www.rossmann.hu,hurossmche,,,,,,,
5165,5307,20,,1936,4440,Tiszavasvári,,,,POINT (47.956283 21.358313),Kossuth L.u. 11-13.,,,,,False,08:00:00,08:00:00,08:00:00,08:00:00,08:00:00,08:00:00,,18:00:00,18:00:00,18:00:00,18:00:00,18:00:00,13:00:00,,,2018-06-25 10:09:58.974918+00:00,,,47.956283,21.358313,20,Rossmann,chemist,"{'shop': 'chemist', 'operator': 'Rossmann Magyarország Kft.', 'brand':'Rossmann', 'facebook':'https://www.facebook.com/Rossmann.hu', 'youtube': 'https://www.youtube.com/channel/UCmUCPmvMLL3IaXRBtx7-J7Q', 'instagram':'https://www.instagram.com/rossmann_hu/', 'payment:cash': 'yes', 'payment:debit_cards': 'yes'}",https://www.rossmann.hu,hurossmche,231276196,False,3,0,2017-10-02T11:3940Z,"{'wheelchair': 'yes', 'name': 'Rossmann', 'building': 'yes', 'shop': 'chemist'}","[2396799349, 2396799353, 2396799355, 2396799351, 2396799349]"
5166,5308,20,,2191,5200,Törökszentmiklós,Kossuth utca,118,,POINT (47.179109 20.41112),Kossuth u. 118.,,,,,False,08:00:00,08:00:00,08:00:00,08:00:00,08:00:00,08:00:00,,19:00:00,19:00:00,19:00:00,19:00:00,19:00:00,15:00:00,,,2018-06-25 10:09:58.974918+00:00,,,47.179109,20.41112,20,Rossmann,chemist,"{'shop': 'chemist', 'operator': 'Rossmann Magyarország Kft.', 'brand':'Rossmann', 'facebook':'https://www.facebook.com/Rossmann.hu', 'youtube': 'https://www.youtube.com/channel/UCmUCPmvMLL3IaXRBtx7-J7Q', 'instagram':'https://www.instagram.com/rossmann_hu/', 'payment:cash': 'yes', 'payment:debit_cards': 'yes'}",https://www.rossmann.hu,hurossmche,,,,,,,
5167,5309,20,,2232,5420,Túrkeve,Széchenyi utca,34,,POINT (47.102191 20.743537),Széchenyi u.34.,,,,,False,08:00:00,08:00:00,08:00:00,08:00:00,08:00:00,08:00:00,,18:00:00,18:00:00,18:00:00,18:00:00,18:00:00,13:00:00,,,2018-06-25 10:09:58.974918+00:00,,,47.102191,20.743537,20,Rossmann,chemist,"{'shop': 'chemist', 'operator': 'Rossmann Magyarország Kft.', 'brand':'Rossmann', 'facebook':'https://www.facebook.com/Rossmann.hu', 'youtube': 'https://www.youtube.com/channel/UCmUCPmvMLL3IaXRBtx7-J7Q', 'instagram':'https://www.instagram.com/rossmann_hu/', 'payment:cash': 'yes', 'payment:debit_cards': 'yes'}",https://www.rossmann.hu,hurossmche,,,,,,,
5168,5310,20,,739,2225,Üllő,Pesti út,100,,POINT (47.385285 19.345769),Pesti út 100.,,,,,False,08:00:00,08:00:00,08:00:00,08:00:00,08:00:00,08:00:00,,18:00:00,18:00:00,18:00:00,18:00:00,18:00:00,13:00:00,,,2018-06-25 10:09:58.974918+00:00,,,47.385285,19.345769,20,Rossmann,chemist,"{'shop': 'chemist', 'operator': 'Rossmann Magyarország Kft.', 'brand':'Rossmann', 'facebook':'https://www.facebook.com/Rossmann.hu', 'youtube': 'https://www.youtube.com/channel/UCmUCPmvMLL3IaXRBtx7-J7Q', 'instagram':'https://www.instagram.com/rossmann_hu/', 'payment:cash': 'yes', 'payment:debit_cards': 'yes'}",https://www.rossmann.hu,hurossmche,,,,,,,
5169,5311,20,,884,2600,Vác,Széchenyi út,7,,POINT (47.778955 19.128908),Széchenyi út 7.,,,,,False,08:00:00,08:00:00,08:00:00,08:00:00,08:00:00,08:00:00,,19:00:00,19:00:00,19:00:00,19:00:00,19:00:00,16:00:00,,,2018-06-25 10:09:58.974918+00:00,,,47.778955,19.128908,20,Rossmann,chemist,"{'shop': 'chemist', 'operator': 'Rossmann Magyarország Kft.', 'brand':'Rossmann', 'facebook':'https://www.facebook.com/Rossmann.hu', 'youtube': 'https://www.youtube.com/channel/UCmUCPmvMLL3IaXRBtx7-J7Q', 'instagram':'https://www.instagram.com/rossmann_hu/', 'payment:cash': 'yes', 'payment:debit_cards': 'yes'}",https://www.rossmann.hu,hurossmche,3068385146,True,2,0,2014-09-10T19:4139Z,"{'brand': 'Rossmann', 'shop': 'chemist', 'wheelchair': 'yes', 'source': 'survey', 'name': 'Rossmann', 'source:wheelchair': 'jarhato.hu'}",
5170,5312,20,,846,2481,Velence,Tópart utca,47,,POINT (47.234792 18.658885),Tópart utca 47.,,,,,False,08:00:00,08:00:00,08:00:00,08:00:00,08:00:00,08:00:00,10:00:00,20:00:00,20:00:00,20:00:00,20:00:00,20:00:00,18:00:00,18:00:00,,2018-06-25 10:09:58.974918+00:00,,,47.234792,18.658885,20,Rossmann,chemist,"{'shop': 'chemist', 'operator': 'Rossmann Magyarország Kft.', 'brand':'Rossmann', 'facebook':'https://www.facebook.com/Rossmann.hu', 'youtube': 'https://www.youtube.com/channel/UCmUCPmvMLL3IaXRBtx7-J7Q', 'instagram':'https://www.instagram.com/rossmann_hu/', 'payment:cash': 'yes', 'payment:debit_cards': 'yes'}",https://www.rossmann.hu,hurossmche,,,,,,,
5171,5313,20,,672,2112,Veresegyház,Erkel Ferenc tér,1,,POINT (47.65797 19.269594),Erkel Ferenc tér 1.,,,,,False,08:00:00,08:00:00,08:00:00,08:00:00,08:00:00,08:00:00,,20:00:00,20:00:00,20:00:00,20:00:00,20:00:00,15:00:00,,,2018-06-25 10:09:58.974918+00:00,,,47.65797,19.269594,20,Rossmann,chemist,"{'shop': 'chemist', 'operator': 'Rossmann Magyarország Kft.', 'brand':'Rossmann', 'facebook':'https://www.facebook.com/Rossmann.hu', 'youtube': 'https://www.youtube.com/channel/UCmUCPmvMLL3IaXRBtx7-J7Q', 'instagram':'https://www.instagram.com/rossmann_hu/', 'payment:cash': 'yes', 'payment:debit_cards': 'yes'}",https://www.rossmann.hu,hurossmche,,,,,,,
5172,5314,20,,1018,2837,Vértesszőlős,Határ út,1-3,,POINT (47.603564 18.38702),Határ út 1-3. (Tatabánya Sztráda Bevásárlóközpont),,,,,False,09:00:00,09:00:00,09:00:00,09:00:00,09:00:00,09:00:00,09:00:00,19:00:00,19:00:00,19:00:00,19:00:00,19:00:00,18:00:00,18:00:00,,2018-06-25 10:09:58.974918+00:00,,,47.603564,18.38702,20,Rossmann,chemist,"{'shop': 'chemist', 'operator': 'Rossmann Magyarország Kft.', 'brand':'Rossmann', 'facebook':'https://www.facebook.com/Rossmann.hu', 'youtube': 'https://www.youtube.com/channel/UCmUCPmvMLL3IaXRBtx7-J7Q', 'instagram':'https://www.instagram.com/rossmann_hu/', 'payment:cash': 'yes', 'payment:debit_cards': 'yes'}",https://www.rossmann.hu,hurossmche,,,,,,,
5173,5315,20,,3357,8200,Veszprém,Kossuth Lajos utca,6,,POINT (47.093038 17.910524),Kossuth L. u. 6.,,,,,False,08:00:00,08:00:00,08:00:00,08:00:00,08:00:00,08:00:00,,19:00:00,19:00:00,19:00:00,19:00:00,19:00:00,15:00:00,,,2018-06-25 10:09:58.974918+00:00,,,47.093038,17.910524,20,Rossmann,chemist,"{'shop': 'chemist', 'operator': 'Rossmann Magyarország Kft.', 'brand':'Rossmann', 'facebook':'https://www.facebook.com/Rossmann.hu', 'youtube': 'https://www.youtube.com/channel/UCmUCPmvMLL3IaXRBtx7-J7Q', 'instagram':'https://www.instagram.com/rossmann_hu/', 'payment:cash': 'yes', 'payment:debit_cards': 'yes'}",https://www.rossmann.hu,hurossmche,3540650480,True,2,0,2015-11-11T16:3654Z,"{'wheelchair': 'yes', 'name': 'dm', 'level': '0', 'shop': 'chemist'}",
5174,5316,20,,3889,8900,Zalaegerszeg,Kossuth Lajos út,3,,POINT (46.843001 16.845709),Kossuth Lajos út 3.,,,,,False,08:00:00,08:00:00,08:00:00,08:00:00,08:00:00,08:00:00,,19:00:00,19:00:00,19:00:00,19:00:00,19:00:00,16:00:00,,,2018-06-25 10:09:58.974918+00:00,,,46.843001,16.845709,20,Rossmann,chemist,"{'shop': 'chemist', 'operator': 'Rossmann Magyarország Kft.', 'brand':'Rossmann', 'facebook':'https://www.facebook.com/Rossmann.hu', 'youtube': 'https://www.youtube.com/channel/UCmUCPmvMLL3IaXRBtx7-J7Q', 'instagram':'https://www.instagram.com/rossmann_hu/', 'payment:cash': 'yes', 'payment:debit_cards': 'yes'}",https://www.rossmann.hu,hurossmche,4883616247,True,3,0,2018-05-14T12:1535Z,"{'addr:housenumber': '3', 'opening_hours': 'Mo-Fr 08:00-19:00; Sa 08:00-16:00', 'shop': 'chemist', 'addr:city': 'Zalaegerszeg', 'name': 'Rossmann', 'addr:postcode': '8900', 'addr:street': 'Kossuth Lajos utca'}",
