,pc_id,poi_name,poi_type,poi_tags,poi_url_base,poi_code,poi_search_name,preserve_original_name,preserve_original_post_code,osm_search_distance_perfect,osm_search_distance_safe,osm_search_distance_unsafe
0,1,CIB Bank,bank,"{'amenity': 'bank', 'atm': 'yes', 'air_conditioning': 'yes', 'brand': 'CIB', 'operator': 'CIB Bank Zrt.', 'operator:addr': '1027 Budapest, Medve u 4-14.', 'bic': 'CIBHHUHB', 'ref:vatin': 'HU10136915', 'ref:vatin:hu': '10136915-4-44', 'ref:HU:company': '01 10 041004', 'brand': 'CIB Bank', 'brand:wikidata': 'Q839566', 'brand:wikipedia': 'hu:CIB Bank', }",https://www.cib.hu,hucibbank,(cib bank|cib),False,False,,,
1,2,K&H Bank,bank,"{'amenity': 'bank', 'atm': 'yes', 'air_conditioning': 'yes', 'brand': 'K&H', 'operator': 'K&H Bank Zrt.', 'operator:addr': '1095 Budapest, Lechner Ödön fasor 9.', 'bic': 'OKHBHUHB', 'ref:vatin': 'HU10195664', 'ref:vatin:hu': '10195664-4-44', 'ref:HU:company': '01 10 041043',}",https://www.kh.hu,hukhbank,(kh bank|k&h bank|k&h|kh),False,False,2000.0,200.0,4.0
2,3,CIB Bank ATM,atm,"{'amenity': 'atm','brand': 'CIB', 'operator': 'CIB Bank Zrt.', 'operator:addr': '1027 Budapest, Medve u 4-14.', 'bic': 'CIBHHUHB', 'ref:vatin': 'HU10136915', 'ref:vatin:hu': '10136915-4-44', 'ref:HU:company': '01 10 041004', 'brand': 'CIB Bank', 'brand:wikidata': 'Q839566', 'brand:wikipedia': 'hu:CIB Bank', }",https://www.cib.hu,hucibatm,(cib bank atm|cib atm),False,False,,,
3,4,K&H Bank ATM,atm,"{'amenity': 'atm', 'brand': 'K&H', 'operator': 'K&H Bank Zrt.', 'operator:addr': '1095 Budapest, Lechner Ödön fasor 9.', 'bic': 'OKHBHUHB', 'ref:vatin': 'HU10195664', 'ref:vatin:hu': '10195664-4-44', 'ref:HU:company': '01 10 041043',}",https://www.kh.hu,hukhatm,(kh bank atm|k&h bank atm|k&h atm|kh atm),False,False,2000.0,80.0,3.0
4,5,Kulcs Patika,pharmacy,"{'amenity': 'pharmacy', 'brand': 'Kulcs Patika', 'dispensing': 'yes',  'payment:contactless': 'yes', 'payment:mastercard': 'yes', 'payment:visa': 'yes', 'payment:mastercard_electronic': 'yes', 'payment:maestro': 'yes',  'payment:visa_electron': 'yes', 'payment:mastercard_contactless': 'yes',  'payment:cash': 'yes', 'air_conditioning': 'yes'}",https://www.kulcspatika.hu/,hukulcspha,(kulcs patika|kulcs),True,False,,,
5,6,CBA,shop,"{'shop': 'convenience', 'brand': 'CBA',  'payment:contactless': 'yes', 'payment:mastercard': 'yes', 'payment:visa': 'yes', 'payment:mastercard_electronic': 'yes', 'payment:maestro': 'yes',  'payment:visa_electron': 'yes', 'payment:mastercard_contactless': 'yes',  'payment:cash': 'yes', }",https://www.cba.hu,hucbacon,(cba abc|cba),True,False,2000.0,200.0,5.0
6,7,dm,chemist,"{'shop': 'chemist', 'operator': 'dm Kft.', 'brand': 'dm',  'brand:wikidata': 'Q266572', 'brand:wikipedia': 'en:Dm-drogerie markt', 'contact:facebook':'https://www.facebook.com/dm.Magyarorszag', 'contact:youtube': 'https://www.youtube.com/user/dmMagyarorszag', 'contact:instagram':'https://www.instagram.com/dm_magyarorszag', 'ref:vatin': 'HU11181530', 'ref:vatin:hu': '11181530-2-44', 'ref:HU:company': '13 09 078006',  'payment:contactless': 'yes', 'payment:mastercard': 'yes', 'payment:visa': 'yes', 'payment:mastercard_electronic': 'yes', 'payment:maestro': 'yes',  'payment:visa_electron': 'yes', 'payment:mastercard_contactless': 'yes',  'payment:cash': 'yes', 'air_conditioning': 'yes'}",https://www.dm.hu,hudmche,dm,False,False,2000.0,200.0,15.0
7,8,Mobil Petrol,fuel,"{'amenity': 'fuel', 'brand': 'Mobil Petrol', 'contact:email': 'info@mpetrol.hu', 'contact:facebook': 'https://www.facebook.com/mpetrolofficial/', 'name': 'Mobil Petrol', 'operator:addr': '1095 Budapest, Ipar utca 2.', 'operator': 'MPH Power Zrt.',  'payment:contactless': 'yes', 'payment:mastercard': 'yes', 'payment:visa': 'yes', 'payment:mastercard_electronic': 'yes', 'payment:maestro': 'yes',  'payment:visa_electron': 'yes', 'payment:mastercard_contactless': 'yes',  'payment:cash': 'yes', 'fuel:diesel': 'yes', 'fuel:octane_95': 'yes'}",http://mpetrol.hu/,humobpefu,(mobil metrol|shell),False,False,,,
8,9,Avia,fuel,"{'amenity': 'fuel', 'brand': 'Avia', 'operator': 'AVIA Hungária Kft.',  'payment:contactless': 'yes', 'payment:mastercard': 'yes', 'payment:visa': 'yes', 'payment:mastercard_electronic': 'yes', 'payment:maestro': 'yes',  'payment:visa_electron': 'yes', 'payment:mastercard_contactless': 'yes',  'payment:cash': 'yes', 'fuel:diesel': 'yes', 'fuel:octane_95': 'yes', 'contact:email': 'avia@avia.hu', 'contact:facebook': 'https://www.facebook.com/AVIAHungary', 'contact:youtube': 'https://www.youtube.com/channel/UCjvjkjf2RgmKBuTnKSXk-Rg', }",https://www.avia.hu,huaviafu,avia,False,False,30000.0,800.0,110.0
9,10,Aldi,shop,"{'shop': 'supermarket', 'operator': 'ALDI Magyarország Élelmiszer Bt.', 'operator:addr': '2051 Biatorbágy, Mészárosok útja 2.', 'brand': 'Aldi', 'ref:vatin:hu':'22234663-2-44', 'ref:vatin':'HU22234663', 'ref:HU:company':'13 06 058506', 'brand:wikipedia':'hu:Aldi', 'brand:wikidata':'Q125054', 'contact:facebook': 'https://www.facebook.com/ALDI.Magyarorszag', 'contact:youtube':'https://www.youtube.com/user/ALDIMagyarorszag', 'contact:instagram':'https://www.instagram.com/aldi.magyarorszag',  'payment:contactless': 'yes', 'payment:mastercard': 'yes', 'payment:visa': 'yes', 'payment:mastercard_electronic': 'yes', 'payment:maestro': 'yes',  'payment:visa_electron': 'yes', 'payment:mastercard_contactless': 'yes',  'payment:cash': 'yes', 'air_conditioning': 'yes', }",https://www.aldi.hu,hualdisup,aldi,False,False,,,
10,11,CBA,shop,"{'shop': 'supermarket', 'brand': 'CBA',  'payment:cash': 'yes', 'payment:debit_cards': 'yes'}",https://www.cba.hu,hucbasup,(cba abc|cba),True,False,2000.0,200.0,5.0
11,12,Benu gyógyszertár,pharmacy,"{'amenity': 'pharmacy', 'brand': 'Benu gyógyszertár', 'dispensing': 'yes',  'payment:contactless': 'yes', 'payment:mastercard': 'yes', 'payment:visa': 'yes', 'payment:mastercard_electronic': 'yes', 'payment:maestro': 'yes',  'payment:visa_electron': 'yes', 'payment:mastercard_contactless': 'yes',  'payment:cash': 'yes',  'contact:facebook':'https://www.facebook.com/BENUgyogyszertar', 'contact:youtube': 'https://www.youtube.com/channel/UCBLjL10QMtRHdkak0h9exqg', 'air_conditioning': 'yes'}",https://benu.hu,hubenupha,(benu gyogyszertár|benu),True,False,2000.0,200.0,20.0
12,13,Príma,shop,"{'shop': 'convenience', 'brand': 'Príma',  'payment:cash': 'yes', 'payment:debit_cards': 'yes'}",https://www.prima.hu,huprimacon,(príma abc|prima abc|príma|prima),True,False,2000.0,200.0,23.0
13,14,Posta,post_office,"{'amenity': 'post_office', 'brand': 'Magyar Posta', 'operator': 'Magyar Posta Zrt.', 'operator:addr': '1138 Budapest, Dunavirág utca 2-6.', 'ref:vatin:hu': '10901232-2-44', 'ref:vatin': 'HU10901232', 'brand:wikipedia': 'hu:Magyar Posta Zrt.', 'brand:wikidata': 'Q145614', 'contact:email': 'ugyfelszolgalat@posta.hu', 'phone': '+3617678200', 'contact:facebook': 'https://www.facebook.com/MagyarPosta', 'contact:youtube': 'https://www.youtube.com/user/magyarpostaofficial', 'contact:instagram': 'https://www.instagram.com/magyar_posta_zrt', 'payment:cash': 'yes', 'payment:debit_cards': 'yes'}",https://www.posta.hu,hupostapo,posta,False,True,2000.0,350.0,220.0
14,15,Budapest Bank,bank,"{'amenity': 'bank', 'bic': 'BUDAHUHB', 'atm': 'yes', 'brand': 'Budapest Bank', 'brand:wikidata': 'Q27493463', 'brand:wikipedia': 'en:Budapest Bank', 'operator': 'Budapest Bank Zrt.', 'operator:addr': '1138 Budapest, Váci út 193.', 'ref:vatin': 'HU10196445', 'ref:vatin:hu': '10196445-4-44', 'ref:HU:company': '01 10 041037',  'air_conditioning': 'yes'}",https://www.budapestbank.hu,hubpbank,(budapest bank|bp bank),False,False,2000.0,200.0,10.0
15,16,Príma,shop,"{'shop': 'supermarket', 'brand': 'Príma',  'payment:cash': 'yes', 'payment:debit_cards': 'yes'}",https://www.prima.hu,huprimasup,(príma abc|prima abc|príma|prima),True,False,2000.0,200.0,23.0
16,17,MOL,fuel,"{'amenity': 'fuel', 'brand': 'MOL', 'operator': 'MOL Nyrt.', 'operator:addr': '1117 Budapest, Október huszonharmadika utca 18.', 'ref:vatin:hu': '10625790-4-44', 'contact:facebook': 'https://www.facebook.com/mol.magyarorszag/', 'contact:youtube': 'https://www.youtube.com/user/molgrouptv', 'contact:instagram': 'https://www.instagram.com/mol.magyarorszag/', 'brand:wikipedia': 'hu:MOL Magyar Olaj- és Gázipari Nyrt.', 'brand:wikidata': 'Q549181', 'ref:HU:company': '01-10-041683',  'payment:contactless': 'yes', 'payment:mastercard': 'yes', 'payment:visa': 'yes', 'payment:mastercard_electronic': 'yes', 'payment:maestro': 'yes',  'payment:visa_electron': 'yes', 'payment:mastercard_contactless': 'yes',  'payment:cash': 'yes', 'fuel:diesel': 'yes', 'fuel:octane_95': 'yes', 'air_conditioning': 'yes'}",https://www.mol.hu,humolfu,mol,False,False,2000.0,300.0,60.0
17,18,Budapest Bank ATM,atm,"{'amenity': 'atm', 'brand': 'Budapest Bank', 'brand:wikidata': 'Q27493463', 'brand:wikipedia': 'en:Budapest Bank', 'operator': 'Budapest Bank Zrt.', 'operator:addr': '1138 Budapest, Váci út 193.', 'ref:vatin': 'HU10196445', 'ref:vatin:hu': '10196445-4-44', 'ref:HU:company': '01 10 041037',  }",https://www.budapestbank.hu,hubpatm,(budapest bank|bp bank),False,False,2000.0,80.0,10.0
18,20,Jysk,furniture,"{'shop': 'furniture', 'brand:wikidata': 'Q138913', 'brand:wikipedia': 'hu:JYSK', 'contact:facebook': 'https://www.facebook.com/JYSK.Magyarorszag/', 'operator:addr': '1103 Budapest, Sibrik Miklós út 30.', 'operator': 'JYSK Kft.', 'ref:vatin': 'HU13353298', 'ref:vatin:hu': '13353298-2-44', 'ref:HU:company': '01 09 730940',  'payment:contactless': 'yes', 'payment:mastercard': 'yes', 'payment:visa': 'yes', 'payment:mastercard_electronic': 'yes', 'payment:maestro': 'yes',  'payment:visa_electron': 'yes', 'payment:mastercard_contactless': 'yes',  'payment:cash': 'yes', }",https://jysk.hu,hujyskfur,jysk,False,False,800.0,300.0,80.0
19,19,Posta csekkautomata,vending_machine_cheques,"{'amenity': 'vending_machine', 'vending': 'cheques', 'brand': 'Magyar Posta', 'operator': 'Magyar Posta Zrt.', 'operator:addr': '1138 Budapest, Dunavirág utca 2-6.', 'ref:vatin:hu': '10901232-2-44', 'ref:vatin': 'HU10901232', 'brand:wikipedia': 'hu:Magyar Posta Zrt.', 'brand:wikidata': 'Q145614', 'contact:email': 'ugyfelszolgalat@posta.hu', 'phone': '+3617678200', 'contact:facebook': 'https://www.facebook.com/MagyarPosta', 'contact:youtube': 'https://www.youtube.com/user/magyarpostaofficial', 'contact:instagram': 'https://www.instagram.com/magyar_posta_zrt', 'payment:cash': 'yes', 'payment:debit_cards': 'yes'}",https://www.posta.hu,hupostacse,posta,False,False,2000.0,300.0,220.0
20,21,MagNet Bank,bank,"{'amenity': 'bank', 'bic': 'HBWEHUHB', 'atm': 'yes', 'brand': 'MagNet Bank', 'brand:wikidata': 'Q17379757', 'brand:wikipedia': 'hu:MagNet Bank', 'operator': 'MagNet Magyar Közösségi Bank Zrt.', 'operator:addr': '1062 Budapest, Andrássy út 98.', 'contact:fax': '+36 1 428 8889', 'ref:HU:company': '01 10 046111', 'ref:vatin': 'HU14413591' ,'ref:vatin:hu': '14413591-4-44',  'air_conditioning': 'yes'}",https://www.magnetbank.hu,humagnbank,(magnet bank|magnetbank),False,False,2000.0,200.0,10.0
21,22,MOL Bubi,bicycle_rental,"{'amenity': 'bicycle_rental', 'brand': 'MOL Bubi', 'operator': 'BKK MOL Bubi', 'network': 'bubi',  'contact:instagram': 'https://www.instagram.com/molbubi/', 'contact:facebook': 'https://www.facebook.com/molbubi', 'contact:youtube': 'https://www.youtube.com/user/bkkweb', 'twitter': 'molbubi'}",https://molbubi.bkk.hu,hububibir,(mol bubi|bubi),False,False,,,
22,23,Foxpost,vending_machine_parcel_pickup_and_mail_in,"{'amenity': 'vending_machine', 'vending': 'parcel_pickup;parcel_mail_in', 'brand': 'Foxpost', 'operator': 'FoxPost Zrt.', 'operator:addr': '3200 Gyöngyös, Batsányi János utca 9.', 'ref:vatin': 'HU25034644', 'ref:vatin:hu': '25034644-2-10', 'ref:HU:company': '10 10 020309', 'contact:facebook': 'https://www.facebook.com/foxpostzrt', 'contact:youtube': 'https://www.youtube.com/channel/UC3zt91sNKPimgA32Nmcu97w', 'contact:email': 'info@foxpost.hu', 'phone': '+36 1 999 03 69', 'payment:contactless': 'yes', 'payment:mastercard': 'yes', 'payment:visa': 'yes', 'payment:cash': 'no' ,}",https://www.foxpost.hu,hufoxpocso,foxpost,False,False,1000.0,400.0,20.0
23,24,MagNet Bank ATM,atm,"{'amenity': 'atm', 'brand': 'MagNet Bank', 'brand:wikidata': 'Q17379757', 'brand:wikipedia': 'hu:MagNet Bank', 'operator': 'MagNet Magyar Közösségi Bank Zrt.', 'operator:addr': '1062 Budapest, Andrássy út 98.', 'contact:fax': '+36 1 428 8889', 'ref:HU:company': '01 10 046111', 'ref:vatin': 'HU14413591' ,'ref:vatin:hu': '14413591-4-44',  }",https://www.magnetbank.hu,humagnatm,(magnet bank|magnetbank|magnet bank atm|magnet atm),False,False,2000.0,80.0,10.0
24,25,Posta csomagautomata,vending_machine_parcel_pickup,"{'amenity': 'vending_machine', 'vending': 'parcel_pickup', 'brand': 'Magyar Posta', 'operator': 'Magyar Posta Zrt.', 'operator:addr': '1138 Budapest, Dunavirág utca 2-6.', 'ref:vatin:hu': '10901232-2-44', 'ref:vatin': 'HU10901232', 'brand:wikipedia': 'hu:Magyar Posta Zrt.', 'brand:wikidata': 'Q145614', 'contact:email': 'ugyfelszolgalat@posta.hu', 'phone': '+3617678200', 'contact:facebook': 'https://www.facebook.com/MagyarPosta', 'contact:youtube': 'https://www.youtube.com/user/magyarpostaofficial', 'contact:instagram': 'https://www.instagram.com/magyar_posta_zrt', 'payment:cash': 'yes', 'payment:debit_cards': 'yes'}",https://www.posta.hu,hupostacso,(mpl|posta),False,False,2000.0,200.0,
25,26,PostaPont,post_office,"{'amenity': 'post_office', 'brand': 'Magyar Posta', 'operator': 'Magyar Posta Zrt.', 'operator:addr': '1138 Budapest, Dunavirág utca 2-6.', 'ref:vatin:hu': '10901232-2-44', 'ref:vatin': 'HU10901232', 'brand:wikipedia': 'hu:Magyar Posta Zrt.', 'brand:wikidata': 'Q145614', 'contact:email': 'ugyfelszolgalat@posta.hu', 'phone': '+3617678200', 'contact:facebook': 'https://www.facebook.com/MagyarPosta', 'contact:youtube': 'https://www.youtube.com/user/magyarpostaofficial', 'contact:instagram': 'https://www.instagram.com/magyar_posta_zrt', 'payment:cash': 'yes', 'payment:debit_cards': 'yes'}",https://www.posta.hu,hupostapp,(postapont|posta),False,True,2000.0,300.0,220.0
26,27,Mobilposta,post_office,"{'amenity': 'post_office', 'brand': 'Magyar Posta', 'operator': 'Magyar Posta Zrt.', 'operator:addr': '1138 Budapest, Dunavirág utca 2-6.', 'ref:vatin:hu': '10901232-2-44', 'ref:vatin': 'HU10901232', 'brand:wikipedia': 'hu:Magyar Posta Zrt.', 'brand:wikidata': 'Q145614', 'contact:email': 'ugyfelszolgalat@posta.hu', 'phone': '+3617678200', 'contact:facebook': 'https://www.facebook.com/MagyarPosta', 'contact:youtube': 'https://www.youtube.com/user/magyarpostaofficial', 'contact:instagram': 'https://www.instagram.com/magyar_posta_zrt', 'payment:cash': 'yes', 'payment:debit_cards': 'yes'}",https://www.posta.hu,hupostamp,posta,False,False,2000.0,300.0,
27,28,OMV,fuel,"{'amenity': 'fuel', 'name': 'OMV', 'brand': 'OMV', 'fuel:diesel': 'yes', 'fuel:octane_95': 'yes', 'air_conditioning': 'yes', 'brand:wikidata': 'Q168238', 'brand:wikipedia': 'en:OMV', 'operator': 'OMV Hungária Kft.', 'operator:addr': '1117 Budapest, Október huszonharmadika utca 6-10 5. emelet 5/A.', 'ref:vatin:hu': '10542925-2-44', 'ref:vatin': 'HU10542925', 'ref:HU:company': '01-09-071584', 'contact:email': 'info.hungary@omv.com', 'contact:facebook': 'https://www.facebook.com/omvmagyarorszag', 'contact:fax': '+36 1 381 9899', 'contact:twitter': 'omv', 'contact:linkedin': 'https://www.linkedin.com/company/omv', 'contact:instagram': 'https://www.instagram.com/omv/', 'contact:youtube': 'https://www.youtube.com/user/omvofficial',  'payment:contactless': 'yes', 'payment:mastercard': 'yes', 'payment:visa': 'yes', 'payment:mastercard_electronic': 'yes', 'payment:maestro': 'yes',  'payment:visa_electron': 'yes', 'payment:mastercard_contactless': 'yes',  'payment:cash': 'yes', }",https://www.omv.hu,huomvfu,(omv|omw|ömv|ömw|ovm|owm),False,False,2000.0,450.0,60.0
28,29,Penny Market,shop,"{'shop': 'supermarket', 'operator': 'Penny Market Kft.', 'brand': 'Penny Market', 'brand:wikidata': 'Q284688', 'brand:wikipedia': 'en:Penny (supermarket)', 'internet_access': 'wlan', 'internet_access:fee': 'no', 'internet_access:ssid': 'PENNY FREE WLAN', 'contact:email': 'ugyfelszolgalat@penny.hu', 'contact:facebook': 'https://www.facebook.com/PennyMarketMagyarorszag', 'contact:instagram': 'https://www.instagram.com/pennymarkethu', 'contact:youtube': 'https://www.youtube.com/channel/UCSy0KKUrDxVWkx8qicky_pQ',  'payment:contactless': 'yes', 'payment:mastercard': 'yes', 'payment:visa': 'yes', 'payment:mastercard_electronic': 'yes', 'payment:maestro': 'yes',  'payment:visa_electron': 'yes', 'payment:mastercard_contactless': 'yes',  'payment:cash': 'yes', 'ref:vatin:hu': '10969629-2-44', 'ref:vatin': 'HU10969629'}",https://www.penny.hu,hupennysup,penny,False,False,2000.0,200.0,15.0
29,30,Pepco,clothes,"{'shop': 'clothes', 'brand': 'Pepco', 'brand:wikidata': 'Q11815580', 'brand:wikipedia': 'pl:Pepco', 'contact:facebook': 'https://www.facebook.com/pepcohu/', 'contact:website':'https://pepco.hu/', 'contact:linkedin': 'https://www.linkedin.com/company/pepco-poland', 'contact:phone': '+36 1 701 0424', 'contact:email': 'ugyfelszolgalat@pepco.eu', 'operator': 'Pepkor Hungary Kft.', 'operator:addr': '1138 Budapest, Váci út 187.',  'payment:contactless': 'yes', 'payment:mastercard': 'yes', 'payment:visa': 'yes', 'payment:mastercard_electronic': 'yes', 'payment:maestro': 'yes',  'payment:visa_electron': 'yes', 'payment:mastercard_contactless': 'yes',  'payment:cash': 'yes',  }",https://pepco.hu,hupepcoclo,pepco,False,False,2000.0,200.0,5.0
30,31,Rossmann,chemist,"{'shop': 'chemist', 'operator': 'Rossmann Magyarország Kft.', 'operator:addr': '2225 Üllő, Zsaróka út 8.', 'ref:vatin:hu': '11149769-2-44', 'ref:vatin': 'HU11149769', 'brand':'Rossmann',  'brand:wikidata': 'Q316004', 'brand:wikipedia': 'de:Dirk Rossmann GmbH', 'contact:email': 'ugyfelszolgalat@rossmann.hu', 'phone': '+36 29 889-800;+36 70 4692 800', 'contact:facebook':'https://www.facebook.com/Rossmann.hu', 'contact:youtube': 'https://www.youtube.com/channel/UCmUCPmvMLL3IaXRBtx7-J7Q', 'contact:instagram':'https://www.instagram.com/rossmann_hu',  'payment:contactless': 'yes', 'payment:mastercard': 'yes', 'payment:visa': 'yes', 'payment:mastercard_electronic': 'yes', 'payment:maestro': 'yes',  'payment:visa_electron': 'yes', 'payment:mastercard_contactless': 'yes',  'payment:cash': 'yes', 'air_conditioning': 'yes'}",https://www.rossmann.hu,hurossmche,rossmann,False,False,2000.0,200.0,3.0
31,32,Sberbank,bank,"{'amenity': 'bank', 'bic': 'MAVOHUHB', 'atm': 'yes', 'brand': 'Sberbank', 'brand:wikidata': 'Q17379757', 'brand:wikipedia': 'en:Sberbank of Russia', 'operator': 'Sberbank Magyarország Zrt.', 'operator:addr': '1088 Budapest, Rákóczi út 1-3.', 'brand:ru': 'Сбербанк', 'name:ru': 'Сбербанк', 'ref:vatin': 'HU10776999', 'ref:vatin:hu': '10776999-2-44', 'ref:HU:company': '01 10 041720',  'air_conditioning': 'yes'}",https://www.sberbank.hu,husberbank,(sber|sberbank),False,False,2000.0,200.0,10.0
32,33,Sberbank ATM,atm,"{'amenity': 'atm', 'brand': 'Sberbank', 'brand:wikidata': 'Q17379757', 'brand:wikipedia': 'en:Sberbank of Russia', 'operator': 'Sberbank Magyarország Zrt.', 'operator:addr': '1088 Budapest, Rákóczi út 1-3.', 'brand:ru': 'Сбербанк', 'name:ru': 'Сбербанк', 'ref:vatin': 'HU10776999', 'ref:vatin:hu': '10776999-2-44', 'ref:HU:company': '01 10 041720',  }",https://www.sberbank.hu,husberatm,(sber|sberbank),False,False,2000.0,80.0,10.0
33,34,Shell,fuel,"{'amenity': 'fuel', 'brand': 'Shell', 'contact:phone': '+36 1 480 1114', 'contact:fax': '+36 1 999 8673', 'contact:website': 'https://shell.hu/', 'contact:facebook': 'https://www.facebook.com/ShellMagyarorszag/', 'contact:twitter': 'shell',  'payment:contactless': 'yes', 'payment:mastercard': 'yes', 'payment:visa': 'yes', 'payment:mastercard_electronic': 'yes', 'payment:maestro': 'yes',  'payment:visa_electron': 'yes', 'payment:mastercard_contactless': 'yes',  'payment:cash': 'yes',  'brand:wikidata': 'Q154950', 'brand:wikipedia': 'hu:Royal Dutch Shell', 'fuel:diesel': 'yes', 'fuel:octane_95': 'yes', 'air_conditioning': 'yes'}",https://shell.hu,hushellfu,shell,False,False,2000.0,300.0,60.0
34,35,Spar Expressz,shop,"{'shop': 'convenience', 'operator': 'SPAR Magyarország Kereskedelmi Kft.', 'brand': 'Spar','brand:wikipedia': 'hu:Spar', 'brand:wikidata': 'Q610492',  'contact:email': 'vevoszolgalat@spar.hu', 'phone': '+36208237727', 'contact:facebook': 'https://www.facebook.com/sparmagyarorszag', 'contact:youtube': 'https://www.youtube.com/channel/UC9tu8COHiy4WkeTIN1k_Y8A', 'contact:instagram': 'https://www.instagram.com/sparmagyarorszag',  'payment:contactless': 'yes', 'payment:mastercard': 'yes', 'payment:visa': 'yes', 'payment:erzsebet': 'yes', 'payment:erzsebet_plus': 'yes', 'payment:edenred_voucher': 'yes', 'payment:edenred_card': 'yes', 'payment:otp_cafeteria': 'yes',  'payment:multipay': 'yes', 'payment:mastercard_electronic': 'yes', 'payment:maestro': 'yes',  'payment:visa_electron': 'yes', 'payment:mastercard_contactless': 'yes', 'payment:otp_bankpont': 'yes',  'payment:american_express': 'yes', 'payment:jcb': 'yes', 'payment:v_pay': 'yes',  'payment:unionpay': 'yes',  'payment:cash': 'yes', }",https://www.spar.hu,husparecon,(spar|spar express|spar expressz),False,False,2000.0,200.0,15.0
35,36,Interspar,shop,"{'shop': 'supermarket', 'operator': 'SPAR Magyarország Kereskedelmi Kft.', 'brand': 'Spar','brand:wikipedia': 'hu:Spar', 'brand:wikidata': 'Q610492',  'contact:email': 'vevoszolgalat@spar.hu', 'phone': '+36208237727', 'contact:facebook': 'https://www.facebook.com/sparmagyarorszag', 'contact:youtube': 'https://www.youtube.com/channel/UC9tu8COHiy4WkeTIN1k_Y8A', 'contact:instagram': 'https://www.instagram.com/sparmagyarorszag',  'payment:contactless': 'yes', 'payment:mastercard': 'yes', 'payment:visa': 'yes', 'payment:erzsebet': 'yes', 'payment:erzsebet_plus': 'yes', 'payment:edenred_voucher': 'yes', 'payment:edenred_card': 'yes', 'payment:otp_cafeteria': 'yes',  'payment:multipay': 'yes', 'payment:mastercard_electronic': 'yes', 'payment:maestro': 'yes',  'payment:visa_electron': 'yes', 'payment:mastercard_contactless': 'yes', 'payment:otp_bankpont': 'yes',  'payment:american_express': 'yes', 'payment:jcb': 'yes', 'payment:v_pay': 'yes',  'payment:unionpay': 'yes',  'payment:cash': 'yes', }",https://www.spar.hu,husparisup,(spar|interspar),False,False,2000.0,200.0,15.0
36,37,Spar,shop,"{'shop': 'supermarket', 'operator': 'SPAR Magyarország Kereskedelmi Kft.', 'brand': 'Spar','brand:wikipedia': 'hu:Spar', 'brand:wikidata': 'Q610492',  'contact:email': 'vevoszolgalat@spar.hu', 'phone': '+36208237727', 'contact:facebook': 'https://www.facebook.com/sparmagyarorszag', 'contact:youtube': 'https://www.youtube.com/channel/UC9tu8COHiy4WkeTIN1k_Y8A', 'contact:instagram': 'https://www.instagram.com/sparmagyarorszag',  'payment:contactless': 'yes', 'payment:mastercard': 'yes', 'payment:visa': 'yes', 'payment:erzsebet': 'yes', 'payment:erzsebet_plus': 'yes', 'payment:edenred_voucher': 'yes', 'payment:edenred_card': 'yes', 'payment:otp_cafeteria': 'yes',  'payment:multipay': 'yes', 'payment:mastercard_electronic': 'yes', 'payment:maestro': 'yes',  'payment:visa_electron': 'yes', 'payment:mastercard_contactless': 'yes', 'payment:otp_bankpont': 'yes',  'payment:american_express': 'yes', 'payment:jcb': 'yes', 'payment:v_pay': 'yes',  'payment:unionpay': 'yes',  'payment:cash': 'yes', }",https://www.spar.hu,husparsup,(spar|spar supermarket),False,False,2000.0,200.0,15.0
37,38,DeSpar,shop,"{'shop': 'convenience', 'operator': 'SPAR Magyarország Kereskedelmi Kft.', 'brand': 'Spar','brand:wikipedia': 'hu:Spar', 'brand:wikidata': 'Q610492',  'contact:email': 'vevoszolgalat@spar.hu', 'phone': '+36208237727', 'contact:facebook': 'https://www.facebook.com/sparmagyarorszag', 'contact:youtube': 'https://www.youtube.com/channel/UC9tu8COHiy4WkeTIN1k_Y8A', 'contact:instagram': 'https://www.instagram.com/sparmagyarorszag',  'payment:contactless': 'yes', 'payment:mastercard': 'yes', 'payment:visa': 'yes', 'payment:erzsebet': 'yes', 'payment:erzsebet_plus': 'yes', 'payment:edenred_voucher': 'yes', 'payment:edenred_card': 'yes', 'payment:otp_cafeteria': 'yes',  'payment:multipay': 'yes', 'payment:mastercard_electronic': 'yes', 'payment:maestro': 'yes',  'payment:visa_electron': 'yes', 'payment:mastercard_contactless': 'yes', 'payment:otp_bankpont': 'yes',  'payment:american_express': 'yes', 'payment:jcb': 'yes', 'payment:v_pay': 'yes',  'payment:unionpay': 'yes',  'payment:cash': 'yes', }",https://www.spar.hu,huspardcon,(spar|despar),False,False,2000.0,200.0,15.0
38,39,Tesco Expressz,shop,"{'shop': 'convenience', 'operator': 'TESCO-GLOBAL Áruházak Zrt.', 'operator:addr': '2040 Budaörs, Kinizsi út 1-3.', 'ref:HU:company': '13-10-040628', 'ref:vatin:hu': '10307078-2-44',  'ref:vatin': 'HU10307078', 'brand': 'Tesco', 'brand:wikipedia': 'hu:Tesco', 'brand:wikidata': 'Q487494',  'internet_access': 'wlan', 'internet_access:fee': 'no', 'internet_access:ssid': 'tesco-internet', 'contact:facebook': 'https://www.facebook.com/tescoaruhazak', 'contact:pinterest': 'https://www.pinterest.com/tescohungary/', 'contact:youtube': 'https://www.youtube.com/user/TescoMagyarorszag',  'loyalty_card': 'yes', 'payment:contactless': 'yes', 'payment:mastercard': 'yes', 'payment:visa': 'yes', 'payment:erzsebet': 'yes', 'payment:erzsebet_plus': 'yes', 'payment:edenred_voucher': 'yes', 'payment:edenred_card': 'yes', 'payment:otp_cafeteria': 'yes',  'payment:multipay': 'yes', 'payment:mastercard_electronic': 'yes', 'payment:maestro': 'yes',  'payment:visa_electron': 'yes', 'payment:mastercard_contactless': 'yes', 'payment:otp_bankpont': 'yes',  'payment:american_express': 'yes', 'payment:jcb': 'yes', 'payment:v_pay': 'yes',  'payment:unionpay': 'yes',  'payment:cash': 'yes', 'payment:gift_card': 'yes', 'payment:wire_transfer': 'yes', 'air_conditioning': 'yes'}",https://tesco.hu,hutescoexp,tesco,False,False,2000.0,200.0,
39,40,Tesco Extra,shop,"{'shop': 'supermarket', 'wheelchair': 'yes', 'source:wheelchair': 'website', 'operator': 'TESCO-GLOBAL Áruházak Zrt.', 'operator:addr': '2040 Budaörs, Kinizsi út 1-3.', 'ref:HU:company': '13-10-040628', 'ref:vatin:hu': '10307078-2-44',  'ref:vatin': 'HU10307078', 'brand': 'Tesco', 'brand:wikipedia': 'hu:Tesco', 'brand:wikidata': 'Q487494',  'internet_access': 'wlan', 'internet_access:fee': 'no', 'internet_access:ssid': 'tesco-internet', 'contact:facebook': 'https://www.facebook.com/tescoaruhazak', 'contact:pinterest': 'https://www.pinterest.com/tescohungary/', 'contact:youtube': 'https://www.youtube.com/user/TescoMagyarorszag',  'loyalty_card': 'yes', 'payment:contactless': 'yes', 'payment:mastercard': 'yes', 'payment:visa': 'yes', 'payment:erzsebet': 'yes', 'payment:erzsebet_plus': 'yes', 'payment:edenred_voucher': 'yes', 'payment:edenred_card': 'yes', 'payment:otp_cafeteria': 'yes',  'payment:multipay': 'yes', 'payment:mastercard_electronic': 'yes', 'payment:maestro': 'yes',  'payment:visa_electron': 'yes', 'payment:mastercard_contactless': 'yes', 'payment:otp_bankpont': 'yes',  'payment:american_express': 'yes', 'payment:jcb': 'yes', 'payment:v_pay': 'yes',  'payment:unionpay': 'yes',  'payment:cash': 'yes', 'payment:gift_card': 'yes', 'payment:wire_transfer': 'yes', 'air_conditioning': 'yes'}",https://tesco.hu,hutescoext,tesco,False,False,2000.0,1100.0,
40,41,Tesco,shop,"{'shop': 'supermarket', 'wheelchair': 'yes', 'source:wheelchair': 'website',  'operator': 'TESCO-GLOBAL Áruházak Zrt.', 'operator:addr': '2040 Budaörs, Kinizsi út 1-3.', 'ref:HU:company': '13-10-040628', 'ref:vatin:hu': '10307078-2-44',  'ref:vatin': 'HU10307078', 'brand': 'Tesco', 'brand:wikipedia': 'hu:Tesco', 'brand:wikidata': 'Q487494',  'internet_access': 'wlan', 'internet_access:fee': 'no', 'internet_access:ssid': 'tesco-internet', 'contact:facebook': 'https://www.facebook.com/tescoaruhazak', 'contact:pinterest': 'https://www.pinterest.com/tescohungary/', 'contact:youtube': 'https://www.youtube.com/user/TescoMagyarorszag',  'loyalty_card': 'yes', 'payment:contactless': 'yes', 'payment:mastercard': 'yes', 'payment:visa': 'yes', 'payment:erzsebet': 'yes', 'payment:erzsebet_plus': 'yes', 'payment:edenred_voucher': 'yes', 'payment:edenred_card': 'yes', 'payment:otp_cafeteria': 'yes',  'payment:multipay': 'yes', 'payment:mastercard_electronic': 'yes', 'payment:maestro': 'yes',  'payment:visa_electron': 'yes', 'payment:mastercard_contactless': 'yes', 'payment:otp_bankpont': 'yes',  'payment:american_express': 'yes', 'payment:jcb': 'yes', 'payment:v_pay': 'yes',  'payment:unionpay': 'yes',  'payment:cash': 'yes', 'payment:gift_card': 'yes', 'payment:wire_transfer': 'yes', 'air_conditioning': 'yes'}",https://tesco.hu,hutescosup,tesco,False,False,2000.0,1100.0,
41,42,S-Market,shop,"{'shop': 'convenience', 'alt_name': 'Tesco Expressz', 'operator': 'TESCO-GLOBAL Áruházak Zrt.', 'operator:addr': '2040 Budaörs, Kinizsi út 1-3.', 'ref:HU:company': '13-10-040628', 'ref:vatin:hu': '10307078-2-44',  'ref:vatin': 'HU10307078', 'brand': 'Tesco', 'brand:wikipedia': 'hu:Tesco', 'brand:wikidata': 'Q487494',  'internet_access': 'wlan', 'internet_access:fee': 'no', 'internet_access:ssid': 'tesco-internet', 'contact:facebook': 'https://www.facebook.com/tescoaruhazak', 'contact:pinterest': 'https://www.pinterest.com/tescohungary/', 'contact:youtube': 'https://www.youtube.com/user/TescoMagyarorszag',  'loyalty_card': 'yes', 'payment:contactless': 'yes', 'payment:mastercard': 'yes', 'payment:visa': 'yes', 'payment:erzsebet': 'yes', 'payment:erzsebet_plus': 'yes', 'payment:edenred_voucher': 'yes', 'payment:edenred_card': 'yes', 'payment:otp_cafeteria': 'yes',  'payment:multipay': 'yes', 'payment:mastercard_electronic': 'yes', 'payment:maestro': 'yes',  'payment:visa_electron': 'yes', 'payment:mastercard_contactless': 'yes', 'payment:otp_bankpont': 'yes',  'payment:american_express': 'yes', 'payment:jcb': 'yes', 'payment:v_pay': 'yes',  'payment:unionpay': 'yes',  'payment:cash': 'yes', 'payment:gift_card': 'yes', 'payment:wire_transfer': 'yes', 'air_conditioning': 'yes'}",https://tesco.hu,husmrktexp,(tesco|smarket|s-market|s market),False,False,2000.0,200.0,
42,43,S-Market,shop,"{'shop': 'supermarket', 'wheelchair': 'yes', 'source:wheelchair': 'website',  'alt_name': 'Tesco', 'operator': 'TESCO-GLOBAL Áruházak Zrt.', 'operator:addr': '2040 Budaörs, Kinizsi út 1-3.', 'ref:HU:company': '13-10-040628', 'ref:vatin:hu': '10307078-2-44',  'ref:vatin': 'HU10307078', 'brand': 'Tesco', 'brand:wikipedia': 'hu:Tesco', 'brand:wikidata': 'Q487494',  'internet_access': 'wlan', 'internet_access:fee': 'no', 'internet_access:ssid': 'tesco-internet', 'contact:facebook': 'https://www.facebook.com/tescoaruhazak', 'contact:pinterest': 'https://www.pinterest.com/tescohungary/', 'contact:youtube': 'https://www.youtube.com/user/TescoMagyarorszag',  'loyalty_card': 'yes', 'payment:contactless': 'yes', 'payment:mastercard': 'yes', 'payment:visa': 'yes', 'payment:erzsebet': 'yes', 'payment:erzsebet_plus': 'yes', 'payment:edenred_voucher': 'yes', 'payment:edenred_card': 'yes', 'payment:otp_cafeteria': 'yes',  'payment:multipay': 'yes', 'payment:mastercard_electronic': 'yes', 'payment:maestro': 'yes',  'payment:visa_electron': 'yes', 'payment:mastercard_contactless': 'yes', 'payment:otp_bankpont': 'yes',  'payment:american_express': 'yes', 'payment:jcb': 'yes', 'payment:v_pay': 'yes',  'payment:unionpay': 'yes',  'payment:cash': 'yes', 'payment:gift_card': 'yes', 'payment:wire_transfer': 'yes', 'air_conditioning': 'yes'}",https://tesco.hu,husmrktsup,(tesco|smarket|s-market|s market),False,False,2000.0,200.0,
43,44,Tom Market,shop,"{'shop': 'convenience', 'name': 'Tom Market', 'contact:facebook': 'https://www.facebook.com/TOM.Market.Magyarorszag',  'payment:contactless': 'yes', 'payment:mastercard': 'yes', 'payment:visa': 'yes', 'payment:erzsebet': 'yes', 'payment:erzsebet_plus': 'yes', 'payment:edenred_voucher': 'yes', 'payment:edenred_card': 'yes', 'payment:otp_cafeteria': 'yes',  'payment:multipay': 'yes', 'payment:mastercard_electronic': 'yes', 'payment:maestro': 'yes',  'payment:visa_electron': 'yes', 'payment:mastercard_contactless': 'yes', 'payment:otp_bankpont': 'yes',  'payment:american_express': 'yes', 'payment:jcb': 'yes', 'payment:v_pay': 'yes',  'payment:unionpay': 'yes',  'payment:cash': 'yes', }",https://tommarket.hu,hutommacon,tom market|tommarket,False,False,2000.0,200.0,
44,45,Yves Rocher,cosmetics,"{'shop': 'cosmetics', 'operator': 'Yves Rocher Hungary Kft. ','brand': 'Yves Rocher', 'brand:wikidata': 'Q28496595', 'brand:wikipedia': 'en:Yves Rocher (company)', 'contact:email': 'vevoszolgalat@yrnet.com', 'contact:facebook': 'https://www.facebook.com/YvesRocherHungary/', 'contact:youtube': 'https://www.youtube.com/channel/UC6GA7lucPWgbNlC_MoomB9g', 'contact:instagram': 'https://www.instagram.com/yves_rocher_magyarorszag/', 'operator:addr': '1132 Budapest, Váci út 20-26.', 'ref:vatin': 'HU10618646', 'ref:vatin:hu': '10618646-2-41', 'ref:HU:company': '01-09-079930',  'payment:contactless': 'yes', 'payment:mastercard': 'yes', 'payment:visa': 'yes', 'payment:mastercard_electronic': 'yes', 'payment:maestro': 'yes',  'payment:visa_electron': 'yes', 'payment:mastercard_contactless': 'yes',  'payment:cash': 'yes', 'air_conditioning': 'yes'}",https://www.yves-rocher.hu/,huyvesrcos,yves rocher,False,False,2000.0,200.0,15.0
