,pa_id,poi_common_id,poi_branch,poi_addr_city,poi_postcode,poi_city,poi_addr_street,poi_addr_housenumber,poi_conscriptionnumber,poi_geom,original,poi_website,poi_ref,poi_phone,poi_email,poi_opening_hours_nonstop,poi_opening_hours_mo_open,poi_opening_hours_tu_open,poi_opening_hours_we_open,poi_opening_hours_th_open,poi_opening_hours_fr_open,poi_opening_hours_sa_open,poi_opening_hours_su_open,poi_opening_hours_mo_close,poi_opening_hours_tu_close,poi_opening_hours_we_close,poi_opening_hours_th_close,poi_opening_hours_fr_close,poi_opening_hours_sa_close,poi_opening_hours_su_close,poi_hash,poi_created,poi_updated,poi_deleted,poi_lat,poi_lon,pc_id,poi_name,poi_type,poi_tags,poi_url_base,poi_code,osm_id,node,osm_version,osm_changeset,osm_timestamp,osm_nodes
5178,5337,21,DOMBÓVÁR,2728,7200,Dombóvár,Juhász Gy. utca,2,,POINT (46.38624 18.14099),JUHÁSZ GY. U. 2,,,3674467374.0,,True,,,,,,,,,,,,,,,,2018-06-16 09:05:21.136434+00:00,,,46.38624,18.14099,21,Shell,fuel,"{'amenity': 'fuel', 'brand': 'Shell', 'payment:cash': 'yes', 'payment:debit_cards': 'yes', 'fuel:diesel': 'yes', 'fuel:octane_95': 'yes'}",https://www.shell.hu,hushellfu,,,,,,
5179,5319,21,MOHÁCS II,3019,7700,Mohács,,,,POINT (45.997221 18.667547),57. SZÁMÚ FÕÚT,,,3669510037.0,,False,06:00:00,06:00:00,06:00:00,06:00:00,06:00:00,06:00:00,06:00:00,22:00:00,22:00:00,22:00:00,22:00:00,22:00:00,22:00:00,22:00:00,,2018-06-16 09:05:21.136434+00:00,,,45.997221,18.667547,21,Shell,fuel,"{'amenity': 'fuel', 'brand': 'Shell', 'payment:cash': 'yes', 'payment:debit_cards': 'yes', 'fuel:diesel': 'yes', 'fuel:octane_95': 'yes'}",https://www.shell.hu,hushellfu,,,,,,
5180,5320,21,SZIGETVÁR,3173,7900,Szigetvár,József a. utca,,,POINT (46.048491 17.823713),JÓZSEF A. U.,,,3673510075.0,,True,,,,,,,,,,,,,,,,2018-06-16 09:05:21.136434+00:00,,,46.048491,17.823713,21,Shell,fuel,"{'amenity': 'fuel', 'brand': 'Shell', 'payment:cash': 'yes', 'payment:debit_cards': 'yes', 'fuel:diesel': 'yes', 'fuel:octane_95': 'yes'}",https://www.shell.hu,hushellfu,,,,,,
5181,5321,21,PÉCS III.,2970,7632,Pécs,Siklósi út,66,,POINT (46.054082 18.230749),SIKLÓSI ÚT 66.,,,3672438437.0,,True,,,,,,,,,,,,,,,,2018-06-16 09:05:21.136434+00:00,,,46.054082,18.230749,21,Shell,fuel,"{'amenity': 'fuel', 'brand': 'Shell', 'payment:cash': 'yes', 'payment:debit_cards': 'yes', 'fuel:diesel': 'yes', 'fuel:octane_95': 'yes'}",https://www.shell.hu,hushellfu,,,,,,
5182,5322,21,PÉCS V.,2960,7622,Pécs,Zsolnay V. utca,4,,POINT (46.075038 18.241582),ZSOLNAY V. U. 4,,,3672211980.0,,True,,,,,,,,,,,,,,,,2018-06-16 09:05:21.136434+00:00,,,46.075038,18.241582,21,Shell,fuel,"{'amenity': 'fuel', 'brand': 'Shell', 'payment:cash': 'yes', 'payment:debit_cards': 'yes', 'fuel:diesel': 'yes', 'fuel:octane_95': 'yes'}",https://www.shell.hu,hushellfu,,,,,,
5183,5323,21,PÉCS IV.,2968,7630,Pécs,Zsolnay V. utca,41-43,,POINT (46.079617 18.253785),ZSOLNAY V. U. 41-43,,,3672224600.0,,False,06:00:00,06:00:00,06:00:00,06:00:00,06:00:00,06:00:00,06:00:00,22:00:00,22:00:00,22:00:00,22:00:00,22:00:00,22:00:00,22:00:00,,2018-06-16 09:05:21.136434+00:00,,,46.079617,18.253785,21,Shell,fuel,"{'amenity': 'fuel', 'brand': 'Shell', 'payment:cash': 'yes', 'payment:debit_cards': 'yes', 'fuel:diesel': 'yes', 'fuel:octane_95': 'yes'}",https://www.shell.hu,hushellfu,,,,,,
5184,5324,21,PÉCS VI 574,2968,7630,Pécs,Budai vám,1,,POINT (46.084406 18.268648),BUDAI VÁM 1,,,3672711237.0,,False,06:00:00,06:00:00,06:00:00,06:00:00,06:00:00,06:00:00,06:00:00,22:00:00,22:00:00,22:00:00,22:00:00,22:00:00,22:00:00,22:00:00,,2018-06-16 09:05:21.136434+00:00,,,46.084406,18.268648000000002,21,Shell,fuel,"{'amenity': 'fuel', 'brand': 'Shell', 'payment:cash': 'yes', 'payment:debit_cards': 'yes', 'fuel:diesel': 'yes', 'fuel:octane_95': 'yes'}",https://www.shell.hu,hushellfu,,,,,,
5185,5325,21,BAJA II.,2488,6500,Baja,Dózsa György út,13,,POINT (46.187143 18.953119),DÓZSA GYÖRGY ÚT 13,,,3679428096.0,,True,,,,,,,,,,,,,,,,2018-06-16 09:05:21.136434+00:00,,,46.187143,18.953119,21,Shell,fuel,"{'amenity': 'fuel', 'brand': 'Shell', 'payment:cash': 'yes', 'payment:debit_cards': 'yes', 'fuel:diesel': 'yes', 'fuel:octane_95': 'yes'}",https://www.shell.hu,hushellfu,,,,,,
5186,5326,21,KOMLÓ 545,2770,7300,Komló,Kossuth Lajos utca,54-56,,POINT (46.192473 18.25682),KOSSUTH L. U. 54-56,,,3672731003.0,,False,06:00:00,06:00:00,06:00:00,06:00:00,06:00:00,06:00:00,06:00:00,22:00:00,22:00:00,22:00:00,22:00:00,22:00:00,22:00:00,22:00:00,,2018-06-16 09:05:21.136434+00:00,,,46.192473,18.25682,21,Shell,fuel,"{'amenity': 'fuel', 'brand': 'Shell', 'payment:cash': 'yes', 'payment:debit_cards': 'yes', 'fuel:diesel': 'yes', 'fuel:octane_95': 'yes'}",https://www.shell.hu,hushellfu,,,,,,
5187,5327,21,BAJA I,2488,6500,Baja,Dózsa György út,126-130,,POINT (46.194389 18.950869),DÓZSA GYÖRGY ÚT 126-130,,,3679522680.0,,True,,,,,,,,,,,,,,,,2018-06-16 09:05:21.136434+00:00,,,46.194389,18.950869,21,Shell,fuel,"{'amenity': 'fuel', 'brand': 'Shell', 'payment:cash': 'yes', 'payment:debit_cards': 'yes', 'fuel:diesel': 'yes', 'fuel:octane_95': 'yes'}",https://www.shell.hu,hushellfu,,,,,,
5188,5328,21,MAKÓ II 572,2598,6900,Makó,Aradi utca,103,,POINT (46.216227 20.502021),ARADI UTCA 103,,,3662510044.0,,False,06:00:00,06:00:00,06:00:00,06:00:00,06:00:00,06:00:00,06:00:00,22:00:00,22:00:00,22:00:00,22:00:00,22:00:00,22:00:00,22:00:00,,2018-06-16 09:05:21.136434+00:00,,,46.216227,20.502021,21,Shell,fuel,"{'amenity': 'fuel', 'brand': 'Shell', 'payment:cash': 'yes', 'payment:debit_cards': 'yes', 'fuel:diesel': 'yes', 'fuel:octane_95': 'yes'}",https://www.shell.hu,hushellfu,,,,,,
5189,5329,21,MAKÓ,2598,6900,Makó,Aradi utca,117,,POINT (46.216772 20.50707),ARADI U. 117,,,3662510372.0,,True,,,,,,,,,,,,,,,,2018-06-16 09:05:21.136434+00:00,,,46.216772,20.507070000000002,21,Shell,fuel,"{'amenity': 'fuel', 'brand': 'Shell', 'payment:cash': 'yes', 'payment:debit_cards': 'yes', 'fuel:diesel': 'yes', 'fuel:octane_95': 'yes'}",https://www.shell.hu,hushellfu,,,,,,
5190,5331,21,SZEGED I.,2544,6725,Szeged,Szabadkai út,7,,POINT (46.241283 20.121802),SZABADKAI ÚT 7,,,3662548605.0,,True,,,,,,,,,,,,,,,,2018-06-16 09:05:21.136434+00:00,,,46.241283,20.121802,21,Shell,fuel,"{'amenity': 'fuel', 'brand': 'Shell', 'payment:cash': 'yes', 'payment:debit_cards': 'yes', 'fuel:diesel': 'yes', 'fuel:octane_95': 'yes'}",https://www.shell.hu,hushellfu,,,,,,
5191,5332,21,SZEGED III.,2547,6728,Szeged,Bajai út,2-4,,POINT (46.254612 20.109212),BAJAI ÚT 2-4,,,3662465643.0,,False,06:00:00,06:00:00,06:00:00,06:00:00,06:00:00,06:00:00,06:00:00,22:00:00,22:00:00,22:00:00,22:00:00,22:00:00,22:00:00,22:00:00,,2018-06-16 09:05:21.136434+00:00,,,46.254612,20.109212,21,Shell,fuel,"{'amenity': 'fuel', 'brand': 'Shell', 'payment:cash': 'yes', 'payment:debit_cards': 'yes', 'fuel:diesel': 'yes', 'fuel:octane_95': 'yes'}",https://www.shell.hu,hushellfu,,,,,,
5192,5333,21,SZEGED IV.,2547,6728,Szeged,Budapesti út,8,,POINT (46.272205 20.102725),BUDAPESTI ÚT 8,,,3662464024.0,,True,,,,,,,,,,,,,,,,2018-06-16 09:05:21.136434+00:00,,,46.272205,20.102725,21,Shell,fuel,"{'amenity': 'fuel', 'brand': 'Shell', 'payment:cash': 'yes', 'payment:debit_cards': 'yes', 'fuel:diesel': 'yes', 'fuel:octane_95': 'yes'}",https://www.shell.hu,hushellfu,,,,,,
5193,5334,21,SZEGED II.,2546,6727,Szeged,Algyői út,67,,POINT (46.287632 20.172968),ALGYŐI ÚT 67.,,,3662540164.0,,True,,,,,,,,,,,,,,,,2018-06-16 09:05:21.136434+00:00,,,46.287632,20.172968,21,Shell,fuel,"{'amenity': 'fuel', 'brand': 'Shell', 'payment:cash': 'yes', 'payment:debit_cards': 'yes', 'fuel:diesel': 'yes', 'fuel:octane_95': 'yes'}",https://www.shell.hu,hushellfu,,,,,,
5194,5335,21,KAPOSVÁR II.,2829,7400,Kaposvár,Berzsenyi dániel utca,,,POINT (46.357701 17.783956),BERZSENYI DÁNIEL U.,,,3682510614.0,,True,,,,,,,,,,,,,,,,2018-06-16 09:05:21.136434+00:00,,,46.357701,17.783956,21,Shell,fuel,"{'amenity': 'fuel', 'brand': 'Shell', 'payment:cash': 'yes', 'payment:debit_cards': 'yes', 'fuel:diesel': 'yes', 'fuel:octane_95': 'yes'}",https://www.shell.hu,hushellfu,,,,,,
5195,5336,21,SZEKSZÁRD III.,2676,7100,Szekszárd,Palánki utca,2,,POINT (46.366139 18.705929),PALÁNKI U. 2,,,3674311828.0,,True,,,,,,,,,,,,,,,,2018-06-16 09:05:21.136434+00:00,,,46.366139000000004,18.705929,21,Shell,fuel,"{'amenity': 'fuel', 'brand': 'Shell', 'payment:cash': 'yes', 'payment:debit_cards': 'yes', 'fuel:diesel': 'yes', 'fuel:octane_95': 'yes'}",https://www.shell.hu,hushellfu,,,,,,
5196,5338,21,HÓDMEZŐV. II 559,0,6800,Hódmezovásárhely,Hódtó utca,17-19,,POINT (46.411331 20.331189),HÓDTÓ UTCA 17-19,,,308446853.0,,True,,,,,,,,,,,,,,,,2018-06-16 09:05:21.136434+00:00,,,46.411331,20.331189000000002,21,Shell,fuel,"{'amenity': 'fuel', 'brand': 'Shell', 'payment:cash': 'yes', 'payment:debit_cards': 'yes', 'fuel:diesel': 'yes', 'fuel:octane_95': 'yes'}",https://www.shell.hu,hushellfu,,,,,,
5197,5339,21,KISKUNHALAS II.,2460,6400,Kiskunhalas,Kárpát utca,9,,POINT (46.43471 19.486537),KÁRPÁT U. 9,,,3677421798.0,,True,,,,,,,,,,,,,,,,2018-06-16 09:05:21.136434+00:00,,,46.434709999999995,19.486537,21,Shell,fuel,"{'amenity': 'fuel', 'brand': 'Shell', 'payment:cash': 'yes', 'payment:debit_cards': 'yes', 'fuel:diesel': 'yes', 'fuel:octane_95': 'yes'}",https://www.shell.hu,hushellfu,,,,,,
5198,5340,21,NAGYKANIZSA I.,3817,8800,Nagykanizsa,Balatoni út,183,,POINT (46.462175 17.009867),BALATONI ÚT 1839/13,,,3693310599.0,,True,,,,,,,,,,,,,,,,2018-06-16 09:05:21.136434+00:00,,,46.462175,17.009867,21,Shell,fuel,"{'amenity': 'fuel', 'brand': 'Shell', 'payment:cash': 'yes', 'payment:debit_cards': 'yes', 'fuel:diesel': 'yes', 'fuel:octane_95': 'yes'}",https://www.shell.hu,hushellfu,,,,,,
5199,5341,21,NAGYKAN. III 555,3817,8800,Nagykanizsa,Boszorkány utca,2,,POINT (46.463074 17.012396),BOSZORKÁNY UTCA 2,,,3693516320.0,,False,06:00:00,06:00:00,06:00:00,06:00:00,06:00:00,06:00:00,06:00:00,22:00:00,22:00:00,22:00:00,22:00:00,22:00:00,22:00:00,22:00:00,,2018-06-16 09:05:21.136434+00:00,,,46.463074,17.012396,21,Shell,fuel,"{'amenity': 'fuel', 'brand': 'Shell', 'payment:cash': 'yes', 'payment:debit_cards': 'yes', 'fuel:diesel': 'yes', 'fuel:octane_95': 'yes'}",https://www.shell.hu,hushellfu,,,,,,
5200,5342,21,KALOCSA 557,2432,6300,Kalocsa,Bátyai út,8-10,,POINT (46.520599 18.979328),BÁTYAI ÚT 8-10,,,3678700511.0,,True,,,,,,,,,,,,,,,,2018-06-16 09:05:21.136434+00:00,,,46.520599,18.979328,21,Shell,fuel,"{'amenity': 'fuel', 'brand': 'Shell', 'payment:cash': 'yes', 'payment:debit_cards': 'yes', 'fuel:diesel': 'yes', 'fuel:octane_95': 'yes'}",https://www.shell.hu,hushellfu,,,,,,
5201,5343,21,OROSHÁZA II 576,2339,5900,Orosháza,Vásárhelyi út,23/a,,POINT (46.549397 20.648149),VÁSÁRHELYI ÚT 23/A,,,309026938.0,,False,06:00:00,06:00:00,06:00:00,06:00:00,06:00:00,06:00:00,06:00:00,22:00:00,22:00:00,22:00:00,22:00:00,22:00:00,22:00:00,22:00:00,,2018-06-16 09:05:21.136434+00:00,,,46.549397,20.648149,21,Shell,fuel,"{'amenity': 'fuel', 'brand': 'Shell', 'payment:cash': 'yes', 'payment:debit_cards': 'yes', 'fuel:diesel': 'yes', 'fuel:octane_95': 'yes'}",https://www.shell.hu,hushellfu,,,,,,
5202,5345,21,SZENTES,2502,6600,Szentes,Vásárhelyi út,110,,POINT (46.640527 20.268249),VÁSÁRHELYI ÚT 110,,,3663311212.0,,True,,,,,,,,,,,,,,,,2018-06-16 09:05:21.136434+00:00,,,46.640527,20.268248999999997,21,Shell,fuel,"{'amenity': 'fuel', 'brand': 'Shell', 'payment:cash': 'yes', 'payment:debit_cards': 'yes', 'fuel:diesel': 'yes', 'fuel:octane_95': 'yes'}",https://www.shell.hu,hushellfu,,,,,,
5203,5346,21,GYULA,2309,5700,Gyula,csabai út,,,POINT (46.640862 21.262971),CSABAI ÚT,,,3666463170.0,,True,,,,,,,,,,,,,,,,2018-06-16 09:05:21.136434+00:00,,,46.640862,21.262971,21,Shell,fuel,"{'amenity': 'fuel', 'brand': 'Shell', 'payment:cash': 'yes', 'payment:debit_cards': 'yes', 'fuel:diesel': 'yes', 'fuel:octane_95': 'yes'}",https://www.shell.hu,hushellfu,,,,,,
5204,5347,21,M7 BALATONKERESZTÚR B,3670,8648,Balatonkeresztúr,M7 Autópálya 167 Km. bal oldal,,,POINT (46.683486 17.37886),M7 AUTÓPÁLYA 167 KM. BAL OLDAL,,,3685702019.0,,True,,,,,,,,,,,,,,,,2018-06-16 09:05:21.136434+00:00,,,46.683486,17.37886,21,Shell,fuel,"{'amenity': 'fuel', 'brand': 'Shell', 'payment:cash': 'yes', 'payment:debit_cards': 'yes', 'fuel:diesel': 'yes', 'fuel:octane_95': 'yes'}",https://www.shell.hu,hushellfu,,,,,,
5205,5348,21,M7 BALATONKERESZTÚR A,3670,8648,Balatonkeresztúr,M7 Autópálya 167 Km. jobb oldal,,,POINT (46.68535900000001 17.380161),M7 AUTÓPÁLYA 167 KM. JOBB OLDAL,,,3685702041.0,,True,,,,,,,,,,,,,,,,2018-06-16 09:05:21.136434+00:00,,,46.685359000000005,17.380160999999998,21,Shell,fuel,"{'amenity': 'fuel', 'brand': 'Shell', 'payment:cash': 'yes', 'payment:debit_cards': 'yes', 'fuel:diesel': 'yes', 'fuel:octane_95': 'yes'}",https://www.shell.hu,hushellfu,,,,,,
5206,5349,21,KISKUNFÉL II 560,2401,6100,Kiskunfélegyháza,Ix. körzet,8/b,,POINT (46.689781 19.849985),IX. KÖRZET 8/B,,,3676712023.0,,False,06:00:00,06:00:00,06:00:00,06:00:00,06:00:00,06:00:00,06:00:00,22:00:00,22:00:00,22:00:00,22:00:00,22:00:00,22:00:00,22:00:00,,2018-06-16 09:05:21.136434+00:00,,,46.689780999999996,19.849985,21,Shell,fuel,"{'amenity': 'fuel', 'brand': 'Shell', 'payment:cash': 'yes', 'payment:debit_cards': 'yes', 'fuel:diesel': 'yes', 'fuel:octane_95': 'yes'}",https://www.shell.hu,hushellfu,,,,,,
5207,5350,21,BÉKÉSCSABA I.,2275,5600,Békéscsaba,Berényi út,121,,POINT (46.695815 21.073515),BERÉNYI ÚT 121,,,3666326430.0,,True,,,,,,,,,,,,,,,,2018-06-16 09:05:21.136434+00:00,,,46.695815,21.073515,21,Shell,fuel,"{'amenity': 'fuel', 'brand': 'Shell', 'payment:cash': 'yes', 'payment:debit_cards': 'yes', 'fuel:diesel': 'yes', 'fuel:octane_95': 'yes'}",https://www.shell.hu,hushellfu,,,,,,
5208,5351,21,KISKUNFÉLEGYHÁZA I.,2401,6100,Kiskunfélegyháza,szegedi út,,,POINT (46.70269 19.849752),SZEGEDI ÚT,,,3676560036.0,,False,06:00:00,06:00:00,06:00:00,06:00:00,06:00:00,06:00:00,06:00:00,22:00:00,22:00:00,22:00:00,22:00:00,22:00:00,22:00:00,22:00:00,,2018-06-16 09:05:21.136434+00:00,,,46.702690000000004,19.849752,21,Shell,fuel,"{'amenity': 'fuel', 'brand': 'Shell', 'payment:cash': 'yes', 'payment:debit_cards': 'yes', 'fuel:diesel': 'yes', 'fuel:octane_95': 'yes'}",https://www.shell.hu,hushellfu,,,,,,
5209,5352,21,BÉKÉS,2290,5630,Békés,csabai út,,,POINT (46.756526 21.124434),CSABAI ÚT,,,3666510830.0,,False,06:00:00,06:00:00,06:00:00,06:00:00,06:00:00,06:00:00,06:00:00,22:00:00,22:00:00,22:00:00,22:00:00,22:00:00,22:00:00,22:00:00,,2018-06-16 09:05:21.136434+00:00,,,46.756526,21.124434,21,Shell,fuel,"{'amenity': 'fuel', 'brand': 'Shell', 'payment:cash': 'yes', 'payment:debit_cards': 'yes', 'fuel:diesel': 'yes', 'fuel:octane_95': 'yes'}",https://www.shell.hu,hushellfu,,,,,,
5210,5353,21,BALATONBOGL. 586,3659,8630,Balatonboglár,Klapka utca,32,,POINT (46.767553 17.654967),KLAPKA UTCA 32,,,3685700358.0,,False,06:00:00,06:00:00,06:00:00,06:00:00,06:00:00,06:00:00,06:00:00,22:00:00,22:00:00,22:00:00,22:00:00,22:00:00,22:00:00,22:00:00,,2018-06-16 09:05:21.136434+00:00,,,46.767553,17.654967000000003,21,Shell,fuel,"{'amenity': 'fuel', 'brand': 'Shell', 'payment:cash': 'yes', 'payment:debit_cards': 'yes', 'fuel:diesel': 'yes', 'fuel:octane_95': 'yes'}",https://www.shell.hu,hushellfu,,,,,,
5211,5354,21,KESZTHELY II 578,3479,8360,Keszthely,Csapás utca,27,,POINT (46.77824 17.262596),CSAPÁS UTCA 27,,,3683510178.0,,False,06:00:00,06:00:00,06:00:00,06:00:00,06:00:00,06:00:00,06:00:00,22:00:00,22:00:00,22:00:00,22:00:00,22:00:00,22:00:00,22:00:00,,2018-06-16 09:05:21.136434+00:00,,,46.778240000000004,17.262596,21,Shell,fuel,"{'amenity': 'fuel', 'brand': 'Shell', 'payment:cash': 'yes', 'payment:debit_cards': 'yes', 'fuel:diesel': 'yes', 'fuel:octane_95': 'yes'}",https://www.shell.hu,hushellfu,,,,,,
5212,5355,21,DUNAFÖLDVÁR,2628,7020,Dunaföldvár,előszállási út,,,POINT (46.813674 18.908149),ELŐSZÁLLÁSI ÚT,,,3675541110.0,,True,,,,,,,,,,,,,,,,2018-06-16 09:05:21.136434+00:00,,,46.813674,18.908148999999998,21,Shell,fuel,"{'amenity': 'fuel', 'brand': 'Shell', 'payment:cash': 'yes', 'payment:debit_cards': 'yes', 'fuel:diesel': 'yes', 'fuel:octane_95': 'yes'}",https://www.shell.hu,hushellfu,,,,,,
5213,5356,21,ZALAEGERSZEG II.,3887,8900,Zalaegerszeg,Balatoni utca,8/a,,POINT (46.844628 16.864809),BALATONI U. 8/A,,,3692596618.0,,True,,,,,,,,,,,,,,,,2018-06-16 09:05:21.136434+00:00,,,46.844628,16.864809,21,Shell,fuel,"{'amenity': 'fuel', 'brand': 'Shell', 'payment:cash': 'yes', 'payment:debit_cards': 'yes', 'fuel:diesel': 'yes', 'fuel:octane_95': 'yes'}",https://www.shell.hu,hushellfu,,,,,,
5214,5358,21,SZARVAS II 563,2267,5540,Szarvas,Csabai út,9,,POINT (46.854017 20.573782),CSABAI ÚT 9,,,3666210081.0,,False,06:00:00,06:00:00,06:00:00,06:00:00,06:00:00,06:00:00,06:00:00,22:00:00,22:00:00,22:00:00,22:00:00,22:00:00,22:00:00,22:00:00,,2018-06-16 09:05:21.136434+00:00,,,46.854017,20.573782,21,Shell,fuel,"{'amenity': 'fuel', 'brand': 'Shell', 'payment:cash': 'yes', 'payment:debit_cards': 'yes', 'fuel:diesel': 'yes', 'fuel:octane_95': 'yes'}",https://www.shell.hu,hushellfu,,,,,,
5215,5359,21,ZALAEGERSZEG I.,3887,8900,Zalaegerszeg,Hock j. utca,,,POINT (46.85467199999999 16.806196),HOCK J. U.,,,3692596160.0,,True,,,,,,,,,,,,,,,,2018-06-16 09:05:21.136434+00:00,,,46.854671999999994,16.806196,21,Shell,fuel,"{'amenity': 'fuel', 'brand': 'Shell', 'payment:cash': 'yes', 'payment:debit_cards': 'yes', 'fuel:diesel': 'yes', 'fuel:octane_95': 'yes'}",https://www.shell.hu,hushellfu,,,,,,
5216,5360,21,TAPOLCA 558,3431,8300,Tapolca,Veszprémi út,5,,POINT (46.8793 17.45493),VESZPRÉMI ÚT 5,,,3687709009.0,,False,06:00:00,06:00:00,06:00:00,06:00:00,06:00:00,06:00:00,06:00:00,22:00:00,22:00:00,22:00:00,22:00:00,22:00:00,22:00:00,22:00:00,,2018-06-16 09:05:21.136434+00:00,,,46.8793,17.454929999999997,21,Shell,fuel,"{'amenity': 'fuel', 'brand': 'Shell', 'payment:cash': 'yes', 'payment:debit_cards': 'yes', 'fuel:diesel': 'yes', 'fuel:octane_95': 'yes'}",https://www.shell.hu,hushellfu,,,,,,
5217,5361,21,KECSKEMÉT I.,2354,6000,Kecskemét,Kiskunfélegyházi út,50,,POINT (46.88187 19.707173),KISKUNFÉLEGYHÁZI ÚT 50,,,3676481764.0,,True,,,,,,,,,,,,,,,,2018-06-16 09:05:21.136434+00:00,,,46.88187,19.707173,21,Shell,fuel,"{'amenity': 'fuel', 'brand': 'Shell', 'payment:cash': 'yes', 'payment:debit_cards': 'yes', 'fuel:diesel': 'yes', 'fuel:octane_95': 'yes'}",https://www.shell.hu,hushellfu,,,,,,
5218,5362,21,SIÓFOK II 549,3644,8611,Siófok,Vak B. utca,29,,POINT (46.892625 18.059087),VAK B. UTCA 29,,,3684522057.0,,True,,,,,,,,,,,,,,,,2018-06-16 09:05:21.136434+00:00,,,46.892625,18.059086999999998,21,Shell,fuel,"{'amenity': 'fuel', 'brand': 'Shell', 'payment:cash': 'yes', 'payment:debit_cards': 'yes', 'fuel:diesel': 'yes', 'fuel:octane_95': 'yes'}",https://www.shell.hu,hushellfu,,,,,,
5219,5363,21,KECSKEMÉT IV.,2354,6000,Kecskemét,Izsáki út,4,,POINT (46.89922199999999 19.675749),IZSÁKI ÚT 4,,,3676505347.0,,True,,,,,,,,,,,,,,,,2018-06-16 09:05:21.136434+00:00,,,46.899221999999995,19.675749,21,Shell,fuel,"{'amenity': 'fuel', 'brand': 'Shell', 'payment:cash': 'yes', 'payment:debit_cards': 'yes', 'fuel:diesel': 'yes', 'fuel:octane_95': 'yes'}",https://www.shell.hu,hushellfu,,,,,,
5220,5364,21,KECSKEMÉT III.,2354,6000,Kecskemét,Bethlen körút,57-61,,POINT (46.918619 19.688668),BETHLEN KRT. 57-61,,,3676410578.0,,False,06:00:00,06:00:00,06:00:00,06:00:00,06:00:00,06:00:00,06:00:00,22:00:00,22:00:00,22:00:00,22:00:00,22:00:00,22:00:00,22:00:00,,2018-06-16 09:05:21.136434+00:00,,,46.918619,19.688668,21,Shell,fuel,"{'amenity': 'fuel', 'brand': 'Shell', 'payment:cash': 'yes', 'payment:debit_cards': 'yes', 'fuel:diesel': 'yes', 'fuel:octane_95': 'yes'}",https://www.shell.hu,hushellfu,,,,,,
5221,5365,21,KECSKEMÉT V 569,2354,6000,Kecskemét,Talfája utca,1,,POINT (46.931487 19.66446),TALFÁJA UTCA 1,,,3676701418.0,,False,06:00:00,06:00:00,06:00:00,06:00:00,06:00:00,06:00:00,06:00:00,22:00:00,22:00:00,22:00:00,22:00:00,22:00:00,22:00:00,22:00:00,,2018-06-16 09:05:21.136434+00:00,,,46.931487,19.664460000000002,21,Shell,fuel,"{'amenity': 'fuel', 'brand': 'Shell', 'payment:cash': 'yes', 'payment:debit_cards': 'yes', 'fuel:diesel': 'yes', 'fuel:octane_95': 'yes'}",https://www.shell.hu,hushellfu,,,,,,
5222,5366,21,BALATONFÜRED,3372,8230,Balatonfüred,széchenyi út,,,POINT (46.949723 17.882352),SZÉCHENYI ÚT,,,3687580554.0,,True,,,,,,,,,,,,,,,,2018-06-16 09:05:21.136434+00:00,,,46.949723,17.882351999999997,21,Shell,fuel,"{'amenity': 'fuel', 'brand': 'Shell', 'payment:cash': 'yes', 'payment:debit_cards': 'yes', 'fuel:diesel': 'yes', 'fuel:octane_95': 'yes'}",https://www.shell.hu,hushellfu,,,,,,
5223,5367,21,DUNAÚJVÁROS,801,2400,Dunaújváros,Arany J. utca,1,,POINT (46.97368 18.92818),ARANY J. U. 1,,,3625281081.0,,True,,,,,,,,,,,,,,,,2018-06-16 09:05:21.136434+00:00,,,46.97368,18.928179999999998,21,Shell,fuel,"{'amenity': 'fuel', 'brand': 'Shell', 'payment:cash': 'yes', 'payment:debit_cards': 'yes', 'fuel:diesel': 'yes', 'fuel:octane_95': 'yes'}",https://www.shell.hu,hushellfu,,,,,,
5224,5369,21,SÜMEG,3452,8330,Sümeg,84-es főút,,,POINT (46.98566 17.283937),84-ES FŐÚT,,,3687550035.0,,True,,,,,,,,,,,,,,,,2018-06-16 09:05:21.136434+00:00,,,46.985659999999996,17.283936999999998,21,Shell,fuel,"{'amenity': 'fuel', 'brand': 'Shell', 'payment:cash': 'yes', 'payment:debit_cards': 'yes', 'fuel:diesel': 'yes', 'fuel:octane_95': 'yes'}",https://www.shell.hu,hushellfu,,,,,,
5225,5370,21,KÖRMEND,4449,9900,Körmend,Rákóczi utca,124,,POINT (47.009923 16.583371),RÁKÓCZI U. 124,,,3694594042.0,,True,,,,,,,,,,,,,,,,2018-06-16 09:05:21.136434+00:00,,,47.009923,16.583371,21,Shell,fuel,"{'amenity': 'fuel', 'brand': 'Shell', 'payment:cash': 'yes', 'payment:debit_cards': 'yes', 'fuel:diesel': 'yes', 'fuel:octane_95': 'yes'}",https://www.shell.hu,hushellfu,,,,,,
5226,5371,21,SZEGHALOM,2256,5520,Szeghalom,Kinizsi utca,12-14,,POINT (47.01472800000001 21.149974),KINIZSI U. 12-14,,,3666371704.0,,True,,,,,,,,,,,,,,,,2018-06-16 09:05:21.136434+00:00,,,47.014728000000005,21.149974,21,Shell,fuel,"{'amenity': 'fuel', 'brand': 'Shell', 'payment:cash': 'yes', 'payment:debit_cards': 'yes', 'fuel:diesel': 'yes', 'fuel:octane_95': 'yes'}",https://www.shell.hu,hushellfu,,,,,,
5227,5372,21,LAJOSMIZSE  (K/BAL).,2377,6050,Lajosmizse,M5 autópálya,67,,POINT (47.0412 19.566824),M5 AUTÓPÁLYA 67. KM KELET,,,3676555016.0,,True,,,,,,,,,,,,,,,,2018-06-16 09:05:21.136434+00:00,,,47.0412,19.566824,21,Shell,fuel,"{'amenity': 'fuel', 'brand': 'Shell', 'payment:cash': 'yes', 'payment:debit_cards': 'yes', 'fuel:diesel': 'yes', 'fuel:octane_95': 'yes'}",https://www.shell.hu,hushellfu,,,,,,
5228,5373,21,VESZPRÉM II.,3355,8200,Veszprém,Almádi út,7,,POINT (47.085854 17.920128),ALMÁDI ÚT. 7/1,,,3688564890.0,,True,,,,,,,,,,,,,,,,2018-06-16 09:05:21.136434+00:00,,,47.085854,17.920128,21,Shell,fuel,"{'amenity': 'fuel', 'brand': 'Shell', 'payment:cash': 'yes', 'payment:debit_cards': 'yes', 'fuel:diesel': 'yes', 'fuel:octane_95': 'yes'}",https://www.shell.hu,hushellfu,,,,,,
5229,5374,21,VESZPRÉM III 541,3355,8200,Veszprém,Külső-kádártai utca,3,,POINT (47.104309 17.931935),KÜLSŐ-KÁDÁRTAI UTCA 3,,,308468499.0,,True,,,,,,,,,,,,,,,,2018-06-16 09:05:21.136434+00:00,,,47.104309,17.931935,21,Shell,fuel,"{'amenity': 'fuel', 'brand': 'Shell', 'payment:cash': 'yes', 'payment:debit_cards': 'yes', 'fuel:diesel': 'yes', 'fuel:octane_95': 'yes'}",https://www.shell.hu,hushellfu,,,,,,
5230,5375,21,AJKA 542,3494,8400,Ajka,Fő út,66,,POINT (47.113521 17.549561),FŐ ÚT 66,,,305874385.0,,False,06:00:00,06:00:00,06:00:00,06:00:00,06:00:00,06:00:00,06:00:00,22:00:00,22:00:00,22:00:00,22:00:00,22:00:00,22:00:00,22:00:00,,2018-06-16 09:05:21.136434+00:00,,,47.113521,17.549560999999997,21,Shell,fuel,"{'amenity': 'fuel', 'brand': 'Shell', 'payment:cash': 'yes', 'payment:debit_cards': 'yes', 'fuel:diesel': 'yes', 'fuel:octane_95': 'yes'}",https://www.shell.hu,hushellfu,,,,,,
5231,5376,21,HEREND.,3529,8440,Herend,8 sz. főút,,,POINT (47.128979 17.755958),8 SZ. FŐÚT,,,3688261110.0,,True,,,,,,,,,,,,,,,,2018-06-16 09:05:21.136434+00:00,,,47.128979,17.755958,21,Shell,fuel,"{'amenity': 'fuel', 'brand': 'Shell', 'payment:cash': 'yes', 'payment:debit_cards': 'yes', 'fuel:diesel': 'yes', 'fuel:octane_95': 'yes'}",https://www.shell.hu,hushellfu,,,,,,
5232,5377,21,SZOLNOK II,2136,5000,Szolnok,Tószegi út,5/a,,POINT (47.160647 20.173824),TÓSZEGI ÚT 5/A,,,3656521450.0,,True,,,,,,,,,,,,,,,,2018-06-16 09:05:21.136434+00:00,,,47.160647,20.173824,21,Shell,fuel,"{'amenity': 'fuel', 'brand': 'Shell', 'payment:cash': 'yes', 'payment:debit_cards': 'yes', 'fuel:diesel': 'yes', 'fuel:octane_95': 'yes'}",https://www.shell.hu,hushellfu,,,,,,
5233,5378,21,SZAJOL,2159,5081,Szajol,4-es főút,103,,POINT (47.162975 20.248951),4-ES FŐÚT 103 KMSZ,,,3656711004.0,,True,,,,,,,,,,,,,,,,2018-06-16 09:05:21.136434+00:00,,,47.162975,20.248951,21,Shell,fuel,"{'amenity': 'fuel', 'brand': 'Shell', 'payment:cash': 'yes', 'payment:debit_cards': 'yes', 'fuel:diesel': 'yes', 'fuel:octane_95': 'yes'}",https://www.shell.hu,hushellfu,,,,,,
5234,5379,21,TÖRÖKSZENTMIKLÓS,2189,5200,Törökszentmiklós,Kossuth Lajos utca,137,,POINT (47.173405 20.379346),KOSSUTH L. U. 137,,,3656391730.0,,True,,,,,,,,,,,,,,,,2018-06-16 09:05:21.136434+00:00,,,47.173404999999995,20.379345999999998,21,Shell,fuel,"{'amenity': 'fuel', 'brand': 'Shell', 'payment:cash': 'yes', 'payment:debit_cards': 'yes', 'fuel:diesel': 'yes', 'fuel:octane_95': 'yes'}",https://www.shell.hu,hushellfu,,,,,,
5235,5380,21,SZÉKESFEHÉRVÁR M7 B.,3254,8000,Székesfehérvár,,,,POINT (47.175849 18.47655),M-7.59 KMSZ.B.OLD.,,,3622505105.0,,True,,,,,,,,,,,,,,,,2018-06-16 09:05:21.136434+00:00,,,47.175849,18.47655,21,Shell,fuel,"{'amenity': 'fuel', 'brand': 'Shell', 'payment:cash': 'yes', 'payment:debit_cards': 'yes', 'fuel:diesel': 'yes', 'fuel:octane_95': 'yes'}",https://www.shell.hu,hushellfu,,,,,,
5236,5381,21,SZOLNOK,2136,5000,Szolnok,Hunyadi út,2-4,,POINT (47.17597199999999 20.181898),HUNYADI ÚT 2-4,,,3656427043.0,,True,,,,,,,,,,,,,,,,2018-06-16 09:05:21.136434+00:00,,,47.175971999999994,20.181898,21,Shell,fuel,"{'amenity': 'fuel', 'brand': 'Shell', 'payment:cash': 'yes', 'payment:debit_cards': 'yes', 'fuel:diesel': 'yes', 'fuel:octane_95': 'yes'}",https://www.shell.hu,hushellfu,,,,,,
5237,5382,21,SZOLNOK III 565,2136,5000,Szolnok,Téglagyári út,30,,POINT (47.176419 20.16619),TÉGLAGYÁRI ÚT 30,,,3656513144.0,,False,06:00:00,06:00:00,06:00:00,06:00:00,06:00:00,06:00:00,06:00:00,22:00:00,22:00:00,22:00:00,22:00:00,22:00:00,22:00:00,22:00:00,,2018-06-16 09:05:21.136434+00:00,,,47.176419,20.16619,21,Shell,fuel,"{'amenity': 'fuel', 'brand': 'Shell', 'payment:cash': 'yes', 'payment:debit_cards': 'yes', 'fuel:diesel': 'yes', 'fuel:octane_95': 'yes'}",https://www.shell.hu,hushellfu,,,,,,
5238,5383,21,SZÉKESFEHÉRVÁR IV.,3254,8000,Székesfehérvár,balatoni út,,,POINT (47.181797 18.4069),BALATONI ÚT,,,3622503710.0,,True,,,,,,,,,,,,,,,,2018-06-16 09:05:21.136434+00:00,,,47.181796999999996,18.4069,21,Shell,fuel,"{'amenity': 'fuel', 'brand': 'Shell', 'payment:cash': 'yes', 'payment:debit_cards': 'yes', 'fuel:diesel': 'yes', 'fuel:octane_95': 'yes'}",https://www.shell.hu,hushellfu,,,,,,
5239,5384,21,CEGLÉD I.,967,2700,Cegléd,Malomtószél utca,26,,POINT (47.182147 19.799924),MALOMTÓSZÉL U. 26,,,3653318678.0,,True,,,,,,,,,,,,,,,,2018-06-16 09:05:21.136434+00:00,,,47.182147,19.799924,21,Shell,fuel,"{'amenity': 'fuel', 'brand': 'Shell', 'payment:cash': 'yes', 'payment:debit_cards': 'yes', 'fuel:diesel': 'yes', 'fuel:octane_95': 'yes'}",https://www.shell.hu,hushellfu,,,,,,
5240,5385,21,DABAS,791,2370,Dabas,Pesti út,236,,POINT (47.192931 19.32909),PESTI ÚT 2360/1,,,3629360962.0,,True,,,,,,,,,,,,,,,,2018-06-16 09:05:21.136434+00:00,,,47.192931,19.32909,21,Shell,fuel,"{'amenity': 'fuel', 'brand': 'Shell', 'payment:cash': 'yes', 'payment:debit_cards': 'yes', 'fuel:diesel': 'yes', 'fuel:octane_95': 'yes'}",https://www.shell.hu,hushellfu,,,,,,
5241,5386,21,SZÉKESFEHÉRVÁR III.,3254,8000,Székesfehérvár,palotai út,,,POINT (47.1937 18.40194),PALOTAI ÚT,,,3622502616.0,,True,,,,,,,,,,,,,,,,2018-06-16 09:05:21.136434+00:00,,,47.1937,18.40194,21,Shell,fuel,"{'amenity': 'fuel', 'brand': 'Shell', 'payment:cash': 'yes', 'payment:debit_cards': 'yes', 'fuel:diesel': 'yes', 'fuel:octane_95': 'yes'}",https://www.shell.hu,hushellfu,,,,,,
5242,5387,21,SZÉKESFEHÉRVÁR V.,3254,8000,Székesfehérvár,Olaj utca,1,,POINT (47.19916 18.41905),OLAJ U. 1,,,3622500495.0,,True,,,,,,,,,,,,,,,,2018-06-16 09:05:21.136434+00:00,,,47.19916,18.41905,21,Shell,fuel,"{'amenity': 'fuel', 'brand': 'Shell', 'payment:cash': 'yes', 'payment:debit_cards': 'yes', 'fuel:diesel': 'yes', 'fuel:octane_95': 'yes'}",https://www.shell.hu,hushellfu,,,,,,
5243,5388,21,VÁRPALOTA 579,3303,8100,Várpalota,Fehérvári utca,17,,POINT (47.200721 18.152225),FEHÉRVÁRI UTCA 17,,,308468499.0,,True,,,,,,,,,,,,,,,,2018-06-16 09:05:21.136434+00:00,,,47.200721,18.152225,21,Shell,fuel,"{'amenity': 'fuel', 'brand': 'Shell', 'payment:cash': 'yes', 'payment:debit_cards': 'yes', 'fuel:diesel': 'yes', 'fuel:octane_95': 'yes'}",https://www.shell.hu,hushellfu,,,,,,
5244,5389,21,SZÉKESFE. VI 561,3254,8000,Székesfehérvár,Aszalvölgyi utca,1,,POINT (47.209185 18.425131),ASZALVÖLGYI UTCA 1,,,3622726041.0,,True,,,,,,,,,,,,,,,,2018-06-16 09:05:21.136434+00:00,,,47.209185,18.425131,21,Shell,fuel,"{'amenity': 'fuel', 'brand': 'Shell', 'payment:cash': 'yes', 'payment:debit_cards': 'yes', 'fuel:diesel': 'yes', 'fuel:octane_95': 'yes'}",https://www.shell.hu,hushellfu,,,,,,
5245,5390,21,SZOMBATHELY III.,4340,9700,Szombathely,Kiskar utca,6,,POINT (47.22947 16.61748),KISKAR U. 6,,,694509182.0,,True,,,,,,,,,,,,,,,,2018-06-16 09:05:21.136434+00:00,,,47.22947,16.61748,21,Shell,fuel,"{'amenity': 'fuel', 'brand': 'Shell', 'payment:cash': 'yes', 'payment:debit_cards': 'yes', 'fuel:diesel': 'yes', 'fuel:octane_95': 'yes'}",https://www.shell.hu,hushellfu,,,,,,
5246,5391,21,SZOMBATHELY IV.,4340,9700,Szombathely,Zanati út,70,,POINT (47.24139 16.652838),ZANATI ÚT 70,,,694714225.0,,False,06:00:00,06:00:00,06:00:00,06:00:00,06:00:00,06:00:00,06:00:00,22:00:00,22:00:00,22:00:00,22:00:00,22:00:00,22:00:00,22:00:00,,2018-06-16 09:05:21.136434+00:00,,,47.24139,16.652838,21,Shell,fuel,"{'amenity': 'fuel', 'brand': 'Shell', 'payment:cash': 'yes', 'payment:debit_cards': 'yes', 'fuel:diesel': 'yes', 'fuel:octane_95': 'yes'}",https://www.shell.hu,hushellfu,,,,,,
5247,5392,21,SZOMBATHELY II.,4340,9700,Szombathely,Oladi ltp.,,,POINT (47.242083 16.590791),OLADI LTP. (DOLGOZÓK U.),,,694506990.0,,False,06:00:00,06:00:00,06:00:00,06:00:00,06:00:00,06:00:00,06:00:00,22:00:00,22:00:00,22:00:00,22:00:00,22:00:00,22:00:00,22:00:00,,2018-06-16 09:05:21.136434+00:00,,,47.242083,16.590791,21,Shell,fuel,"{'amenity': 'fuel', 'brand': 'Shell', 'payment:cash': 'yes', 'payment:debit_cards': 'yes', 'fuel:diesel': 'yes', 'fuel:octane_95': 'yes'}",https://www.shell.hu,hushellfu,,,,,,
5248,5393,21,SÁRVÁR.,4294,9600,Sárvár,feketehíd út,,,POINT (47.25803 16.93817),FEKETEHÍD ÚT,,,3695325200.0,,True,,,,,,,,,,,,,,,,2018-06-16 09:05:21.136434+00:00,,,47.25803,16.93817,21,Shell,fuel,"{'amenity': 'fuel', 'brand': 'Shell', 'payment:cash': 'yes', 'payment:debit_cards': 'yes', 'fuel:diesel': 'yes', 'fuel:octane_95': 'yes'}",https://www.shell.hu,hushellfu,,,,,,
5249,5394,21,SZOMBATHELY,4340,9700,Szombathely,Kőszegi út,,,POINT (47.258231 16.612629),KŐSZEGI ÚT (FARKAS K.U.),,,694506261.0,,True,,,,,,,,,,,,,,,,2018-06-16 09:05:21.136434+00:00,,,47.258231,16.612629000000002,21,Shell,fuel,"{'amenity': 'fuel', 'brand': 'Shell', 'payment:cash': 'yes', 'payment:debit_cards': 'yes', 'fuel:diesel': 'yes', 'fuel:octane_95': 'yes'}",https://www.shell.hu,hushellfu,,,,,,
5250,5395,21,KARCAG 582,2204,5300,Karcag,Kisújszállási utca,34,,POINT (47.304022 20.904412),KISÚJSZÁLLÁSI UTCA 34,,,3659703009.0,,True,,,,,,,,,,,,,,,,2018-06-16 09:05:21.136434+00:00,,,47.304021999999996,20.904412,21,Shell,fuel,"{'amenity': 'fuel', 'brand': 'Shell', 'payment:cash': 'yes', 'payment:debit_cards': 'yes', 'fuel:diesel': 'yes', 'fuel:octane_95': 'yes'}",https://www.shell.hu,hushellfu,,,,,,
5251,5396,21,SZÁZHALOMBAT 547,821,2440,Százhalombatta,Damjanich utca,29,,POINT (47.31483 18.913774),DAMJANICH UTCA 29,,,3623710002.0,,False,06:00:00,06:00:00,06:00:00,06:00:00,06:00:00,06:00:00,06:00:00,22:00:00,22:00:00,22:00:00,22:00:00,22:00:00,22:00:00,22:00:00,,2018-06-16 09:05:21.136434+00:00,,,47.31483,18.913774,21,Shell,fuel,"{'amenity': 'fuel', 'brand': 'Shell', 'payment:cash': 'yes', 'payment:debit_cards': 'yes', 'fuel:diesel': 'yes', 'fuel:octane_95': 'yes'}",https://www.shell.hu,hushellfu,,,,,,
5252,5397,21,PÁPA III 556,3585,8500,Pápa,Celli út,92,,POINT (47.321658 17.447239),CELLI ÚT 92,,,204136347.0,,True,,,,,,,,,,,,,,,,2018-06-16 09:05:21.136434+00:00,,,47.321658,17.447239,21,Shell,fuel,"{'amenity': 'fuel', 'brand': 'Shell', 'payment:cash': 'yes', 'payment:debit_cards': 'yes', 'fuel:diesel': 'yes', 'fuel:octane_95': 'yes'}",https://www.shell.hu,hushellfu,,,,,,
5253,5398,21,PÁPA II.,3585,8500,Pápa,Celli utca,6,,POINT (47.32932 17.46),CELLI U. 6,,,3689511290.0,,True,,,,,,,,,,,,,,,,2018-06-16 09:05:21.136434+00:00,,,47.32932,17.46,21,Shell,fuel,"{'amenity': 'fuel', 'brand': 'Shell', 'payment:cash': 'yes', 'payment:debit_cards': 'yes', 'fuel:diesel': 'yes', 'fuel:octane_95': 'yes'}",https://www.shell.hu,hushellfu,,,,,,
5254,5399,21,MONOR,723,2200,Monor,Vasadi utca,1,,POINT (47.341183 19.426255),VASADI U. 1,,,3629410837.0,,True,,,,,,,,,,,,,,,,2018-06-16 09:05:21.136434+00:00,,,47.341183,19.426254999999998,21,Shell,fuel,"{'amenity': 'fuel', 'brand': 'Shell', 'payment:cash': 'yes', 'payment:debit_cards': 'yes', 'fuel:diesel': 'yes', 'fuel:octane_95': 'yes'}",https://www.shell.hu,hushellfu,,,,,,
5255,5400,21,SZIGETSZENTMIKLÓS II.,756,2310,Szigetszentmiklós,Csepeli út,19,,POINT (47.360183 19.047817),CSEPELI ÚT 19,,,3624539855.0,,True,,,,,,,,,,,,,,,,2018-06-16 09:05:21.136434+00:00,,,47.360183,19.047817000000002,21,Shell,fuel,"{'amenity': 'fuel', 'brand': 'Shell', 'payment:cash': 'yes', 'payment:debit_cards': 'yes', 'fuel:diesel': 'yes', 'fuel:octane_95': 'yes'}",https://www.shell.hu,hushellfu,,,,,,
5256,5401,21,HALÁSZTELEK,756,2310,Szigetszentmiklós,Rákóczi ferenc út,,,POINT (47.36753 18.99527),RÁKÓCZI FERENC ÚT,,,3624540405.0,,False,06:00:00,06:00:00,06:00:00,06:00:00,06:00:00,06:00:00,06:00:00,22:00:00,22:00:00,22:00:00,22:00:00,22:00:00,22:00:00,22:00:00,,2018-06-16 09:05:21.136434+00:00,,,47.36753,18.99527,21,Shell,fuel,"{'amenity': 'fuel', 'brand': 'Shell', 'payment:cash': 'yes', 'payment:debit_cards': 'yes', 'fuel:diesel': 'yes', 'fuel:octane_95': 'yes'}",https://www.shell.hu,hushellfu,,,,,,
5257,5402,21,ÉRD II 575,611,2030,Érd,Budafoki út,2-4,,POINT (47.377394 18.936597),BUDAFOKI ÚT 2-4,,,3623707186.0,,False,06:00:00,06:00:00,06:00:00,06:00:00,06:00:00,06:00:00,06:00:00,22:00:00,22:00:00,22:00:00,22:00:00,22:00:00,22:00:00,22:00:00,,2018-06-16 09:05:21.136434+00:00,,,47.377394,18.936597,21,Shell,fuel,"{'amenity': 'fuel', 'brand': 'Shell', 'payment:cash': 'yes', 'payment:debit_cards': 'yes', 'fuel:diesel': 'yes', 'fuel:octane_95': 'yes'}",https://www.shell.hu,hushellfu,,,,,,
5258,5403,21,SZIGETSZENTMIKLÓS M0.,756,2310,Szigetszentmiklós,,,,POINT (47.380281 19.056323),M0 AUTÓÚT 19 KMSZ,,,3624441651.0,,True,,,,,,,,,,,,,,,,2018-06-16 09:05:21.136434+00:00,,,47.380281,19.056323000000003,21,Shell,fuel,"{'amenity': 'fuel', 'brand': 'Shell', 'payment:cash': 'yes', 'payment:debit_cards': 'yes', 'fuel:diesel': 'yes', 'fuel:octane_95': 'yes'}",https://www.shell.hu,hushellfu,,,,,,
5259,5404,21,ÓCSAI ÚT.,187,1239,Budapest,ócsai út,,,POINT (47.381615 19.128228),ÓCSAI ÚT,,,3612873852.0,,True,,,,,,,,,,,,,,,,2018-06-16 09:05:21.136434+00:00,,,47.381615000000004,19.128228,21,Shell,fuel,"{'amenity': 'fuel', 'brand': 'Shell', 'payment:cash': 'yes', 'payment:debit_cards': 'yes', 'fuel:diesel': 'yes', 'fuel:octane_95': 'yes'}",https://www.shell.hu,hushellfu,,,,,,
5260,5405,21,HARASZTI ÚT,187,1239,Budapest,Haraszti út,38/b,,POINT (47.383067 19.107021),HARASZTI ÚT 38/b,,,3612860982.0,,False,06:00:00,06:00:00,06:00:00,06:00:00,06:00:00,06:00:00,06:00:00,22:00:00,22:00:00,22:00:00,22:00:00,22:00:00,22:00:00,22:00:00,,2018-06-16 09:05:21.136434+00:00,,,47.383067,19.107021,21,Shell,fuel,"{'amenity': 'fuel', 'brand': 'Shell', 'payment:cash': 'yes', 'payment:debit_cards': 'yes', 'fuel:diesel': 'yes', 'fuel:octane_95': 'yes'}",https://www.shell.hu,hushellfu,,,,,,
5261,5406,21,NAGYTÉTÉNYI ÚT,182,1223,Budapest,Nagytétényi út,27,,POINT (47.41014699999999 19.022159),NAGYTÉTÉNYI ÚT 27,,,3614245005.0,,True,,,,,,,,,,,,,,,,2018-06-16 09:05:21.136434+00:00,,,47.410146999999995,19.022159,21,Shell,fuel,"{'amenity': 'fuel', 'brand': 'Shell', 'payment:cash': 'yes', 'payment:debit_cards': 'yes', 'fuel:diesel': 'yes', 'fuel:octane_95': 'yes'}",https://www.shell.hu,hushellfu,,,,,,
5262,5407,21,ÉRD.,611,2030,Érd,Iparos út,42,,POINT (47.416407 18.880311),IPAROS ÚT 42,,,3623378945.0,,True,,,,,,,,,,,,,,,,2018-06-16 09:05:21.136434+00:00,,,47.416407,18.880311,21,Shell,fuel,"{'amenity': 'fuel', 'brand': 'Shell', 'payment:cash': 'yes', 'payment:debit_cards': 'yes', 'fuel:diesel': 'yes', 'fuel:octane_95': 'yes'}",https://www.shell.hu,hushellfu,,,,,,
5263,5408,21,FERIHEGY,734,2220,Vecsés,4. sz. főút,,,POINT (47.417512 19.25506),4. SZ. FŐÚT,,,3629355876.0,,True,,,,,,,,,,,,,,,,2018-06-16 09:05:21.136434+00:00,,,47.417512,19.25506,21,Shell,fuel,"{'amenity': 'fuel', 'brand': 'Shell', 'payment:cash': 'yes', 'payment:debit_cards': 'yes', 'fuel:diesel': 'yes', 'fuel:octane_95': 'yes'}",https://www.shell.hu,hushellfu,,,,,,
5264,5409,21,CSEPEL,178,1214,Budapest,Ii. Rákóczi Ferenc út,182,,POINT (47.41844 19.06373),II. RÁKÓCZI FERENC ÚT 182,,,3612779911.0,,True,,,,,,,,,,,,,,,,2018-06-16 09:05:21.136434+00:00,,,47.418440000000004,19.06373,21,Shell,fuel,"{'amenity': 'fuel', 'brand': 'Shell', 'payment:cash': 'yes', 'payment:debit_cards': 'yes', 'fuel:diesel': 'yes', 'fuel:octane_95': 'yes'}",https://www.shell.hu,hushellfu,,,,,,
5265,5410,21,MEGAPARK 540,171,1202,Budapest,Mártírok út,281,,POINT (47.425981 19.147893),MÁRTÍROK ÚTJA 281,,,3612830945.0,,True,,,,,,,,,,,,,,,,2018-06-16 09:05:21.136434+00:00,,,47.425981,19.147893,21,Shell,fuel,"{'amenity': 'fuel', 'brand': 'Shell', 'payment:cash': 'yes', 'payment:debit_cards': 'yes', 'fuel:diesel': 'yes', 'fuel:octane_95': 'yes'}",https://www.shell.hu,hushellfu,,,,,,
5266,5411,21,MÉTA,162,1186,Budapest,gloriett lakótelep,,,POINT (47.432456 19.174995),GLORIETT LTP,,,3612940756.0,,True,,,,,,,,,,,,,,,,2018-06-16 09:05:21.136434+00:00,,,47.432456,19.174995000000003,21,Shell,fuel,"{'amenity': 'fuel', 'brand': 'Shell', 'payment:cash': 'yes', 'payment:debit_cards': 'yes', 'fuel:diesel': 'yes', 'fuel:octane_95': 'yes'}",https://www.shell.hu,hushellfu,,,,,,
5267,5412,21,HAJDÚSZOBOSZ 590,1840,4200,Hajdúszoboszló,kabai út,,,POINT (47.43397299999999 21.375402),KABAI ÚTFÉL,,,3652722610.0,,False,06:00:00,06:00:00,06:00:00,06:00:00,06:00:00,06:00:00,06:00:00,22:00:00,22:00:00,22:00:00,22:00:00,22:00:00,22:00:00,22:00:00,,2018-06-16 09:05:21.136434+00:00,,,47.433972999999995,21.375401999999998,21,Shell,fuel,"{'amenity': 'fuel', 'brand': 'Shell', 'payment:cash': 'yes', 'payment:debit_cards': 'yes', 'fuel:diesel': 'yes', 'fuel:octane_95': 'yes'}",https://www.shell.hu,hushellfu,,,,,,
5268,5413,21,BALATONI ÚT,107,1112,Budapest,balatoni út,,,POINT (47.43572899999999 19.00644),BALATONI ÚT,,,3614240400.0,,True,,,,,,,,,,,,,,,,2018-06-16 09:05:21.136434+00:00,,,47.435728999999995,19.006439999999998,21,Shell,fuel,"{'amenity': 'fuel', 'brand': 'Shell', 'payment:cash': 'yes', 'payment:debit_cards': 'yes', 'fuel:diesel': 'yes', 'fuel:octane_95': 'yes'}",https://www.shell.hu,hushellfu,,,,,,
5269,5414,21,HETÉNYI U.,107,1112,Budapest,Hetényi utca,3,,POINT (47.448033 19.006597),HETÉNYI U. 3,,,3614248160.0,,True,,,,,,,,,,,,,,,,2018-06-16 09:05:21.136434+00:00,,,47.448033,19.006597,21,Shell,fuel,"{'amenity': 'fuel', 'brand': 'Shell', 'payment:cash': 'yes', 'payment:debit_cards': 'yes', 'fuel:diesel': 'yes', 'fuel:octane_95': 'yes'}",https://www.shell.hu,hushellfu,,,,,,
5270,5415,21,SÜLYSÁP,743,2241,Sülysáp,Pesti út,56,,POINT (47.448762 19.532197),PESTI ÚT 56,,,3629435123.0,,True,,,,,,,,,,,,,,,,2018-06-16 09:05:21.136434+00:00,,,47.448762,19.532197,21,Shell,fuel,"{'amenity': 'fuel', 'brand': 'Shell', 'payment:cash': 'yes', 'payment:debit_cards': 'yes', 'fuel:diesel': 'yes', 'fuel:octane_95': 'yes'}",https://www.shell.hu,hushellfu,,,,,,
5271,5416,21,TÖRÖKBÁLINT,625,2045,Törökbálint,Park utca,1,,POINT (47.451974 18.903423),PARK U. 1,,,3623418060.0,,True,,,,,,,,,,,,,,,,2018-06-16 09:05:21.136434+00:00,,,47.451974,18.903423,21,Shell,fuel,"{'amenity': 'fuel', 'brand': 'Shell', 'payment:cash': 'yes', 'payment:debit_cards': 'yes', 'fuel:diesel': 'yes', 'fuel:octane_95': 'yes'}",https://www.shell.hu,hushellfu,,,,,,
5272,5417,21,BUDAÖRS II 546,620,2040,Budaörs,Kinizsi út,1-3,,POINT (47.452075 18.964988),KINIZSI ÚT 1-3,,,3623703001.0,,True,,,,,,,,,,,,,,,,2018-06-16 09:05:21.136434+00:00,,,47.452075,18.964988,21,Shell,fuel,"{'amenity': 'fuel', 'brand': 'Shell', 'payment:cash': 'yes', 'payment:debit_cards': 'yes', 'fuel:diesel': 'yes', 'fuel:octane_95': 'yes'}",https://www.shell.hu,hushellfu,,,,,,
5273,5418,21,BUDAFOKI ÚT,112,1117,Budapest,Budafoki út,209-215,,POINT (47.452809 19.050821),BUDAFOKI ÚT 209-215,,,3613710096.0,,True,,,,,,,,,,,,,,,,2018-06-16 09:05:21.136434+00:00,,,47.452809,19.050821,21,Shell,fuel,"{'amenity': 'fuel', 'brand': 'Shell', 'payment:cash': 'yes', 'payment:debit_cards': 'yes', 'fuel:diesel': 'yes', 'fuel:octane_95': 'yes'}",https://www.shell.hu,hushellfu,,,,,,
5274,5462,21,FÓT,696,2151,Fót,Szabadság út,10,,POINT (47.60563 19.196779),SZABADSÁG ÚT 10,,,3627360355.0,,True,,,,,,,,,,,,,,,,2018-06-16 09:05:21.136434+00:00,,,47.60563,19.196779,21,Shell,fuel,"{'amenity': 'fuel', 'brand': 'Shell', 'payment:cash': 'yes', 'payment:debit_cards': 'yes', 'fuel:diesel': 'yes', 'fuel:octane_95': 'yes'}",https://www.shell.hu,hushellfu,,,,,,
5275,5419,21,PÉTERHEGYI  U.,107,1112,Budapest,Péterhegyi út,54,,POINT (47.455022 19.019522),PÉTERHEGYI ÚT 54,,,3612481252.0,,False,06:00:00,06:00:00,06:00:00,06:00:00,06:00:00,06:00:00,06:00:00,22:00:00,22:00:00,22:00:00,22:00:00,22:00:00,22:00:00,22:00:00,,2018-06-16 09:05:21.136434+00:00,,,47.455022,19.019522,21,Shell,fuel,"{'amenity': 'fuel', 'brand': 'Shell', 'payment:cash': 'yes', 'payment:debit_cards': 'yes', 'fuel:diesel': 'yes', 'fuel:octane_95': 'yes'}",https://www.shell.hu,hushellfu,,,,,,
5276,5420,21,KÉN U.,96,1097,Budapest,Kén utca,1,,POINT (47.455594 19.08696),KÉN U. 1,,,3612806266.0,,False,06:00:00,06:00:00,06:00:00,06:00:00,06:00:00,06:00:00,06:00:00,22:00:00,22:00:00,22:00:00,22:00:00,22:00:00,22:00:00,22:00:00,,2018-06-16 09:05:21.136434+00:00,,,47.455594,19.08696,21,Shell,fuel,"{'amenity': 'fuel', 'brand': 'Shell', 'payment:cash': 'yes', 'payment:debit_cards': 'yes', 'fuel:diesel': 'yes', 'fuel:octane_95': 'yes'}",https://www.shell.hu,hushellfu,,,,,,
5277,5421,21,GYÖMRŐI II,159,1183,Budapest,gyömrői út,,,POINT (47.46078 19.16979),GYÖMRŐI ÚT,,,3614310898.0,,True,,,,,,,,,,,,,,,,2018-06-16 09:05:21.136434+00:00,,,47.46078,19.16979,21,Shell,fuel,"{'amenity': 'fuel', 'brand': 'Shell', 'payment:cash': 'yes', 'payment:debit_cards': 'yes', 'fuel:diesel': 'yes', 'fuel:octane_95': 'yes'}",https://www.shell.hu,hushellfu,,,,,,
5278,5422,21,ÜLLŐI ÚT,164,1191,Budapest,Üllői út,233,,POINT (47.462542 19.132199),ÜLLŐI ÚT 233,,,3613480794.0,,True,,,,,,,,,,,,,,,,2018-06-16 09:05:21.136434+00:00,,,47.462542,19.132199,21,Shell,fuel,"{'amenity': 'fuel', 'brand': 'Shell', 'payment:cash': 'yes', 'payment:debit_cards': 'yes', 'fuel:diesel': 'yes', 'fuel:octane_95': 'yes'}",https://www.shell.hu,hushellfu,,,,,,
5279,5423,21,BUDAÖRSI ÚT,107,1112,Budapest,budaörsi út,,,POINT (47.46295300000001 18.982415),BUDAÖRSI ÚT,,,3612465047.0,,True,,,,,,,,,,,,,,,,2018-06-16 09:05:21.136434+00:00,,,47.462953000000006,18.982415,21,Shell,fuel,"{'amenity': 'fuel', 'brand': 'Shell', 'payment:cash': 'yes', 'payment:debit_cards': 'yes', 'fuel:diesel': 'yes', 'fuel:octane_95': 'yes'}",https://www.shell.hu,hushellfu,,,,,,
5280,5424,21,SIBRIK,100,1103,Budapest,Sibrik Miklós út,30,,POINT (47.46864 19.15533),SIBRIK MIKLÓS ÚT 30,,,3612604527.0,,True,,,,,,,,,,,,,,,,2018-06-16 09:05:21.136434+00:00,,,47.46864,19.15533,21,Shell,fuel,"{'amenity': 'fuel', 'brand': 'Shell', 'payment:cash': 'yes', 'payment:debit_cards': 'yes', 'fuel:diesel': 'yes', 'fuel:octane_95': 'yes'}",https://www.shell.hu,hushellfu,,,,,,
5281,5425,21,KÖNYVES K. KRT.,96,1097,Budapest,Könyves K. körút,24,,POINT (47.470365 19.086666),KÖNYVES K. KRT. 24,,,3612151703.0,,True,,,,,,,,,,,,,,,,2018-06-16 09:05:21.136434+00:00,,,47.470365,19.086666,21,Shell,fuel,"{'amenity': 'fuel', 'brand': 'Shell', 'payment:cash': 'yes', 'payment:debit_cards': 'yes', 'fuel:diesel': 'yes', 'fuel:octane_95': 'yes'}",https://www.shell.hu,hushellfu,,,,,,
5282,5426,21,TÉTÉNYI ÚT,110,1115,Budapest,Tétényi út,2,,POINT (47.472367 19.034334),TÉTÉNYI ÚT 2,,,3612033811.0,,True,,,,,,,,,,,,,,,,2018-06-16 09:05:21.136434+00:00,,,47.472367,19.034334,21,Shell,fuel,"{'amenity': 'fuel', 'brand': 'Shell', 'payment:cash': 'yes', 'payment:debit_cards': 'yes', 'fuel:diesel': 'yes', 'fuel:octane_95': 'yes'}",https://www.shell.hu,hushellfu,,,,,,
5283,5427,21,PESTI ÚT I.,154,1173,Budapest,Pesti út,273/c,,POINT (47.475238 19.267047),PESTI ÚT 273/c,,,3612530025.0,,True,,,,,,,,,,,,,,,,2018-06-16 09:05:21.136434+00:00,,,47.475238,19.267047,21,Shell,fuel,"{'amenity': 'fuel', 'brand': 'Shell', 'payment:cash': 'yes', 'payment:debit_cards': 'yes', 'fuel:diesel': 'yes', 'fuel:octane_95': 'yes'}",https://www.shell.hu,hushellfu,,,,,,
5284,5428,21,HALLER U.,95,1096,Budapest,Haller utca,56,,POINT (47.477126 19.081462),HALLER U. 56,,,3614560210.0,,True,,,,,,,,,,,,,,,,2018-06-16 09:05:21.136434+00:00,,,47.477126,19.081462,21,Shell,fuel,"{'amenity': 'fuel', 'brand': 'Shell', 'payment:cash': 'yes', 'payment:debit_cards': 'yes', 'fuel:diesel': 'yes', 'fuel:octane_95': 'yes'}",https://www.shell.hu,hushellfu,,,,,,
5285,5429,21,KŐBÁNYAI ÚT,98,1101,Budapest,Kőbányai út,56,,POINT (47.483185 19.125062),KŐBÁNYAI ÚT 56,,,3612607186.0,,False,06:00:00,06:00:00,06:00:00,06:00:00,06:00:00,06:00:00,06:00:00,22:00:00,22:00:00,22:00:00,22:00:00,22:00:00,22:00:00,22:00:00,,2018-06-16 09:05:21.136434+00:00,,,47.483185,19.125062,21,Shell,fuel,"{'amenity': 'fuel', 'brand': 'Shell', 'payment:cash': 'yes', 'payment:debit_cards': 'yes', 'fuel:diesel': 'yes', 'fuel:octane_95': 'yes'}",https://www.shell.hu,hushellfu,,,,,,
5286,5430,21,PESTI ÚT II.,154,1173,Budapest,Pesti út,6,,POINT (47.484572 19.23152),PESTI ÚT 6,,,3612560175.0,,True,,,,,,,,,,,,,,,,2018-06-16 09:05:21.136434+00:00,,,47.484572,19.23152,21,Shell,fuel,"{'amenity': 'fuel', 'brand': 'Shell', 'payment:cash': 'yes', 'payment:debit_cards': 'yes', 'fuel:diesel': 'yes', 'fuel:octane_95': 'yes'}",https://www.shell.hu,hushellfu,,,,,,
5287,5431,21,KÁLVÁRIA TÉR,86,1086,Budapest,kálvária tér,,,POINT (47.489354 19.087087),KÁLVÁRIA TÉR,,,3613336998.0,,False,06:00:00,06:00:00,06:00:00,06:00:00,06:00:00,06:00:00,06:00:00,22:00:00,22:00:00,22:00:00,22:00:00,22:00:00,22:00:00,22:00:00,,2018-06-16 09:05:21.136434+00:00,,,47.489354,19.087087,21,Shell,fuel,"{'amenity': 'fuel', 'brand': 'Shell', 'payment:cash': 'yes', 'payment:debit_cards': 'yes', 'fuel:diesel': 'yes', 'fuel:octane_95': 'yes'}",https://www.shell.hu,hushellfu,,,,,,
5288,5432,21,MÉSZÁROS ÚT,32,1016,Budapest,Mészáros utca,56,,POINT (47.490885 19.03085),MÉSZÁROS U. 56,,,3612250651.0,,True,,,,,,,,,,,,,,,,2018-06-16 09:05:21.136434+00:00,,,47.490885,19.03085,21,Shell,fuel,"{'amenity': 'fuel', 'brand': 'Shell', 'payment:cash': 'yes', 'payment:debit_cards': 'yes', 'fuel:diesel': 'yes', 'fuel:octane_95': 'yes'}",https://www.shell.hu,hushellfu,,,,,,
5289,5433,21,OROSZLÁNY II 585,1017,2840,Oroszlány,Környei út,3-5,,POINT (47.495058 18.321344),KÖRNYEI ÚT 3-5,,,3634704006.0,,False,06:00:00,06:00:00,06:00:00,06:00:00,06:00:00,06:00:00,06:00:00,22:00:00,22:00:00,22:00:00,22:00:00,22:00:00,22:00:00,22:00:00,,2018-06-16 09:05:21.136434+00:00,,,47.495058,18.321344,21,Shell,fuel,"{'amenity': 'fuel', 'brand': 'Shell', 'payment:cash': 'yes', 'payment:debit_cards': 'yes', 'fuel:diesel': 'yes', 'fuel:octane_95': 'yes'}",https://www.shell.hu,hushellfu,,,,,,
5290,5434,21,JÁSZBERÉNY,2169,5100,Jászberény,szt.istván körút,,,POINT (47.495303 19.928612),SZT.ISTVÁN KRT.,,,3657504970.0,,True,,,,,,,,,,,,,,,,2018-06-16 09:05:21.136434+00:00,,,47.495303,19.928612,21,Shell,fuel,"{'amenity': 'fuel', 'brand': 'Shell', 'payment:cash': 'yes', 'payment:debit_cards': 'yes', 'fuel:diesel': 'yes', 'fuel:octane_95': 'yes'}",https://www.shell.hu,hushellfu,,,,,,
5291,5435,21,ALKOTÁS U.,28,1012,Budapest,Alkotás utca,20-24,,POINT (47.49685 19.024245),ALKOTÁS U. 20-24,,,3612250541.0,,True,,,,,,,,,,,,,,,,2018-06-16 09:05:21.136434+00:00,,,47.49685,19.024245,21,Shell,fuel,"{'amenity': 'fuel', 'brand': 'Shell', 'payment:cash': 'yes', 'payment:debit_cards': 'yes', 'fuel:diesel': 'yes', 'fuel:octane_95': 'yes'}",https://www.shell.hu,hushellfu,,,,,,
5292,5436,21,Kerepesi II,132,1143,Budapest,Kerepesi út,42-46,,POINT (47.500966 19.11251),KEREPESI ÚT 42-46,,,3612223002.0,,True,,,,,,,,,,,,,,,,2018-06-16 09:05:21.136434+00:00,,,47.500966,19.11251,21,Shell,fuel,"{'amenity': 'fuel', 'brand': 'Shell', 'payment:cash': 'yes', 'payment:debit_cards': 'yes', 'fuel:diesel': 'yes', 'fuel:octane_95': 'yes'}",https://www.shell.hu,hushellfu,,,,,,
5293,5437,21,BUDAKESZI,656,2092,Budakeszi,Szőlőskert utca,1,,POINT (47.501677 18.919219),SZŐLŐSKERT U. 1,,,3623457530.0,,True,,,,,,,,,,,,,,,,2018-06-16 09:05:21.136434+00:00,,,47.501677,18.919219000000002,21,Shell,fuel,"{'amenity': 'fuel', 'brand': 'Shell', 'payment:cash': 'yes', 'payment:debit_cards': 'yes', 'fuel:diesel': 'yes', 'fuel:octane_95': 'yes'}",https://www.shell.hu,hushellfu,,,,,,
5294,5438,21,STEFÁNIA ÚT,132,1143,Budapest,Stefánia út,1-5,,POINT (47.502772 19.106057),STEFÁNIA ÚT 1-5,,,3612730002.0,,True,,,,,,,,,,,,,,,,2018-06-16 09:05:21.136434+00:00,,,47.502772,19.106057,21,Shell,fuel,"{'amenity': 'fuel', 'brand': 'Shell', 'payment:cash': 'yes', 'payment:debit_cards': 'yes', 'fuel:diesel': 'yes', 'fuel:octane_95': 'yes'}",https://www.shell.hu,hushellfu,,,,,,
5295,5439,21,KEREPESI ÚT,103,1106,Budapest,Kerepesi út,61,,POINT (47.503573 19.141232),KEREPESI ÚT 61,,,3612641554.0,,True,,,,,,,,,,,,,,,,2018-06-16 09:05:21.136434+00:00,,,47.503572999999996,19.141232000000002,21,Shell,fuel,"{'amenity': 'fuel', 'brand': 'Shell', 'payment:cash': 'yes', 'payment:debit_cards': 'yes', 'fuel:diesel': 'yes', 'fuel:octane_95': 'yes'}",https://www.shell.hu,hushellfu,,,,,,
5296,5440,21,CSALOGÁNY U.,31,1015,Budapest,Csalogány utca,55,,POINT (47.507895 19.028412),CSALOGÁNY U. 55,,,3614870085.0,,True,,,,,,,,,,,,,,,,2018-06-16 09:05:21.136434+00:00,,,47.507895,19.028412,21,Shell,fuel,"{'amenity': 'fuel', 'brand': 'Shell', 'payment:cash': 'yes', 'payment:debit_cards': 'yes', 'fuel:diesel': 'yes', 'fuel:octane_95': 'yes'}",https://www.shell.hu,hushellfu,,,,,,
5297,5441,21,EGRESSY ÚT,138,1149,Budapest,Egressy út,35-55,,POINT (47.509431 19.111069),EGRESSY ÚT 35-55,,,3612730383.0,,False,06:00:00,06:00:00,06:00:00,06:00:00,06:00:00,06:00:00,06:00:00,22:00:00,22:00:00,22:00:00,22:00:00,22:00:00,22:00:00,22:00:00,,2018-06-16 09:05:21.136434+00:00,,,47.509431,19.111069,21,Shell,fuel,"{'amenity': 'fuel', 'brand': 'Shell', 'payment:cash': 'yes', 'payment:debit_cards': 'yes', 'fuel:diesel': 'yes', 'fuel:octane_95': 'yes'}",https://www.shell.hu,hushellfu,,,,,,
5298,5442,21,FÜREDI ÚT,133,1144,Budapest,füredi út,,,POINT (47.51339 19.15126),FÜREDI ÚT,,,3612730768.0,,True,,,,,,,,,,,,,,,,2018-06-16 09:05:21.136434+00:00,,,47.51339,19.15126,21,Shell,fuel,"{'amenity': 'fuel', 'brand': 'Shell', 'payment:cash': 'yes', 'payment:debit_cards': 'yes', 'fuel:diesel': 'yes', 'fuel:octane_95': 'yes'}",https://www.shell.hu,hushellfu,,,,,,
5299,5443,21,DEBRECEN III.,1759,4031,Debrecen,István utca,124,,POINT (47.515516 21.606603),ISTVÁN U. 124,,,3652316433.0,,True,,,,,,,,,,,,,,,,2018-06-16 09:05:21.136434+00:00,,,47.515516,21.606603,21,Shell,fuel,"{'amenity': 'fuel', 'brand': 'Shell', 'payment:cash': 'yes', 'payment:debit_cards': 'yes', 'fuel:diesel': 'yes', 'fuel:octane_95': 'yes'}",https://www.shell.hu,hushellfu,,,,,,
5300,5444,21,SZILÁGYI E.,38,1026,Budapest,Szilágyi E. fasor,125,,POINT (47.516627 18.998755),SZILÁGYI E. FASOR 125,,,3613942602.0,,True,,,,,,,,,,,,,,,,2018-06-16 09:05:21.136434+00:00,,,47.516627,18.998755,21,Shell,fuel,"{'amenity': 'fuel', 'brand': 'Shell', 'payment:cash': 'yes', 'payment:debit_cards': 'yes', 'fuel:diesel': 'yes', 'fuel:octane_95': 'yes'}",https://www.shell.hu,hushellfu,,,,,,
5301,5445,21,FOGARASI,133,1144,Budapest,Fogarasi út,183,,POINT (47.517251 19.143629),FOGARASI ÚT 183,,,3612207383.0,,True,,,,,,,,,,,,,,,,2018-06-16 09:05:21.136434+00:00,,,47.517251,19.143629,21,Shell,fuel,"{'amenity': 'fuel', 'brand': 'Shell', 'payment:cash': 'yes', 'payment:debit_cards': 'yes', 'fuel:diesel': 'yes', 'fuel:octane_95': 'yes'}",https://www.shell.hu,hushellfu,,,,,,
5302,5446,21,DÓZSA GYÖRGY ÚT,72,1068,Budapest,Dózsa györgy út,,,POINT (47.518276 19.072212),DÓZSA GYÖRGY ÚT,,,3614121482.0,,True,,,,,,,,,,,,,,,,2018-06-16 09:05:21.136434+00:00,,,47.518276,19.072212,21,Shell,fuel,"{'amenity': 'fuel', 'brand': 'Shell', 'payment:cash': 'yes', 'payment:debit_cards': 'yes', 'fuel:diesel': 'yes', 'fuel:octane_95': 'yes'}",https://www.shell.hu,hushellfu,,,,,,
5303,5447,21,DEBRECEN II.,1755,4027,Debrecen,Böszörményi út,1,,POINT (47.535286 21.612495),BÖSZÖRMÉNYI ÚT 1,,,3652425317.0,,True,,,,,,,,,,,,,,,,2018-06-16 09:05:21.136434+00:00,,,47.535286,21.612495000000003,21,Shell,fuel,"{'amenity': 'fuel', 'brand': 'Shell', 'payment:cash': 'yes', 'payment:debit_cards': 'yes', 'fuel:diesel': 'yes', 'fuel:octane_95': 'yes'}",https://www.shell.hu,hushellfu,,,,,,
5304,5448,21,BÉKE ÚT,125,1135,Budapest,Béke út,58,,POINT (47.538131 19.08397),BÉKE ÚT 58,,,3613305077.0,,True,,,,,,,,,,,,,,,,2018-06-16 09:05:21.136434+00:00,,,47.538131,19.08397,21,Shell,fuel,"{'amenity': 'fuel', 'brand': 'Shell', 'payment:cash': 'yes', 'payment:debit_cards': 'yes', 'fuel:diesel': 'yes', 'fuel:octane_95': 'yes'}",https://www.shell.hu,hushellfu,,,,,,
5305,5449,21,SZENTMIHÁLYI,145,1157,Budapest,szentmihályi út,,,POINT (47.542571 19.150199),SZENTMIHÁLYI ÚT,,,3614183612.0,,False,06:00:00,06:00:00,06:00:00,06:00:00,06:00:00,06:00:00,06:00:00,22:00:00,22:00:00,22:00:00,22:00:00,22:00:00,22:00:00,22:00:00,,2018-06-16 09:05:21.136434+00:00,,,47.542571,19.150199,21,Shell,fuel,"{'amenity': 'fuel', 'brand': 'Shell', 'payment:cash': 'yes', 'payment:debit_cards': 'yes', 'fuel:diesel': 'yes', 'fuel:octane_95': 'yes'}",https://www.shell.hu,hushellfu,,,,,,
5306,5450,21,DEBRECEN I.,1755,4027,Debrecen,Balmazújvárosi út,5,,POINT (47.542749 21.597274),BALMAZÚJVÁROSI ÚT 5,,,3652418822.0,,True,,,,,,,,,,,,,,,,2018-06-16 09:05:21.136434+00:00,,,47.542749,21.597274,21,Shell,fuel,"{'amenity': 'fuel', 'brand': 'Shell', 'payment:cash': 'yes', 'payment:debit_cards': 'yes', 'fuel:diesel': 'yes', 'fuel:octane_95': 'yes'}",https://www.shell.hu,hushellfu,,,,,,
5307,5451,21,POZSONYI ÚT,55,1045,Budapest,Pozsonyi út,1,,POINT (47.552986 19.092237),POZSONYI ÚT 1,,,3612310707.0,,True,,,,,,,,,,,,,,,,2018-06-16 09:05:21.136434+00:00,,,47.552986,19.092237,21,Shell,fuel,"{'amenity': 'fuel', 'brand': 'Shell', 'payment:cash': 'yes', 'payment:debit_cards': 'yes', 'fuel:diesel': 'yes', 'fuel:octane_95': 'yes'}",https://www.shell.hu,hushellfu,,,,,,
5308,5452,21,BÉCSI ÚT  A.,48,1037,Budapest,Bécsi út,277,,POINT (47.553324 19.028),BÉCSI ÚT 277,,,3612506858.0,,True,,,,,,,,,,,,,,,,2018-06-16 09:05:21.136434+00:00,,,47.553323999999996,19.028,21,Shell,fuel,"{'amenity': 'fuel', 'brand': 'Shell', 'payment:cash': 'yes', 'payment:debit_cards': 'yes', 'fuel:diesel': 'yes', 'fuel:octane_95': 'yes'}",https://www.shell.hu,hushellfu,,,,,,
5309,5453,21,VÁCI ÚT,128,1138,Budapest,Váci út,196,,POINT (47.558184 19.076584),VÁCI ÚT 196,,,3612390022.0,,True,,,,,,,,,,,,,,,,2018-06-16 09:05:21.136434+00:00,,,47.558184000000004,19.076584,21,Shell,fuel,"{'amenity': 'fuel', 'brand': 'Shell', 'payment:cash': 'yes', 'payment:debit_cards': 'yes', 'fuel:diesel': 'yes', 'fuel:octane_95': 'yes'}",https://www.shell.hu,hushellfu,,,,,,
5310,5454,21,BÉCSI ÚT  B.,48,1037,Budapest,Bécsi út,248-250,,POINT (47.559865 19.024171),BÉCSI ÚT 248-250,,,3612504344.0,,True,,,,,,,,,,,,,,,,2018-06-16 09:05:21.136434+00:00,,,47.559865,19.024171,21,Shell,fuel,"{'amenity': 'fuel', 'brand': 'Shell', 'payment:cash': 'yes', 'payment:debit_cards': 'yes', 'fuel:diesel': 'yes', 'fuel:octane_95': 'yes'}",https://www.shell.hu,hushellfu,,,,,,
5311,5455,21,BUDAPEST M3 A.,140,1152,Budapest,,,,POINT (47.565796 19.145982),M-3. 12 KMSZ. A.,,,3614101049.0,,True,,,,,,,,,,,,,,,,2018-06-16 09:05:21.136434+00:00,,,47.565796,19.145982,21,Shell,fuel,"{'amenity': 'fuel', 'brand': 'Shell', 'payment:cash': 'yes', 'payment:debit_cards': 'yes', 'fuel:diesel': 'yes', 'fuel:octane_95': 'yes'}",https://www.shell.hu,hushellfu,,,,,,
5312,5456,21,TATABÁNYA II.,999,2800,Tatabánya,100. Sz. főút,53,,POINT (47.571591 18.425968),100. SZ. FŐÚT   53. KM,,,3634310753.0,,True,,,,,,,,,,,,,,,,2018-06-16 09:05:21.136434+00:00,,,47.571591,18.425968,21,Shell,fuel,"{'amenity': 'fuel', 'brand': 'Shell', 'payment:cash': 'yes', 'payment:debit_cards': 'yes', 'fuel:diesel': 'yes', 'fuel:octane_95': 'yes'}",https://www.shell.hu,hushellfu,,,,,,
5313,5457,21,SOLYMÁR,647,2083,Solymár,Rózsika utca,2,,POINT (47.576044 18.938769),RÓZSIKA U. 2,,,3626560089.0,,False,06:00:00,06:00:00,06:00:00,06:00:00,06:00:00,06:00:00,06:00:00,22:00:00,22:00:00,22:00:00,22:00:00,22:00:00,22:00:00,22:00:00,,2018-06-16 09:05:21.136434+00:00,,,47.576044,18.938769,21,Shell,fuel,"{'amenity': 'fuel', 'brand': 'Shell', 'payment:cash': 'yes', 'payment:debit_cards': 'yes', 'fuel:diesel': 'yes', 'fuel:octane_95': 'yes'}",https://www.shell.hu,hushellfu,,,,,,
5314,5458,21,TATABÁNYA I.,999,2800,Tatabánya,köztársaság út,,,POINT (47.58204600000001 18.397366),KÖZTÁRSASÁG ÚT,,,3634510544.0,,True,,,,,,,,,,,,,,,,2018-06-16 09:05:21.136434+00:00,,,47.582046000000005,18.397366,21,Shell,fuel,"{'amenity': 'fuel', 'brand': 'Shell', 'payment:cash': 'yes', 'payment:debit_cards': 'yes', 'fuel:diesel': 'yes', 'fuel:octane_95': 'yes'}",https://www.shell.hu,hushellfu,,,,,,
5315,5459,21,SZENTENDREI ÚT B,50,1039,Budapest,Batthyány út,27,,POINT (47.592309 19.050797),BATTHYÁNY ÚT 27,,,3614300005.0,,True,,,,,,,,,,,,,,,,2018-06-16 09:05:21.136434+00:00,,,47.592309,19.050797,21,Shell,fuel,"{'amenity': 'fuel', 'brand': 'Shell', 'payment:cash': 'yes', 'payment:debit_cards': 'yes', 'fuel:diesel': 'yes', 'fuel:octane_95': 'yes'}",https://www.shell.hu,hushellfu,,,,,,
5316,5460,21,SZENTENDREI ÚT A,50,1039,Budapest,Szentendrei út,373,,POINT (47.59283 19.052058),SZENTENDREI ÚT 373,,,3612503388.0,,True,,,,,,,,,,,,,,,,2018-06-16 09:05:21.136434+00:00,,,47.59283,19.052058,21,Shell,fuel,"{'amenity': 'fuel', 'brand': 'Shell', 'payment:cash': 'yes', 'payment:debit_cards': 'yes', 'fuel:diesel': 'yes', 'fuel:octane_95': 'yes'}",https://www.shell.hu,hushellfu,,,,,,
5317,5463,21,GÖDÖLLŐ,0,2100,Gödöllo,Dózsa György út,108,,POINT (47.607349 19.338689),DÓZSA GYÖRGY ÚT 108,,,3628516110.0,,True,,,,,,,,,,,,,,,,2018-06-16 09:05:21.136434+00:00,,,47.607349,19.338689000000002,21,Shell,fuel,"{'amenity': 'fuel', 'brand': 'Shell', 'payment:cash': 'yes', 'payment:debit_cards': 'yes', 'fuel:diesel': 'yes', 'fuel:octane_95': 'yes'}",https://www.shell.hu,hushellfu,,,,,,
5318,5464,21,TISZAFÜRED.,2218,5350,Tiszafüred,Húszöles utca,2/b,,POINT (47.607952 20.764282),HÚSZÖLES U. 2/b,,,3659511104.0,,True,,,,,,,,,,,,,,,,2018-06-16 09:05:21.136434+00:00,,,47.607952000000004,20.764282,21,Shell,fuel,"{'amenity': 'fuel', 'brand': 'Shell', 'payment:cash': 'yes', 'payment:debit_cards': 'yes', 'fuel:diesel': 'yes', 'fuel:octane_95': 'yes'}",https://www.shell.hu,hushellfu,,,,,,
5319,5465,21,CSORNA,4159,9300,Csorna,Soproni utca,64,,POINT (47.610512 17.239812),SOPRONI U. 64,,,3696593072.0,,True,,,,,,,,,,,,,,,,2018-06-16 09:05:21.136434+00:00,,,47.610512,17.239812,21,Shell,fuel,"{'amenity': 'fuel', 'brand': 'Shell', 'payment:cash': 'yes', 'payment:debit_cards': 'yes', 'fuel:diesel': 'yes', 'fuel:octane_95': 'yes'}",https://www.shell.hu,hushellfu,,,,,,
5320,5466,21,TATA M1 B.,1041,2890,Tata,,,,POINT (47.616976 18.340749),REMETESÉGPUSZTA B. OLD.,,,3634588155.0,,True,,,,,,,,,,,,,,,,2018-06-16 09:05:21.136434+00:00,,,47.616976,18.340749,21,Shell,fuel,"{'amenity': 'fuel', 'brand': 'Shell', 'payment:cash': 'yes', 'payment:debit_cards': 'yes', 'fuel:diesel': 'yes', 'fuel:octane_95': 'yes'}",https://www.shell.hu,hushellfu,,,,,,
5321,5467,21,DUNAKESZI,678,2120,Dunakeszi,,,,POINT (47.626718 19.126372),FŐÚT 0120/4/A,,,3627547300.0,,True,,,,,,,,,,,,,,,,2018-06-16 09:05:21.136434+00:00,,,47.626718,19.126372,21,Shell,fuel,"{'amenity': 'fuel', 'brand': 'Shell', 'payment:cash': 'yes', 'payment:debit_cards': 'yes', 'fuel:diesel': 'yes', 'fuel:octane_95': 'yes'}",https://www.shell.hu,hushellfu,,,,,,
5322,5468,21,TATA IV 580,1041,2890,Tata,Ring utca,1,,POINT (47.62967800000001 18.313544),RING UTCA 1,,,3634708029.0,,True,,,,,,,,,,,,,,,,2018-06-16 09:05:21.136434+00:00,,,47.629678000000006,18.313544,21,Shell,fuel,"{'amenity': 'fuel', 'brand': 'Shell', 'payment:cash': 'yes', 'payment:debit_cards': 'yes', 'fuel:diesel': 'yes', 'fuel:octane_95': 'yes'}",https://www.shell.hu,hushellfu,,,,,,
5323,5470,21,GYŐR IV 544,0,9024,Gyor,Királyszéki út,33,,POINT (47.649933 17.6267),KIRÁLYSZÉKI ÚT 33,,,3696700151.0,,True,,,,,,,,,,,,,,,,2018-06-16 09:05:21.136434+00:00,,,47.649933000000004,17.6267,21,Shell,fuel,"{'amenity': 'fuel', 'brand': 'Shell', 'payment:cash': 'yes', 'payment:debit_cards': 'yes', 'fuel:diesel': 'yes', 'fuel:octane_95': 'yes'}",https://www.shell.hu,hushellfu,,,,,,
5324,5471,21,TATA,1041,2890,Tata,Május 1 út,,,POINT (47.650587 18.315949),MÁJUS 1 ÚT,,,3634586475.0,,True,,,,,,,,,,,,,,,,2018-06-16 09:05:21.136434+00:00,,,47.650587,18.315949,21,Shell,fuel,"{'amenity': 'fuel', 'brand': 'Shell', 'payment:cash': 'yes', 'payment:debit_cards': 'yes', 'fuel:diesel': 'yes', 'fuel:octane_95': 'yes'}",https://www.shell.hu,hushellfu,,,,,,
5325,5472,21,M2/A A.,678,2120,Dunakeszi,2/a főút,,,POINT (47.654867 19.160153),2/A FŐÚT,,,303347630.0,,True,,,,,,,,,,,,,,,,2018-06-16 09:05:21.136434+00:00,,,47.654866999999996,19.160153,21,Shell,fuel,"{'amenity': 'fuel', 'brand': 'Shell', 'payment:cash': 'yes', 'payment:debit_cards': 'yes', 'fuel:diesel': 'yes', 'fuel:octane_95': 'yes'}",https://www.shell.hu,hushellfu,,,,,,
5326,5473,21,HAJDUBÖSZÖRMÉNY,0,4220,Hajduböszörmény,bánság tér,,,POINT (47.662361 21.505141),BÁNSÁG TÉR,,,3652372872.0,,False,06:00:00,06:00:00,06:00:00,06:00:00,06:00:00,06:00:00,06:00:00,22:00:00,22:00:00,22:00:00,22:00:00,22:00:00,22:00:00,22:00:00,,2018-06-16 09:05:21.136434+00:00,,,47.662361,21.505141000000002,21,Shell,fuel,"{'amenity': 'fuel', 'brand': 'Shell', 'payment:cash': 'yes', 'payment:debit_cards': 'yes', 'fuel:diesel': 'yes', 'fuel:octane_95': 'yes'}",https://www.shell.hu,hushellfu,,,,,,
5327,5474,21,HATVAN,1070,3000,Hatvan,Radnóti tér,20,,POINT (47.669143 19.67453),RADNÓTI TÉR 20,,,3637540171.0,,True,,,,,,,,,,,,,,,,2018-06-16 09:05:21.136434+00:00,,,47.669143,19.674529999999997,21,Shell,fuel,"{'amenity': 'fuel', 'brand': 'Shell', 'payment:cash': 'yes', 'payment:debit_cards': 'yes', 'fuel:diesel': 'yes', 'fuel:octane_95': 'yes'}",https://www.shell.hu,hushellfu,,,,,,
5328,5475,21,SOPRON II 550,4210,9400,Sopron,Ipar körút,32,,POINT (47.671131 16.612501),IPAR KRT. 32,,,3699702103.0,,False,06:00:00,06:00:00,06:00:00,06:00:00,06:00:00,06:00:00,06:00:00,22:00:00,22:00:00,22:00:00,22:00:00,22:00:00,22:00:00,22:00:00,,2018-06-16 09:05:21.136434+00:00,,,47.671131,16.612501,21,Shell,fuel,"{'amenity': 'fuel', 'brand': 'Shell', 'payment:cash': 'yes', 'payment:debit_cards': 'yes', 'fuel:diesel': 'yes', 'fuel:octane_95': 'yes'}",https://www.shell.hu,hushellfu,,,,,,
5329,5476,21,GYŐR II.,0,9023,Gyor,Szigethy attila út,,,POINT (47.677918 17.654911),SZIGETHY ATTILA ÚT,,,3696414122.0,,True,,,,,,,,,,,,,,,,2018-06-16 09:05:21.136434+00:00,,,47.677918,17.654911,21,Shell,fuel,"{'amenity': 'fuel', 'brand': 'Shell', 'payment:cash': 'yes', 'payment:debit_cards': 'yes', 'fuel:diesel': 'yes', 'fuel:octane_95': 'yes'}",https://www.shell.hu,hushellfu,,,,,,
5330,5477,21,HATVAN II 588,1070,3000,Hatvan,Bibó István út,1,,POINT (47.67803 19.667609),BIBÓ ISTVÁN ÚT 1,,,3637540086.0,,True,,,,,,,,,,,,,,,,2018-06-16 09:05:21.136434+00:00,,,47.67803,19.667609,21,Shell,fuel,"{'amenity': 'fuel', 'brand': 'Shell', 'payment:cash': 'yes', 'payment:debit_cards': 'yes', 'fuel:diesel': 'yes', 'fuel:octane_95': 'yes'}",https://www.shell.hu,hushellfu,,,,,,
5331,5478,21,GYŐR I.,0,9021,Gyor,Domb utca,2-4,,POINT (47.681143 17.628048),DOMB U. 2-4,,,309980394.0,,True,,,,,,,,,,,,,,,,2018-06-16 09:05:21.136434+00:00,,,47.681143,17.628048,21,Shell,fuel,"{'amenity': 'fuel', 'brand': 'Shell', 'payment:cash': 'yes', 'payment:debit_cards': 'yes', 'fuel:diesel': 'yes', 'fuel:octane_95': 'yes'}",https://www.shell.hu,hushellfu,,,,,,
5332,5479,21,GYŐR III.,0,9027,Gyor,Tompa utca,7,,POINT (47.691067 17.653086),TOMPA U. 7,,,3696313346.0,,True,,,,,,,,,,,,,,,,2018-06-16 09:05:21.136434+00:00,,,47.691067,17.653086,21,Shell,fuel,"{'amenity': 'fuel', 'brand': 'Shell', 'payment:cash': 'yes', 'payment:debit_cards': 'yes', 'fuel:diesel': 'yes', 'fuel:octane_95': 'yes'}",https://www.shell.hu,hushellfu,,,,,,
5333,5480,21,SOPRON,4210,9400,Sopron,Lackner K. utca,60,,POINT (47.69303 16.582047),LACKNER K. U. 60,,,3699505946.0,,True,,,,,,,,,,,,,,,,2018-06-16 09:05:21.136434+00:00,,,47.69303,16.582047,21,Shell,fuel,"{'amenity': 'fuel', 'brand': 'Shell', 'payment:cash': 'yes', 'payment:debit_cards': 'yes', 'fuel:diesel': 'yes', 'fuel:octane_95': 'yes'}",https://www.shell.hu,hushellfu,,,,,,
5334,5482,21,GYÖNGYÖS,1184,3200,Gyöngyös,Pesti utca,74,,POINT (47.766892 19.914348),PESTI U. 74,,,3637313133.0,,True,,,,,,,,,,,,,,,,2018-06-16 09:05:21.136434+00:00,,,47.766892,19.914348,21,Shell,fuel,"{'amenity': 'fuel', 'brand': 'Shell', 'payment:cash': 'yes', 'payment:debit_cards': 'yes', 'fuel:diesel': 'yes', 'fuel:octane_95': 'yes'}",https://www.shell.hu,hushellfu,,,,,,
5335,5483,21,GYÖNGYÖS II 566,1184,3200,Gyöngyös,Vásár utca,2,,POINT (47.769787 19.914194),VÁSÁR UTCA 2,,,3637705000.0,,False,06:00:00,06:00:00,06:00:00,06:00:00,06:00:00,06:00:00,06:00:00,22:00:00,22:00:00,22:00:00,22:00:00,22:00:00,22:00:00,22:00:00,,2018-06-16 09:05:21.136434+00:00,,,47.769787,19.914194000000002,21,Shell,fuel,"{'amenity': 'fuel', 'brand': 'Shell', 'payment:cash': 'yes', 'payment:debit_cards': 'yes', 'fuel:diesel': 'yes', 'fuel:octane_95': 'yes'}",https://www.shell.hu,hushellfu,,,,,,
5336,5484,21,ESZTERGOM 587,850,2500,Esztergom,Mátyás Király út,30,,POINT (47.780381 18.749511),MÁTYÁS KIRÁLY ÚT 30,,,3633319075.0,,False,06:00:00,06:00:00,06:00:00,06:00:00,06:00:00,06:00:00,06:00:00,22:00:00,22:00:00,22:00:00,22:00:00,22:00:00,22:00:00,22:00:00,,2018-06-16 09:05:21.136434+00:00,,,47.780381,18.749511,21,Shell,fuel,"{'amenity': 'fuel', 'brand': 'Shell', 'payment:cash': 'yes', 'payment:debit_cards': 'yes', 'fuel:diesel': 'yes', 'fuel:octane_95': 'yes'}",https://www.shell.hu,hushellfu,,,,,,
5337,5485,21,MEZŐKÖV. II 571,0,3400,Mezokövesd,Egri utca,51,,POINT (47.80921 20.550983),EGRI UTCA 51,,,3649706002.0,,False,06:00:00,06:00:00,06:00:00,06:00:00,06:00:00,06:00:00,06:00:00,22:00:00,22:00:00,22:00:00,22:00:00,22:00:00,22:00:00,22:00:00,,2018-06-16 09:05:21.136434+00:00,,,47.80921,20.550983,21,Shell,fuel,"{'amenity': 'fuel', 'brand': 'Shell', 'payment:cash': 'yes', 'payment:debit_cards': 'yes', 'fuel:diesel': 'yes', 'fuel:octane_95': 'yes'}",https://www.shell.hu,hushellfu,,,,,,
5338,5486,21,GELEJ M3 A.,1326,3444,Gelej,,,,POINT (47.841584 20.74396),KÜLTERÜLET,,,3649704230.0,,True,,,,,,,,,,,,,,,,2018-06-16 09:05:21.136434+00:00,,,47.841584000000005,20.74396,21,Shell,fuel,"{'amenity': 'fuel', 'brand': 'Shell', 'payment:cash': 'yes', 'payment:debit_cards': 'yes', 'fuel:diesel': 'yes', 'fuel:octane_95': 'yes'}",https://www.shell.hu,hushellfu,,,,,,
5339,5487,21,GELEJ M3 B,0,3444,Mezokeresztes,,,,POINT (47.843126 20.7428),KÜLTERÜLET,,,3649700571.0,,True,,,,,,,,,,,,,,,,2018-06-16 09:05:21.136434+00:00,,,47.843126,20.7428,21,Shell,fuel,"{'amenity': 'fuel', 'brand': 'Shell', 'payment:cash': 'yes', 'payment:debit_cards': 'yes', 'fuel:diesel': 'yes', 'fuel:octane_95': 'yes'}",https://www.shell.hu,hushellfu,,,,,,
5340,5488,21,MOSONMAGYARÓVÁR I.,4134,9200,Mosonmagyaróvár,,,,POINT (47.847712 17.281816),GABONARAKPART 10,,,3696566121.0,,True,,,,,,,,,,,,,,,,2018-06-16 09:05:21.136434+00:00,,,47.847712,17.281816,21,Shell,fuel,"{'amenity': 'fuel', 'brand': 'Shell', 'payment:cash': 'yes', 'payment:debit_cards': 'yes', 'fuel:diesel': 'yes', 'fuel:octane_95': 'yes'}",https://www.shell.hu,hushellfu,,,,,,
5341,5489,21,MOSONMAGYARÓVÁR II.,4134,9200,Mosonmagyaróvár,Szent István Király út,170,,POINT (47.85199799999999 17.281545),SZENT ISTVÁN KIRÁLY ÚT 170,,,3696579044.0,,True,,,,,,,,,,,,,,,,2018-06-16 09:05:21.136434+00:00,,,47.851997999999995,17.281545,21,Shell,fuel,"{'amenity': 'fuel', 'brand': 'Shell', 'payment:cash': 'yes', 'payment:debit_cards': 'yes', 'fuel:diesel': 'yes', 'fuel:octane_95': 'yes'}",https://www.shell.hu,hushellfu,,,,,,
5342,5490,21,EGER,1235,3300,Eger,Rákóczi út,95,,POINT (47.920703 20.36892),RÁKÓCZI ÚT 95,,,3636412676.0,,True,,,,,,,,,,,,,,,,2018-06-16 09:05:21.136434+00:00,,,47.920703,20.368920000000003,21,Shell,fuel,"{'amenity': 'fuel', 'brand': 'Shell', 'payment:cash': 'yes', 'payment:debit_cards': 'yes', 'fuel:diesel': 'yes', 'fuel:octane_95': 'yes'}",https://www.shell.hu,hushellfu,,,,,,
5343,5491,21,EGER II 568,1235,3300,Eger,Rákóczi út,100,,POINT (47.926204 20.369055),RÁKÓCZI ÚT 100,,,3636700602.0,,True,,,,,,,,,,,,,,,,2018-06-16 09:05:21.136434+00:00,,,47.926204,20.369055,21,Shell,fuel,"{'amenity': 'fuel', 'brand': 'Shell', 'payment:cash': 'yes', 'payment:debit_cards': 'yes', 'fuel:diesel': 'yes', 'fuel:octane_95': 'yes'}",https://www.shell.hu,hushellfu,,,,,,
5344,5492,21,TISZAÚJV II 548,1398,3580,Tiszaújváros,Örösi út,1/a,,POINT (47.930808 21.025064),ÖRÖSI ÚT 1/A,,,3649708004.0,,True,,,,,,,,,,,,,,,,2018-06-16 09:05:21.136434+00:00,,,47.930808,21.025064,21,Shell,fuel,"{'amenity': 'fuel', 'brand': 'Shell', 'payment:cash': 'yes', 'payment:debit_cards': 'yes', 'fuel:diesel': 'yes', 'fuel:octane_95': 'yes'}",https://www.shell.hu,hushellfu,,,,,,
5345,5493,21,MÁTÉSZALKA,2031,4700,Mátészalka,Alkotmány utca,1,,POINT (47.94738 22.32442),ALKOTMÁNY UTCA 1,,,3644500358.0,,True,,,,,,,,,,,,,,,,2018-06-16 09:05:21.136434+00:00,,,47.947379999999995,22.32442,21,Shell,fuel,"{'amenity': 'fuel', 'brand': 'Shell', 'payment:cash': 'yes', 'payment:debit_cards': 'yes', 'fuel:diesel': 'yes', 'fuel:octane_95': 'yes'}",https://www.shell.hu,hushellfu,,,,,,
5346,5494,21,NYÍREGYHÁZA I,0,4400,Nyiregyháza,Orosi út,22,,POINT (47.952446 21.742643),OROSI ÚT 22,,,3642451611.0,,True,,,,,,,,,,,,,,,,2018-06-16 09:05:21.136434+00:00,,,47.952446,21.742643,21,Shell,fuel,"{'amenity': 'fuel', 'brand': 'Shell', 'payment:cash': 'yes', 'payment:debit_cards': 'yes', 'fuel:diesel': 'yes', 'fuel:octane_95': 'yes'}",https://www.shell.hu,hushellfu,,,,,,
5347,5495,21,NYÍREGYHÁZA II.,1916,4400,Nyíregyháza,Mező utca,28-40,,POINT (47.95904 21.70413),MEZŐ U. 28-40,,,3642504182.0,,True,,,,,,,,,,,,,,,,2018-06-16 09:05:21.136434+00:00,,,47.95904,21.70413,21,Shell,fuel,"{'amenity': 'fuel', 'brand': 'Shell', 'payment:cash': 'yes', 'payment:debit_cards': 'yes', 'fuel:diesel': 'yes', 'fuel:octane_95': 'yes'}",https://www.shell.hu,hushellfu,,,,,,
5348,5496,21,NYÍREGYHÁZA IV.,1916,4400,Nyíregyháza,Korányi Frigyes utca,14,,POINT (47.96858 21.72449),KORÁNYI FRIGYES U. 14,,,3642595557.0,,True,,,,,,,,,,,,,,,,2018-06-16 09:05:21.136434+00:00,,,47.968579999999996,21.72449,21,Shell,fuel,"{'amenity': 'fuel', 'brand': 'Shell', 'payment:cash': 'yes', 'payment:debit_cards': 'yes', 'fuel:diesel': 'yes', 'fuel:octane_95': 'yes'}",https://www.shell.hu,hushellfu,,,,,,
5349,5497,21,NYÍREGYH. V 552,1916,4400,Nyíregyháza,Pazonyi út,36,,POINT (47.97024 21.737711),PAZONYI ÚT 36,,,3642727984.0,,True,,,,,,,,,,,,,,,,2018-06-16 09:05:21.136434+00:00,,,47.970240000000004,21.737710999999997,21,Shell,fuel,"{'amenity': 'fuel', 'brand': 'Shell', 'payment:cash': 'yes', 'payment:debit_cards': 'yes', 'fuel:diesel': 'yes', 'fuel:octane_95': 'yes'}",https://www.shell.hu,hushellfu,,,,,,
5350,5498,21,FEHÉRGYARMAT,2088,4900,Fehérgyarmat,Mártírok út,38,,POINT (47.98125 22.50327),MÁRTÍROK ÚTJA 38,,,3644510110.0,,True,,,,,,,,,,,,,,,,2018-06-16 09:05:21.136434+00:00,,,47.98125,22.50327,21,Shell,fuel,"{'amenity': 'fuel', 'brand': 'Shell', 'payment:cash': 'yes', 'payment:debit_cards': 'yes', 'fuel:diesel': 'yes', 'fuel:octane_95': 'yes'}",https://www.shell.hu,hushellfu,,,,,,
5351,5499,21,SALGÓTARJÁN,1128,3100,Salgótarján,Fürdő utca,1,,POINT (48.103925 19.803084),FÜRDŐ U. 1,,,3632420450.0,,True,,,,,,,,,,,,,,,,2018-06-16 09:05:21.136434+00:00,,,48.103925,19.803084,21,Shell,fuel,"{'amenity': 'fuel', 'brand': 'Shell', 'payment:cash': 'yes', 'payment:debit_cards': 'yes', 'fuel:diesel': 'yes', 'fuel:octane_95': 'yes'}",https://www.shell.hu,hushellfu,,,,,,
5352,5500,21,MISKOLC II.,1360,3525,Miskolc,vologda út,,,POINT (48.106339 20.76923),VOLOGDA ÚT,,,3646428051.0,,True,,,,,,,,,,,,,,,,2018-06-16 09:05:21.136434+00:00,,,48.106339,20.76923,21,Shell,fuel,"{'amenity': 'fuel', 'brand': 'Shell', 'payment:cash': 'yes', 'payment:debit_cards': 'yes', 'fuel:diesel': 'yes', 'fuel:octane_95': 'yes'}",https://www.shell.hu,hushellfu,,,,,,
5353,5501,21,MISKOLC I.,1362,3527,Miskolc,József A. út,76,,POINT (48.106668 20.820742),JÓZSEF A. ÚT 76,,,303361585.0,,True,,,,,,,,,,,,,,,,2018-06-16 09:05:21.136434+00:00,,,48.106668,20.820742000000003,21,Shell,fuel,"{'amenity': 'fuel', 'brand': 'Shell', 'payment:cash': 'yes', 'payment:debit_cards': 'yes', 'fuel:diesel': 'yes', 'fuel:octane_95': 'yes'}",https://www.shell.hu,hushellfu,,,,,,
5354,5502,21,MISKOLC IV.,1362,3527,Miskolc,3. Sz. Főút felső,,,POINT (48.107907 20.843693),3. SZ. FŐÚT  FELSŐZSOLCAI KÖRFORG,,,3646504150.0,,True,,,,,,,,,,,,,,,,2018-06-16 09:05:21.136434+00:00,,,48.107907,20.843693,21,Shell,fuel,"{'amenity': 'fuel', 'brand': 'Shell', 'payment:cash': 'yes', 'payment:debit_cards': 'yes', 'fuel:diesel': 'yes', 'fuel:octane_95': 'yes'}",https://www.shell.hu,hushellfu,,,,,,
5355,5503,21,RAKAMAZ,1945,4465,Rakamaz,tokaji út,,,POINT (48.12657 21.45365),TOKAJI ÚT,,,3642371196.0,,True,,,,,,,,,,,,,,,,2018-06-16 09:05:21.136434+00:00,,,48.12657,21.45365,21,Shell,fuel,"{'amenity': 'fuel', 'brand': 'Shell', 'payment:cash': 'yes', 'payment:debit_cards': 'yes', 'fuel:diesel': 'yes', 'fuel:octane_95': 'yes'}",https://www.shell.hu,hushellfu,,,,,,
5356,5504,21,MISKOLC III.,1361,3526,Miskolc,szentpéteri kapu,,,POINT (48.128167 20.783228),SZENTPÉTERI KAPU,,,3646428058.0,,True,,,,,,,,,,,,,,,,2018-06-16 09:05:21.136434+00:00,,,48.128167,20.783228,21,Shell,fuel,"{'amenity': 'fuel', 'brand': 'Shell', 'payment:cash': 'yes', 'payment:debit_cards': 'yes', 'fuel:diesel': 'yes', 'fuel:octane_95': 'yes'}",https://www.shell.hu,hushellfu,,,,,,
5357,5505,21,ÓZD,1414,3600,Ózd,Vas köz,1-2,,POINT (48.219586 20.287582),VAS KÖZ 1-2,,,3648470611.0,,True,,,,,,,,,,,,,,,,2018-06-16 09:05:21.136434+00:00,,,48.219586,20.287582,21,Shell,fuel,"{'amenity': 'fuel', 'brand': 'Shell', 'payment:cash': 'yes', 'payment:debit_cards': 'yes', 'fuel:diesel': 'yes', 'fuel:octane_95': 'yes'}",https://www.shell.hu,hushellfu,,,,,,
5358,5506,21,ÓZD II 570,1414,3600,Ózd,Brassói út,3,,POINT (48.223646 20.276168),BRASSÓI ÚT 3,,,3648569385.0,,False,06:00:00,06:00:00,06:00:00,06:00:00,06:00:00,06:00:00,06:00:00,22:00:00,22:00:00,22:00:00,22:00:00,22:00:00,22:00:00,22:00:00,,2018-06-16 09:05:21.136434+00:00,,,48.223646,20.276168,21,Shell,fuel,"{'amenity': 'fuel', 'brand': 'Shell', 'payment:cash': 'yes', 'payment:debit_cards': 'yes', 'fuel:diesel': 'yes', 'fuel:octane_95': 'yes'}",https://www.shell.hu,hushellfu,,,,,,
5359,5507,21,KISVÁRDA,2008,4600,Kisvárda,Csillag utca,46,,POINT (48.226598 22.08444),CSILLAG U. 46,,,3645500235.0,,True,,,,,,,,,,,,,,,,2018-06-16 09:05:21.136434+00:00,,,48.226597999999996,22.08444,21,Shell,fuel,"{'amenity': 'fuel', 'brand': 'Shell', 'payment:cash': 'yes', 'payment:debit_cards': 'yes', 'fuel:diesel': 'yes', 'fuel:octane_95': 'yes'}",https://www.shell.hu,hushellfu,,,,,,
5360,5508,21,KISVÁRDA II 554,2008,4600,Kisvárda,Városmajor út,72,,POINT (48.231589 22.065205),VÁROSMAJOR ÚT 72,,,3645700600.0,,True,,,,,,,,,,,,,,,,2018-06-16 09:05:21.136434+00:00,,,48.231589,22.065205,21,Shell,fuel,"{'amenity': 'fuel', 'brand': 'Shell', 'payment:cash': 'yes', 'payment:debit_cards': 'yes', 'fuel:diesel': 'yes', 'fuel:octane_95': 'yes'}",https://www.shell.hu,hushellfu,,,,,,
5361,5509,21,KAZINCBARCIKA,1457,3700,Kazincbarcika,Jószerencsét út,16,,POINT (48.25218 20.63089),JÓSZERENCSÉT ÚT 16,,,3648512400.0,,True,,,,,,,,,,,,,,,,2018-06-16 09:05:21.136434+00:00,,,48.252179999999996,20.63089,21,Shell,fuel,"{'amenity': 'fuel', 'brand': 'Shell', 'payment:cash': 'yes', 'payment:debit_cards': 'yes', 'fuel:diesel': 'yes', 'fuel:octane_95': 'yes'}",https://www.shell.hu,hushellfu,,,,,,
5362,5510,21,KAZINCBAR II 584,1457,3700,Kazincbarcika,Attila utca,10/a,,POINT (48.259628 20.617246),ATTILA UTCA 10/A,,,3648704031.0,,False,06:00:00,06:00:00,06:00:00,06:00:00,06:00:00,06:00:00,06:00:00,22:00:00,22:00:00,22:00:00,22:00:00,22:00:00,22:00:00,22:00:00,,2018-06-16 09:05:21.136434+00:00,,,48.259628,20.617245999999998,21,Shell,fuel,"{'amenity': 'fuel', 'brand': 'Shell', 'payment:cash': 'yes', 'payment:debit_cards': 'yes', 'fuel:diesel': 'yes', 'fuel:octane_95': 'yes'}",https://www.shell.hu,hushellfu,,,,,,
